user_id,date_id,source_id,first_lesson_started,mrr_value,spend_amount
1,7,1,1,60.42531042632335,30.212655213161675
2,35,2,1,28.066628904652365,11.226651561860947
3,55,3,1,32.4160932066275,9.72482796198825
4,14,3,0,67.2031879887785,20.160956396633548
5,10,3,0,54.97012470169011,16.491037410507033
6,80,2,1,58.00101276856343,23.20040510742537
7,16,2,1,35.5596945183807,14.223877807352281
8,54,3,0,35.28519202506622,10.585557607519867
9,89,1,1,64.86887987288132,32.43443993644066
10,77,2,0,65.57566482147723,26.230265928590896
11,70,1,1,33.67520769456419,16.837603847282097
12,44,4,1,30.809442562207323,30.809442562207323
13,73,4,1,48.37110543931334,48.37110543931334
14,45,1,1,38.009773199359906,19.004886599679953
15,56,3,1,37.69734681430962,11.309204044292885
16,84,4,0,31.22932630358911,31.22932630358911
17,82,1,1,42.9734922757945,21.48674613789725
18,57,2,1,32.679578860507014,13.071831544202807
19,21,4,1,33.56898645486145,33.56898645486145
20,68,1,1,54.47587769849457,27.237938849247286
21,50,2,0,49.17202648568935,19.66881059427574
22,33,1,1,57.27318022298198,28.63659011149099
23,7,4,1,25.264498469760404,25.264498469760404
24,70,4,1,50.148209147446444,50.148209147446444
25,15,4,1,81.13456313248757,81.13456313248757
26,82,2,1,44.41591273571601,17.766365094286407
27,32,3,1,62.37123509858447,18.71137052957534
28,75,3,0,62.240102731616346,18.672030819484903
29,20,1,1,62.977979120019135,31.488989560009568
30,88,3,1,52.49992530585984,15.74997759175795
31,15,1,1,58.491289741163214,29.245644870581607
32,48,2,1,60.48520430019508,24.19408172007803
33,71,1,1,59.531690424715364,29.765845212357682
34,21,1,0,33.23872739729906,16.61936369864953
35,42,1,1,24.389232761840198,12.194616380920099
36,26,2,1,26.696246848777893,10.678498739511157
37,14,1,1,45.94760011426005,22.973800057130024
38,57,3,1,58.90890101633967,17.6726703049019
39,37,1,1,33.433830837326234,16.716915418663117
40,58,1,1,63.85955687876606,31.92977843938303
41,21,2,0,42.465872382381704,16.98634895295268
42,82,3,1,42.60867183208882,12.782601549626644
43,69,1,1,37.458395061805994,18.729197530902997
44,3,2,0,21.728204614755896,8.691281845902358
45,87,3,0,53.439711926519706,16.031913577955912
46,90,2,1,75.69001569257854,30.276006277031417
47,37,1,1,49.06003214701155,24.530016073505774
48,88,1,1,22.24052537457722,11.12026268728861
49,49,3,0,61.70514217424669,18.511542652274006
50,19,1,1,25.628030148455164,12.814015074227582
51,89,3,1,31.864484045162218,9.559345213548665
52,85,2,1,46.42492741529644,18.569970966118575
53,12,4,1,51.842651578102966,51.842651578102966
54,61,3,1,34.87003998249758,10.461011994749274
55,41,4,1,45.840259151510296,45.840259151510296
56,33,1,1,60.72743601141027,30.363718005705135
57,50,3,1,62.78268327212027,18.834804981636083
58,68,2,1,68.77184632721396,27.508738530885587
59,71,2,1,78.6412797844024,31.456511913760963
60,86,2,1,62.148339824916754,24.859335929966704
61,33,3,0,46.7489522839364,14.024685685180918
62,81,4,0,62.889706866844584,62.889706866844584
63,24,3,0,57.00074351007773,17.10022305302332
64,61,2,1,57.595504662893816,23.03820186515753
65,61,2,1,52.658281776075285,21.063312710430115
66,28,3,0,36.319188467691404,10.89575654030742
67,58,1,1,34.578553882671045,17.289276941335523
68,43,1,1,48.54322698387286,24.27161349193643
69,41,1,1,52.23365113769558,26.11682556884779
70,39,1,1,39.808386156024305,19.904193078012153
71,86,1,1,56.35012922912863,28.175064614564317
72,49,1,0,81.21148856058784,40.60574428029392
73,17,1,1,23.835039210826135,11.917519605413068
74,70,1,1,58.73366716345641,29.366833581728205
75,70,4,1,49.010380686637845,49.010380686637845
76,65,2,1,56.75983333001982,22.70393333200793
77,74,1,1,43.539279493095634,21.769639746547817
78,85,2,0,47.809101724292496,19.123640689717
79,5,1,0,51.942506765121486,25.971253382560743
80,2,4,1,45.47549174697109,45.47549174697109
81,22,3,1,27.191880239451518,8.157564071835456
82,57,1,0,46.4912745403332,23.2456372701666
83,66,2,1,28.75349557705709,11.501398230822836
84,74,3,1,59.797896658704644,17.939368997611393
85,16,4,1,22.016823483828166,22.016823483828166
86,51,2,1,65.42981569183834,26.171926276735338
87,39,2,1,56.44344500305219,22.57737800122088
88,86,1,1,56.50082923600842,28.25041461800421
89,76,4,0,17.535351982282407,17.535351982282407
90,88,1,1,45.071008428626655,22.535504214313328
91,40,4,1,67.3034514298979,67.3034514298979
92,38,2,1,42.22088031454558,16.888352125818233
93,60,2,1,33.82906775054429,13.531627100217717
94,59,2,1,40.449948574914316,16.179979429965726
95,10,1,1,48.97583566040993,24.487917830204964
96,64,1,1,37.22944324530783,18.614721622653914
97,63,1,1,68.5072584813394,34.2536292406697
98,49,1,0,49.029987050144115,24.514993525072057
99,64,3,1,41.666459780781075,12.499937934234323
100,32,1,1,30.479847097466312,15.239923548733156
101,7,1,0,57.26669907918407,28.633349539592036
102,21,4,1,56.92499442067045,56.92499442067045
103,20,3,1,38.11686640722962,11.435059922168886
104,26,4,1,16.45506457528782,16.45506457528782
105,68,4,1,56.161432843638266,56.161432843638266
106,86,1,1,47.19794913108497,23.598974565542484
107,15,1,1,55.041067518885036,27.520533759442518
108,85,3,1,79.35761800459457,23.80728540137837
109,79,2,0,49.5975223443641,19.839008937745643
110,86,1,1,42.29242074735842,21.14621037367921
111,14,3,1,32.7901704852749,9.83705114558247
112,27,1,1,45.31367312757426,22.65683656378713
113,40,1,1,52.40866024423462,26.20433012211731
114,58,2,1,50.799611308981405,20.319844523592565
115,28,2,0,75.85198010100655,30.34079204040262
116,26,2,1,57.48628348198914,22.994513392795657
117,63,1,1,47.977986927391854,23.988993463695927
118,66,3,1,39.40159131749791,11.820477395249373
119,25,1,0,54.00009145674981,27.000045728374904
120,3,1,0,36.39487762426011,18.197438812130056
121,72,3,1,52.6974661930686,15.809239857920579
122,44,4,1,57.31120890357265,57.31120890357265
123,42,3,1,46.753216658428286,14.025964997528485
124,6,3,1,40.54570333902287,12.163711001706861
125,39,2,1,17.220547289976412,6.888218915990565
126,52,2,1,67.15755089630586,26.86302035852235
127,23,1,1,56.04950585367922,28.02475292683961
128,89,2,1,56.41425922377174,22.565703689508695
129,50,1,0,26.579714963340503,13.289857481670252
130,43,1,1,70.69758049610085,35.34879024805043
131,19,3,0,43.021747000728794,12.906524100218638
132,69,2,1,45.66807045950771,18.267228183803084
133,51,1,1,33.96069716871762,16.98034858435881
134,11,1,0,23.195814029902277,11.597907014951138
135,12,2,1,67.3601946758535,26.944077870341403
136,74,1,1,69.29896054096436,34.64948027048218
137,8,3,1,47.51707772970009,14.255123318910027
138,24,2,1,39.80923145290475,15.9236925811619
139,41,2,0,44.344337462986125,17.73773498519445
140,36,2,1,44.75577514946676,17.902310059786704
141,85,3,1,32.00210416730602,9.600631250191807
142,72,1,1,45.6161717683424,22.8080858841712
143,55,2,1,52.29652989401488,20.918611957605954
144,9,2,1,65.27235871473128,26.108943485892514
145,47,1,1,50.21366246020568,25.10683123010284
146,15,3,1,26.354724366508464,7.9064173099525386
147,48,3,1,55.30321794798015,16.590965384394046
148,82,2,1,46.1610415749537,18.464416629981482
149,42,3,1,70.55614540975799,21.166843622927395
150,60,3,1,71.44186703066012,21.432560109198036
151,84,3,1,71.96681468400949,21.590044405202846
152,70,3,1,41.57618096940081,12.472854290820242
153,12,2,1,79.84782610006336,31.939130440025345
154,2,2,0,55.264137573435605,22.105655029374244
155,7,2,1,74.39570608502949,29.758282434011797
156,80,3,0,42.460705792523605,12.738211737757082
157,3,1,1,45.5210489358556,22.7605244679278
158,3,3,1,54.11041029008128,16.233123087024385
159,27,3,0,52.27816414420909,15.683449243262727
160,40,1,0,68.82217915203755,34.411089576018774
161,33,3,0,46.51806022177318,13.955418066531955
162,1,1,1,67.46922485465535,33.734612427327676
163,8,1,1,60.9835176069898,30.4917588034949
164,32,3,1,46.79911672089277,14.03973501626783
165,48,1,1,59.8201492622347,29.91007463111735
166,4,3,1,42.90102429750427,12.870307289251281
167,70,3,1,85.25308700008583,25.575926100025747
168,19,2,1,10.035015183883296,4.014006073553318
169,32,1,1,60.09414806742559,30.047074033712796
170,9,1,1,23.531061360844294,11.765530680422147
171,12,2,1,46.61514945172897,18.646059780691587
172,11,4,1,48.715878657931306,48.715878657931306
173,46,2,1,72.61450338370526,29.045801353482105
174,16,1,1,39.617716818846645,19.808858409423323
175,1,2,1,69.62017873492667,27.848071493970668
176,63,2,1,32.31775039662805,12.927100158651221
177,21,3,1,70.20004585632299,21.060013756896897
178,30,1,1,42.884818371447906,21.442409185723953
179,13,3,1,51.10151778861678,15.330455336585034
180,34,2,1,44.95432005334394,17.981728021337577
181,4,4,0,69.23545211173406,69.23545211173406
182,28,1,1,66.31609764850622,33.15804882425311
183,59,2,1,56.65252580876787,22.66101032350715
184,27,4,1,32.721974231198395,32.721974231198395
185,69,1,0,39.27467197954636,19.63733598977318
186,25,4,0,34.57135211740812,34.57135211740812
187,3,2,1,16.27785669811755,6.51114267924702
188,68,1,1,68.9197715277507,34.45988576387535
189,25,1,1,45.08264710485955,22.541323552429773
190,20,3,1,44.92259053561554,13.476777160684662
191,34,1,1,72.4415335013834,36.2207667506917
192,26,2,1,42.860170964204485,17.144068385681795
193,5,1,1,37.392935964711036,18.696467982355518
194,61,2,1,46.62881569227523,18.651526276910094
195,9,1,1,33.00996422184656,16.50498211092328
196,50,3,0,55.16533653931934,16.5496009617958
197,6,4,1,44.395068826037445,44.395068826037445
198,83,4,1,42.390928841092816,42.390928841092816
199,60,3,1,41.091452419695464,12.32743572590864
200,44,1,1,48.40667759236983,24.203338796184916
201,11,3,0,51.25221688279776,15.375665064839328
202,66,1,0,42.20037367388717,21.100186836943585
203,47,1,1,44.6185109585728,22.3092554792864
204,73,1,0,48.77715759770977,24.388578798854883
205,85,2,1,47.26372796690692,18.90549118676277
206,88,3,1,50.466139503125206,15.139841850937561
207,86,2,0,39.84993795127979,15.939975180511917
208,3,2,1,65.06889363689736,26.027557454758945
209,76,1,1,51.452422661142755,25.726211330571378
210,30,4,1,42.44229870762684,42.44229870762684
211,90,2,1,55.16576326067802,22.06630530427121
212,21,2,1,48.884471017719285,19.553788407087715
213,28,1,0,23.99260468274498,11.99630234137249
214,90,3,1,55.11429035332439,16.53428710599732
215,62,2,1,34.707406964237194,13.882962785694879
216,33,1,1,64.01641674846961,32.008208374234805
217,85,1,1,46.37375541659829,23.186877708299146
218,35,2,1,61.70105446086596,24.680421784346386
219,52,2,1,40.546721702035896,16.21868868081436
220,34,1,1,51.048939007109595,25.524469503554798
221,41,4,1,68.15365250760314,68.15365250760314
222,51,1,1,45.96475180377766,22.98237590188883
223,47,2,1,41.13774351896293,16.45509740758517
224,82,4,1,59.82560920672684,59.82560920672684
225,58,2,0,59.53492395126441,23.813969580505766
226,75,2,1,41.76876299877772,16.707505199511086
227,57,1,1,20.218084693733566,10.109042346866783
228,23,1,1,40.84965533752466,20.42482766876233
229,48,4,1,60.16039282529633,60.16039282529633
230,22,2,1,38.374487158644136,15.349794863457655
231,17,3,1,49.83593244475707,14.95077973342712
232,69,1,1,40.13772593050484,20.06886296525242
233,11,1,1,21.017492562109254,10.508746281054627
234,15,1,0,39.867782344401085,19.933891172200543
235,35,2,1,60.096980310345685,24.038792124138276
236,33,1,1,14.446212799012816,7.223106399506408
237,84,3,0,53.78251025713364,16.13475307714009
238,16,2,1,32.2089615290088,12.883584611603522
239,34,4,1,59.126631042112884,59.126631042112884
240,66,1,1,60.714784038104796,30.357392019052398
241,40,3,0,47.42078097633086,14.226234292899258
242,28,3,1,47.45497761828167,14.2364932854845
243,47,3,1,37.90455954295548,11.371367862886645
244,39,3,1,29.81624899842551,8.944874699527652
245,70,3,1,75.47139359500599,22.641418078501797
246,73,2,1,37.02392859243308,14.809571436973233
247,20,1,0,73.51694196794708,36.75847098397354
248,1,1,1,37.10749940299735,18.553749701498674
249,72,4,1,57.877855855065924,57.877855855065924
250,87,2,1,32.93289260519548,13.173157042078191
251,63,3,1,57.85092525353023,17.355277576059066
252,67,2,1,45.11618964270317,18.04647585708127
253,4,1,1,45.31225758986494,22.65612879493247
254,58,1,1,59.15034754676676,29.57517377338338
255,25,2,1,42.96287952381353,17.18515180952541
256,47,2,1,28.577772568323535,11.431109027329414
257,38,1,1,61.41958345114179,30.709791725570895
258,15,2,1,32.81149115026508,13.124596460106032
259,63,1,1,57.747759265968654,28.873879632984327
260,21,2,1,64.594948179995,25.837979271998
261,57,1,1,44.36759170471674,22.18379585235837
262,53,3,0,67.73529266137676,20.320587798413026
263,46,1,1,57.22675561791926,28.61337780895963
264,14,2,1,39.56207869782837,15.824831479131348
265,76,1,1,71.02143503399112,35.51071751699556
266,17,1,1,32.87492267390915,16.437461336954573
267,39,1,1,44.34949355144652,22.17474677572326
268,9,2,1,46.90527794571007,18.762111178284027
269,77,2,1,59.07835551527383,23.631342206109533
270,79,1,1,66.73149946071702,33.36574973035851
271,82,2,1,65.79187335354071,26.316749341416283
272,6,3,1,53.356224793614594,16.006867438084377
273,23,3,0,45.7959634330465,13.738789029913951
274,59,1,1,22.610236375585547,11.305118187792774
275,46,2,1,30.287812183171752,12.115124873268702
276,38,1,1,76.49983233937154,38.24991616968577
277,14,1,0,22.45892018746191,11.229460093730955
278,72,4,1,38.23264035136835,38.23264035136835
279,62,1,0,67.16909423075134,33.58454711537567
280,35,2,1,53.145699487960506,21.258279795184205
281,19,2,1,63.92067606508538,25.568270426034154
282,30,3,1,58.14242526906015,17.442727580718042
283,78,2,1,72.04373806041329,28.817495224165317
284,84,1,1,54.43140929847327,27.215704649236635
285,25,1,1,59.95171593727267,29.975857968636333
286,40,2,1,39.1363020191249,15.65452080764996
287,88,1,1,58.794994633672054,29.397497316836027
288,14,1,0,44.05810853016157,22.029054265080784
289,26,1,1,43.20341198028931,21.601705990144655
290,87,1,1,63.420852719707064,31.710426359853532
291,22,1,1,63.52435064089046,31.76217532044523
292,48,1,0,75.32663233619198,37.66331616809599
293,83,2,1,74.34894778229301,29.739579112917205
294,51,2,1,63.75972742038163,25.503890968152653
295,3,3,1,24.193315846449313,7.257994753934794
296,42,1,0,77.41521474424545,38.70760737212272
297,19,1,1,63.769515059995435,31.884757529997717
298,73,1,0,38.51209864870546,19.25604932435273
299,28,2,1,60.93363733344173,24.373454933376692
300,84,3,1,34.44101388555907,10.332304165667722
301,45,1,1,59.279451801646125,29.639725900823063
302,71,4,1,30.25594938388851,30.25594938388851
303,78,1,1,37.87672386820045,18.938361934100225
304,63,2,1,60.6489369380079,24.259574775203163
305,73,3,1,66.0933011448934,19.82799034346802
306,19,3,1,54.881552891507155,16.464465867452144
307,47,3,1,45.70747044968044,13.712241134904133
308,14,3,1,18.277005574745143,5.483101672423543
309,38,1,0,46.86468350522961,23.432341752614803
310,53,3,1,58.00227615236792,17.400682845710374
311,61,1,0,45.24852341096529,22.624261705482645
312,36,3,1,49.66133088358373,14.898399265075119
313,40,2,1,47.215737981231186,18.886295192492476
314,81,3,1,45.17440673267849,13.552322019803547
315,30,2,1,51.13816084939719,20.455264339758877
316,9,2,1,45.909581267713094,18.363832507085238
317,64,2,1,71.64934330447913,28.659737321791653
318,33,3,1,16.90371727424401,5.071115182273203
319,52,1,1,41.81236121043384,20.90618060521692
320,89,1,0,36.94615664724162,18.47307832362081
321,14,1,1,53.28665900051615,26.643329500258076
322,75,1,1,51.1571717882469,25.57858589412345
323,53,3,1,74.33289652324143,22.29986895697243
324,59,1,1,79.26713072446692,39.63356536223346
325,78,4,1,38.40374816644278,38.40374816644278
326,41,1,0,50.00750097550444,25.00375048775222
327,68,1,1,52.94456625386533,26.472283126932666
328,68,3,1,38.03279377493996,11.409838132481989
329,8,2,1,59.42573054056434,23.770292216225737
330,2,2,1,46.407389468525835,18.562955787410335
331,86,2,1,33.98547724098533,13.594190896394133
332,41,3,0,45.806475436001854,13.741942630800557
333,55,1,1,35.03488140889027,17.517440704445136
334,16,4,1,65.54970244128883,65.54970244128883
335,62,4,0,78.52338882670506,78.52338882670506
336,48,2,1,53.672290608418095,21.46891624336724
337,30,1,1,51.66915152079913,25.834575760399566
338,12,2,1,52.28652150311279,20.914608601245117
339,35,1,1,67.73351043407473,33.866755217037365
340,11,1,0,67.41048505395774,33.70524252697887
341,64,1,1,48.265196471776534,24.132598235888267
342,50,2,0,53.78884891068637,21.515539564274548
343,85,3,1,59.78969610765618,17.93690883229685
344,21,3,0,32.93468815173899,9.880406445521697
345,69,3,1,68.18912356130684,20.45673706839205
346,48,2,1,76.02247836840841,30.40899134736337
347,20,1,1,67.47548157259186,33.73774078629593
348,67,1,1,31.316091325781674,15.658045662890837
349,44,4,1,20.449993168716887,20.449993168716887
350,33,1,1,60.63078010276897,30.315390051384487
351,73,3,1,38.5971582655687,11.57914747967061
352,61,2,1,54.30700031184479,21.722800124737915
353,9,2,1,73.02723080011323,29.210892320045293
354,68,3,1,40.14567235402385,12.043701706207155
355,35,2,1,44.3366801538656,17.73467206154624
356,81,3,1,54.15084458882474,16.245253376647423
357,88,4,1,30.537355400266545,30.537355400266545
358,65,2,1,38.63215705991186,15.452862823964745
359,8,1,0,50.37286255626904,25.18643127813452
360,45,2,0,45.49317696773373,18.197270787093494
361,87,4,1,59.12611630698839,59.12611630698839
362,47,1,1,91.48969421658902,45.74484710829451
363,40,2,0,51.48707509127187,20.59483003650875
364,76,2,1,37.37432080942986,14.949728323771945
365,54,3,1,71.27360532136346,21.382081596409037
366,76,1,1,26.167722870196684,13.083861435098342
367,46,3,1,29.16637743456339,8.749913230369017
368,47,4,0,41.073448420284144,41.073448420284144
369,15,1,1,45.756699192205616,22.878349596102808
370,19,1,1,40.71390895224187,20.356954476120936
371,26,4,1,49.52731513365465,49.52731513365465
372,52,1,1,54.12112854119518,27.06056427059759
373,22,3,1,66.03439302912707,19.81031790873812
374,21,2,1,51.36782410765673,20.547129643062693
375,51,1,1,41.57080628457348,20.78540314228674
376,38,3,1,65.21968079659118,19.565904238977353
377,20,2,1,37.73426786404804,15.093707145619218
378,29,2,1,25.510958814690152,10.204383525876061
379,51,1,0,68.08934026856814,34.04467013428407
380,4,2,0,67.12779867216457,26.851119468865832
381,55,1,1,38.11552411693841,19.057762058469205
382,71,1,1,44.013517192686116,22.006758596343058
383,28,4,1,36.246086820051055,36.246086820051055
384,4,1,1,54.89936326347701,27.449681631738503
385,22,2,1,75.98073937052122,30.39229574820849
386,76,1,1,60.54322697892683,30.271613489463416
387,45,3,1,65.53586963874548,19.660760891623642
388,67,1,1,62.295924975365175,31.147962487682587
389,86,4,0,49.998212771613595,49.998212771613595
390,66,2,1,66.25010656866974,26.500042627467895
391,88,1,1,61.175458443691994,30.587729221845997
392,34,1,1,71.59168572729703,35.79584286364852
393,55,1,1,43.106765882573654,21.553382941286827
394,1,2,1,23.9283254068192,9.571330162727682
395,72,1,1,65.67876522309616,32.83938261154808
396,87,3,0,55.246542809090876,16.573962842727262
397,38,2,1,45.559308495181455,18.223723398072583
398,6,1,1,46.39770781538763,23.198853907693817
399,86,2,0,88.32029488853173,35.328117955412694
400,25,3,0,40.367080211985936,12.11012406359578
401,82,1,1,37.200450397605,18.6002251988025
402,17,1,0,51.279263502400276,25.639631751200138
403,61,1,1,67.70736316959442,33.85368158479721
404,12,3,1,84.17602979793841,25.252808939381524
405,6,2,1,59.86047445084357,23.944189780337428
406,90,2,1,30.94386884030855,12.377547536123421
407,27,3,1,79.56296406076699,23.868889218230095
408,8,3,1,49.707969513843544,14.912390854153063
409,83,2,0,37.434358521575454,14.973743408630183
410,65,3,1,33.80911314350969,10.142733943052907
411,57,1,1,62.54493079003184,31.27246539501592
412,40,1,1,53.582440792796206,26.791220396398103
413,14,1,1,55.17613065418776,27.58806532709388
414,35,1,1,69.29754678607897,34.648773393039484
415,48,2,0,37.96768112735534,15.187072450942138
416,84,4,0,70.49231942410472,70.49231942410472
417,56,1,1,42.21264015809464,21.10632007904732
418,49,1,1,82.46011060868534,41.23005530434267
419,13,2,0,58.981085239897105,23.592434095958843
420,61,4,1,36.19642205335434,36.19642205335434
421,49,1,1,19.61872875019281,9.809364375096404
422,46,2,1,62.13387083418517,24.85354833367407
423,62,1,1,44.38729586014725,22.193647930073624
424,8,1,0,47.66651458217247,23.833257291086234
425,43,4,1,61.492940137611605,61.492940137611605
426,20,4,1,65.15620739375983,65.15620739375983
427,90,1,1,68.35565511003936,34.17782755501968
428,39,4,1,32.37738037425595,32.37738037425595
429,85,2,0,71.38842124436883,28.555368497747533
430,49,3,1,41.31431995747776,12.394295987243327
431,64,2,1,16.156250978776598,6.462500391510639
432,62,2,1,32.32339479709931,12.929357918839726
433,54,2,1,53.27037638198848,21.308150552795393
434,9,2,1,35.31778630878291,14.127114523513164
435,88,1,1,48.67933296235934,24.33966648117967
436,37,1,1,55.073787312937675,27.536893656468838
437,49,1,1,47.27921895336071,23.639609476680356
438,41,3,1,42.584684932149244,12.775405479644773
439,17,1,1,31.239559055176606,15.619779527588303
440,88,2,1,50.32915712322998,20.131662849291995
441,21,4,0,19.02563918622897,19.02563918622897
442,51,1,1,39.71002937420868,19.85501468710434
443,59,2,1,36.08323836408859,14.433295345635436
444,39,2,1,46.409347227366275,18.56373889094651
445,55,3,1,46.80005301036096,14.040015903108289
446,41,1,1,64.39935011650618,32.19967505825309
447,39,2,1,73.75215915874399,29.500863663497597
448,13,3,1,33.23331739644545,9.969995218933635
449,64,4,1,79.89248937905045,79.89248937905045
450,11,2,1,38.31056600717852,15.32422640287141
451,19,2,1,52.587901743846345,21.03516069753854
452,11,2,1,57.662944837224764,23.065177934889906
453,77,3,1,86.66874128873759,26.000622386621277
454,46,2,1,41.86576493356004,16.746305973424015
455,45,1,1,23.0489298053292,11.5244649026646
456,1,4,1,72.35569205289472,72.35569205289472
457,40,2,1,37.49939661806848,14.999758647227393
458,19,2,1,44.57617129136611,17.830468516546443
459,76,1,0,33.23375519110737,16.616877595553685
460,72,2,1,44.619443404266214,17.847777361706488
461,72,1,1,37.394126956918385,18.697063478459192
462,61,2,1,60.14662724742157,24.05865089896863
463,12,1,0,51.21187444582969,25.605937222914847
464,61,2,1,39.78417259077982,15.913669036311928
465,33,4,1,64.93807964988392,64.93807964988392
466,45,1,0,53.82495126011898,26.91247563005949
467,90,4,1,22.30927624333917,22.30927624333917
468,69,2,1,63.79554971126453,25.51821988450581
469,8,3,0,52.77301825778952,15.831905477336857
470,25,3,1,70.86098731387314,21.25829619416194
471,46,2,1,51.85876139513967,20.74350455805587
472,87,3,1,38.124359741486074,11.437307922445822
473,30,3,1,46.935570000472445,14.080671000141733
474,47,2,0,62.058789963210806,24.823515985284324
475,87,1,0,38.438944104487064,19.219472052243532
476,49,2,0,43.395548193386624,17.35821927735465
477,47,3,0,46.67467130001399,14.002401390004197
478,84,3,1,32.75942584676191,9.827827754028572
479,82,3,1,38.65514863057138,11.596544589171414
480,18,2,1,52.58825287706286,21.035301150825145
481,66,3,1,68.03716621479512,20.411149864438535
482,68,1,0,54.757204770657125,27.378602385328563
483,33,2,1,49.31208110946468,19.72483244378587
484,36,1,1,37.53093839071534,18.76546919535767
485,82,1,1,66.42740617580348,33.21370308790174
486,19,1,1,56.50258249920264,28.25129124960132
487,28,1,1,39.39905354721141,19.699526773605704
488,40,2,1,63.47972688027351,25.391890752109404
489,84,1,1,58.393655922657004,29.196827961328502
490,76,2,1,37.79704475950646,15.118817903802586
491,15,1,1,48.479326156037,24.2396630780185
492,41,1,1,42.60840907635595,21.304204538177974
493,39,1,1,89.50306910047408,44.75153455023704
494,2,1,1,57.97617324688488,28.98808662344244
495,63,2,1,52.8014308227236,21.12057232908944
496,29,2,1,57.0899458411507,22.835978336460283
497,74,2,1,70.68743882296246,28.274975529184985
498,66,2,1,48.749297833423014,19.499719133369208
499,51,1,1,41.151360532013655,20.575680266006827
500,75,3,0,62.66424842146127,18.799274526438378
501,77,2,1,47.37583150998032,18.95033260399213
502,10,2,1,33.95157006379245,13.580628025516981
503,14,1,1,31.029703523659126,15.514851761829563
504,82,1,0,72.93944826259299,36.469724131296495
505,51,1,1,51.97466850378927,25.987334251894634
506,73,1,1,41.156489240113984,20.578244620056992
507,39,2,1,46.484976334369044,18.59399053374762
508,28,2,1,62.11167077012527,24.84466830805011
509,3,2,1,45.598917262369326,18.239566904947733
510,84,3,1,28.258704062338726,8.477611218701618
511,70,3,1,54.88761278221887,16.46628383466566
512,27,3,0,68.12521726360345,20.437565179081034
513,2,4,1,67.12196476958376,67.12196476958376
514,38,1,0,41.61005092794132,20.80502546397066
515,3,1,1,69.03758984687569,34.518794923437845
516,16,1,1,53.19424960507434,26.59712480253717
517,40,2,0,68.6172101581809,27.44688406327236
518,2,3,0,58.60530545003831,17.581591635011492
519,81,1,0,27.176047360509955,13.588023680254977
520,41,4,1,76.2010840626252,76.2010840626252
521,12,1,1,50.7767577679843,25.38837888399215
522,35,4,1,58.651907358707255,58.651907358707255
523,65,1,0,29.83933057292234,14.91966528646117
524,55,1,0,57.579897501170976,28.789948750585488
525,45,2,0,66.5439159911399,26.61756639645596
526,79,1,0,79.02980504897606,39.51490252448803
527,90,1,1,71.00599692192924,35.50299846096462
528,85,1,1,58.313370559190595,29.156685279595298
529,62,3,1,26.83433969977421,8.050301909932262
530,49,2,0,51.98409185746132,20.793636742984532
531,25,1,1,41.11235652180604,20.55617826090302
532,23,2,1,53.5246681222437,21.409867248897484
533,24,3,1,31.755112508073516,9.526533752422054
534,38,1,1,46.84749638312148,23.42374819156074
535,28,2,0,42.24225374290897,16.89690149716359
536,21,1,1,41.777504660461304,20.888752330230652
537,54,1,1,41.92645721013268,20.96322860506634
538,18,2,1,47.962179254176334,19.184871701670534
539,36,1,1,54.29292138572033,27.146460692860163
540,45,2,1,12.522596181928236,5.009038472771294
541,73,3,1,14.353507154932046,4.3060521464796135
542,53,1,1,44.919629901171874,22.459814950585937
543,30,2,1,47.033464329415786,18.813385731766314
544,60,1,1,52.83666824905911,26.418334124529554
545,32,4,1,39.08491467715664,39.08491467715664
546,67,2,1,50.14197791034022,20.05679116413609
547,67,3,0,51.89784807527083,15.569354422581249
548,28,2,1,38.98162854701793,15.592651418807172
549,44,1,1,65.20183732611652,32.60091866305826
550,79,2,1,52.65479467182591,21.061917868730365
551,41,4,1,58.204416431949355,58.204416431949355
552,63,2,1,51.03268596925779,20.41307438770312
553,23,3,0,81.5550965459258,24.46652896377774
554,75,3,1,58.945956036764805,17.683786811029442
555,48,1,0,42.68010025689162,21.34005012844581
556,32,1,1,62.31450326552601,31.157251632763003
557,57,2,0,25.43592623814992,10.17437049525997
558,33,2,1,51.79400394000656,20.717601576002625
559,24,3,1,54.787404351379855,16.436221305413955
560,39,4,1,51.965311431180474,51.965311431180474
561,34,1,1,44.993316937416694,22.496658468708347
562,56,1,1,34.81589964744477,17.407949823722387
563,28,3,1,38.159794819235564,11.447938445770669
564,37,1,1,51.53112374371076,25.76556187185538
565,7,3,0,33.29721151358011,9.989163454074033
566,68,2,1,76.5525142347091,30.62100569388364
567,37,2,0,10.38653480984441,4.154613923937764
568,56,1,1,45.14843198683094,22.57421599341547
569,65,2,1,51.65584458661546,20.662337834646184
570,65,2,1,57.61131391749933,23.044525566999734
571,47,2,1,36.261129091063594,14.504451636425438
572,20,1,1,67.01442190832319,33.50721095416159
573,19,3,0,29.092534342806157,8.727760302841848
574,29,3,1,41.50807117088648,12.452421351265944
575,74,1,1,59.31121332919136,29.65560666459568
576,60,1,1,65.60282847189129,32.80141423594564
577,18,1,1,28.939980554283533,14.469990277141767
578,35,2,1,89.67555185622737,35.87022074249095
579,43,2,1,36.53762655249186,14.615050620996744
580,11,2,1,30.317262837083263,12.126905134833306
581,49,1,1,57.540723376598855,28.770361688299428
582,38,1,1,44.775598196278146,22.387799098139073
583,64,2,0,42.559215311903834,17.023686124761536
584,69,2,1,58.934660863545794,23.57386434541832
585,8,4,1,27.090564643582866,27.090564643582866
586,34,1,1,24.467984000379474,12.233992000189737
587,48,2,0,41.03864952285158,16.415459809140632
588,56,2,1,66.16852609179988,26.467410436719952
589,76,2,1,41.689170598808246,16.6756682395233
590,65,3,1,73.98735026792922,22.196205080378764
591,31,2,1,68.01522141757836,27.206088567031344
592,4,4,0,54.244192767612276,54.244192767612276
593,50,1,1,55.09585789062136,27.54792894531068
594,69,1,1,54.23003937525284,27.11501968762642
595,30,3,1,52.3957659302315,15.718729779069449
596,88,2,1,44.506374537827305,17.802549815130924
597,59,1,0,46.24718250189255,23.123591250946276
598,67,1,1,33.950597651111266,16.975298825555633
599,75,1,0,16.849358160647302,8.424679080323651
600,45,3,1,66.56105913923075,19.968317741769223
601,4,1,1,52.358876551779474,26.179438275889737
602,26,1,1,50.09317033432679,25.046585167163396
603,27,1,1,55.97673684286819,27.988368421434096
604,46,1,1,37.574038178095265,18.787019089047632
605,64,1,1,34.9840667992335,17.49203339961675
606,51,2,1,45.74472959482771,18.297891837931086
607,50,1,1,70.5214772264572,35.2607386132286
608,6,3,1,32.4688845726031,9.74066537178093
609,59,1,0,10.59401964787751,5.297009823938755
610,15,2,1,42.17898362271871,16.871593449087484
611,30,3,1,67.14049874352774,20.142149623058323
612,42,2,1,24.011839634684694,9.604735853873878
613,37,2,1,32.29574594265692,12.918298377062769
614,42,1,1,53.95320110867253,26.976600554336265
615,35,1,0,88.54860553213003,44.27430276606501
616,87,2,1,29.626824972107066,11.850729988842827
617,6,4,1,29.045988627980613,29.045988627980613
618,68,2,1,55.080475532587776,22.03219021303511
619,18,2,0,68.07011659990556,27.228046639962226
620,73,3,1,40.638519315114344,12.191555794534302
621,29,2,1,25.679087658167465,10.271635063266986
622,77,1,1,56.50623831329519,28.253119156647596
623,59,2,0,59.2226209595446,23.68904838381784
624,47,4,1,76.67982689807373,76.67982689807373
625,17,1,1,59.85420668486418,29.92710334243209
626,22,2,1,62.42099114558569,24.968396458234277
627,68,1,1,46.06782284198142,23.03391142099071
628,69,2,1,86.62256513254202,34.64902605301681
629,37,1,1,44.02786984117295,22.013934920586475
630,49,2,0,40.82116817882345,16.32846727152938
631,13,3,1,77.1427237777791,23.14281713333373
632,34,1,1,27.88644081656885,13.943220408284425
633,86,2,1,22.288874232081277,8.915549692832512
634,53,3,0,51.79335386897727,15.53800616069318
635,87,4,0,49.97395215086457,49.97395215086457
636,51,1,1,46.581680276740066,23.290840138370033
637,3,1,1,64.90894635682477,32.454473178412385
638,42,1,1,36.37690726567144,18.18845363283572
639,32,4,1,50.962506884370114,50.962506884370114
640,51,4,1,44.598410710427196,44.598410710427196
641,85,2,1,36.63172249839874,14.652688999359496
642,46,3,1,49.07239874058975,14.721719622176924
643,21,2,1,62.788937049426536,25.115574819770615
644,44,2,1,81.80852180645752,32.72340872258301
645,11,1,0,58.69128474348454,29.34564237174227
646,68,3,1,12.337474978978234,3.70124249369347
647,1,1,1,49.42789871837525,24.713949359187627
648,63,3,1,50.747041863542506,15.224112559062752
649,24,3,1,64.04313514369925,19.212940543109774
650,13,3,1,52.77215453734608,15.831646361203823
651,11,1,1,68.79633375953115,34.398166879765576
652,51,1,1,55.87505923422908,27.93752961711454
653,17,1,1,73.38197104246834,36.69098552123417
654,82,1,1,43.418811199275595,21.709405599637797
655,86,1,1,52.16515200945041,26.082576004725205
656,24,4,0,62.399623030848446,62.399623030848446
657,19,2,0,41.417088945598344,16.56683557823934
658,37,1,1,38.14980796878386,19.07490398439193
659,85,1,1,40.559718504699724,20.279859252349862
660,8,2,1,38.76176574366617,15.504706297466468
661,28,2,1,57.83842881312991,23.135371525251966
662,5,2,1,22.47787955548167,8.991151822192668
663,17,4,1,26.660449605231396,26.660449605231396
664,36,2,1,77.94119738535893,31.176478954143576
665,19,4,1,39.12354918538734,39.12354918538734
666,64,3,1,53.00022276757622,15.900066830272864
667,11,1,1,27.662803731513076,13.831401865756538
668,54,4,1,51.41186401683914,51.41186401683914
669,45,1,1,39.21489998477894,19.60744999238947
670,47,3,0,26.553657527593792,7.966097258278137
671,12,1,1,70.0538065634707,35.02690328173535
672,21,3,1,67.73848590591307,20.32154577177392
673,11,3,1,48.38967813928976,14.516903441786926
674,5,3,1,64.99128549016866,19.4973856470506
675,81,3,1,78.5493903159074,23.56481709477222
676,56,1,1,61.311138997371344,30.655569498685672
677,20,1,1,57.19519609264945,28.597598046324723
678,41,2,1,52.98424544724964,21.193698178899858
679,46,1,0,59.742460472888595,29.871230236444298
680,12,2,0,44.541209097655454,17.81648363906218
681,70,1,1,45.8504619625783,22.92523098128915
682,17,4,1,56.76337062818772,56.76337062818772
683,19,2,1,42.892026947607064,17.156810779042825
684,26,3,0,44.513004908097464,13.35390147242924
685,48,1,1,50.0027999695246,25.0013999847623
686,52,3,0,67.25911325889604,20.17773397766881
687,70,4,1,33.01004369660529,33.01004369660529
688,55,2,1,61.38767754057891,24.555071016231565
689,75,2,1,61.87694619205205,24.750778476820823
690,33,3,0,61.78718013945213,18.53615404183564
691,62,1,1,37.89880429685767,18.949402148428835
692,88,2,1,24.609775767335947,9.84391030693438
693,23,1,1,58.395507086171335,29.197753543085668
694,15,1,1,52.81308176620943,26.406540883104714
695,27,1,1,65.06564952144699,32.53282476072349
696,75,1,1,39.49194757985693,19.745973789928463
697,64,1,1,61.40177564384542,30.70088782192271
698,81,1,1,65.81618168329118,32.90809084164559
699,51,4,1,48.57035418425974,48.57035418425974
700,53,2,1,56.25394254897225,22.5015770195889
701,78,4,1,55.729496862861424,55.729496862861424
702,82,2,0,37.67795706455525,15.0711828258221
703,51,1,0,57.96644903426911,28.983224517134555
704,47,2,1,74.33747511351521,29.734990045406086
705,4,2,1,50.33305901813955,20.13322360725582
706,7,1,1,28.08612592022514,14.04306296011257
707,35,2,1,39.69160203628985,15.876640814515941
708,48,1,1,23.308558267225585,11.654279133612793
709,73,2,1,69.35391693569098,27.741566774276393
710,72,2,1,61.46157944492142,24.584631777968568
711,45,1,0,42.479460924982725,21.239730462491362
712,81,1,1,28.729101170465952,14.364550585232976
713,81,3,0,37.50057562636265,11.250172687908794
714,72,2,0,40.425845514542786,16.170338205817114
715,19,1,1,51.641113985300876,25.820556992650438
716,63,4,1,51.136390147975696,51.136390147975696
717,38,1,1,70.12147963060553,35.06073981530277
718,67,2,1,39.60867713452936,15.843470853811745
719,59,4,1,27.377182184691076,27.377182184691076
720,69,1,1,32.64532287286562,16.32266143643281
721,13,1,0,49.65462718330249,24.827313591651244
722,47,1,1,39.06982899581314,19.53491449790657
723,61,1,1,45.61987181730461,22.809935908652307
724,31,1,1,43.18949629520834,21.59474814760417
725,80,2,0,64.85357680557775,25.9414307222311
726,22,1,1,41.195514693615166,20.597757346807583
727,86,2,1,44.339868845782846,17.735947538313138
728,43,4,1,60.75925371738163,60.75925371738163
729,67,3,1,41.52527133451886,12.457581400355659
730,54,2,1,56.34818561685527,22.53927424674211
731,10,1,1,54.97227893032638,27.48613946516319
732,42,2,1,52.12648788441619,20.850595153766477
733,64,2,1,32.984054259402654,13.193621703761062
734,21,2,1,68.44661336782906,27.378645347131624
735,80,1,1,83.31025694874671,41.655128474373356
736,76,3,1,50.13242207401092,15.039726622203275
737,66,2,1,34.304676899444374,13.721870759777751
738,41,1,1,50.43654062487534,25.21827031243767
739,24,1,1,64.84790210878998,32.42395105439499
740,35,2,1,40.772184864265895,16.30887394570636
741,56,3,1,48.066512238227155,14.419953671468146
742,30,3,1,55.109812046182114,16.532943613854634
743,57,3,1,68.04571778308888,20.41371533492666
744,47,1,1,61.631355996340616,30.815677998170308
745,35,2,1,62.253019542983935,24.901207817193576
746,19,2,1,43.60597164985362,17.44238865994145
747,8,1,1,56.02878432760884,28.01439216380442
748,26,1,1,39.17055009312306,19.58527504656153
749,71,3,1,62.682891498278174,18.804867449483453
750,30,1,1,67.2682946117842,33.6341473058921
751,7,2,0,58.30045353158934,23.320181412635737
752,67,1,1,44.48884119807777,22.244420599038886
753,65,1,1,46.944093079376024,23.472046539688012
754,36,1,1,77.09774315993015,38.54887157996507
755,25,4,1,44.73934333064756,44.73934333064756
756,37,3,1,65.74991251175852,19.724973753527557
757,1,4,0,55.08337397327782,55.08337397327782
758,15,2,1,44.98795327310236,17.995181309240945
759,37,1,1,29.830264587958624,14.915132293979312
760,13,2,1,53.1740057088276,21.269602283531043
761,8,2,1,51.36651299909183,20.546605199636733
762,5,3,1,77.09802007189,23.129406021567
763,60,1,0,37.097109568662525,18.548554784331262
764,73,2,1,84.42152887321677,33.76861154928671
765,1,1,1,55.682157942448896,27.841078971224448
766,36,1,0,55.667438318332366,27.833719159166183
767,35,3,1,41.103917983516546,12.331175395054963
768,66,2,1,54.72059461331703,21.888237845326813
769,63,1,1,57.09576392349819,28.547881961749095
770,23,1,1,64.05990937731315,32.029954688656574
771,9,2,0,35.325166886120854,14.130066754448343
772,34,3,0,71.10171283682058,21.330513851046174
773,46,3,1,55.42123285657969,16.626369856973906
774,78,4,1,59.12343342960968,59.12343342960968
775,4,3,1,46.68586607742859,14.005759823228578
776,30,1,1,36.077860425814244,18.038930212907122
777,75,2,1,51.09086941104931,20.436347764419725
778,72,2,1,52.809433247348274,21.123773298939312
779,3,1,1,29.21857597828264,14.60928798914132
780,14,3,1,61.89928107747688,18.569784323243063
781,60,1,1,64.9478695084487,32.47393475422435
782,77,4,0,39.0550306426831,39.0550306426831
783,45,2,1,34.66121974591863,13.864487898367452
784,34,2,1,45.455579346885486,18.182231738754194
785,45,2,1,50.3584264547945,20.1433705819178
786,61,3,1,46.037434851269985,13.811230455380995
787,83,2,1,49.08623250843825,19.6344930033753
788,16,2,1,53.322165465138745,21.3288661860555
789,66,1,0,29.475965919115563,14.737982959557781
790,40,2,0,31.200565590451028,12.480226236180412
791,17,1,1,10.0,5.0
792,34,3,0,64.13817842680207,19.24145352804062
793,16,2,1,50.22840530926174,20.091362123704698
794,60,2,1,65.71776697197734,26.287106788790936
795,66,1,1,32.93393006282912,16.46696503141456
796,66,1,1,50.36611009299743,25.183055046498716
797,90,3,1,53.22239759174902,15.966719277524707
798,13,1,1,41.57326257754978,20.78663128877489
799,56,1,1,26.6985830229981,13.34929151149905
800,31,1,0,76.18807004202736,38.09403502101368
801,34,4,1,70.98925011905077,70.98925011905077
802,39,3,1,44.27101592411953,13.281304777235858
803,67,1,1,57.653414677544106,28.826707338772053
804,8,1,1,42.72813985464661,21.364069927323303
805,87,1,0,35.06894595462879,17.534472977314394
806,78,3,1,77.4089225743552,23.22267677230656
807,55,2,1,25.169466778912977,10.06778671156519
808,27,1,1,45.717444545433274,22.858722272716637
809,53,1,1,51.26485740863351,25.632428704316755
810,39,1,1,74.7685486803093,37.38427434015465
811,65,2,0,63.44882981354028,25.379531925416114
812,17,3,1,24.916253381490222,7.474876014447066
813,30,1,0,49.958746384487256,24.979373192243628
814,53,1,1,50.31590297546547,25.157951487732735
815,13,1,1,46.57492497050836,23.28746248525418
816,21,4,1,59.29713661295452,59.29713661295452
817,19,1,1,28.863396083660344,14.431698041830172
818,53,3,0,43.870461311949946,13.161138393584983
819,19,2,1,57.18228122319613,22.872912489278452
820,57,1,0,60.19363527740962,30.09681763870481
821,25,1,1,52.241292102637956,26.120646051318978
822,86,1,1,45.67411699549551,22.837058497747755
823,31,2,1,48.200880895602914,19.280352358241167
824,81,3,1,61.10610683565856,18.331832050697567
825,55,2,0,50.5085117618819,20.20340470475276
826,23,2,0,34.37228681839207,13.748914727356828
827,32,1,0,31.49753624082645,15.748768120413224
828,62,4,1,27.65543867845836,27.65543867845836
829,74,3,1,71.83371227734031,21.550113683202092
830,10,1,1,62.11192753418668,31.05596376709334
831,72,4,1,48.40268175229179,48.40268175229179
832,54,2,1,43.19311272253874,17.277245089015498
833,52,2,1,41.39104988048963,16.556419952195853
834,20,3,1,66.39855661373315,19.919566984119943
835,32,3,1,78.56650262262112,23.569950786786332
836,14,2,1,40.919106141086914,16.367642456434766
837,50,1,0,67.07623280983564,33.53811640491782
838,28,1,1,50.42019373038334,25.21009686519167
839,53,4,1,46.813566051343,46.813566051343
840,24,1,1,72.56321424244885,36.281607121224425
841,79,1,0,49.84751418885835,24.923757094429174
842,22,2,1,54.445466588819535,21.778186635527817
843,30,2,1,53.724108993671685,21.489643597468675
844,63,2,0,25.61600950010823,10.246403800043293
845,4,4,1,54.32616723074092,54.32616723074092
846,77,1,1,41.55961963339651,20.779809816698254
847,59,1,0,28.68270289781568,14.34135144890784
848,87,1,0,42.242943793268566,21.121471896634283
849,8,3,1,42.11916695544581,12.635750086633744
850,82,2,1,65.44823808695496,26.179295234781986
851,12,1,1,34.043155758469524,17.021577879234762
852,31,3,1,38.15228841426118,11.445686524278353
853,78,3,0,53.530823908220185,16.059247172466055
854,34,3,1,30.113093429686288,9.033928028905885
855,82,4,1,40.11489862651499,40.11489862651499
856,75,1,0,25.032848970001666,12.516424485000833
857,76,3,1,63.80017190008095,19.140051570024283
858,49,2,1,45.479553193397216,18.191821277358887
859,79,3,1,49.761232324966365,14.92836969748991
860,57,3,0,63.74015479686635,19.122046439059904
861,26,3,1,39.165966745191696,11.749790023557509
862,18,2,1,45.32019487027994,18.128077948111976
863,86,1,1,34.15508001041388,17.07754000520694
864,38,2,0,34.12244418506282,13.648977674025128
865,81,4,1,36.191256589911816,36.191256589911816
866,87,4,1,42.61264413749502,42.61264413749502
867,88,1,1,44.22806698740402,22.11403349370201
868,50,1,1,54.3294822634757,27.16474113173785
869,8,1,1,36.631745779371506,18.315872889685753
870,41,3,1,54.79449013876215,16.438347041628646
871,6,3,1,57.27501937284842,17.182505811854526
872,69,1,1,42.982667257516006,21.491333628758003
873,44,2,1,37.929131413724285,15.171652565489715
874,64,3,1,51.27618547969985,15.382855643909954
875,29,3,1,46.956238054843325,14.086871416452997
876,28,2,1,53.30527743910318,21.322110975641273
877,11,2,1,73.5479965438995,29.4191986175598
878,65,2,0,51.02955572641573,20.411822290566292
879,19,1,1,40.41154158079802,20.20577079039901
880,9,2,1,36.63665582086912,14.65466232834765
881,27,2,1,37.21697553017624,14.886790212070498
882,34,3,1,28.05850539333319,8.417551617999957
883,44,2,1,63.991154125183684,25.596461650073476
884,68,3,1,16.500817709663533,4.950245312899059
885,82,1,1,57.321572265789584,28.660786132894792
886,15,2,1,36.97904139987154,14.791616559948617
887,51,1,1,42.31392178063823,21.156960890319116
888,13,1,1,36.53018537683417,18.265092688417084
889,83,3,1,71.68796989463046,21.506390968389137
890,49,4,0,50.244734025286654,50.244734025286654
891,70,1,0,61.85567787564278,30.92783893782139
892,56,2,1,69.50790287894009,27.803161151576035
893,76,3,0,52.45108211033606,15.735324633100817
894,51,1,1,32.065643437171815,16.032821718585907
895,37,2,1,46.69035874826342,18.67614349930537
896,17,3,1,38.866279796506966,11.65988393895209
897,58,2,1,42.447437571690514,16.978975028676206
898,87,1,1,48.58064311026067,24.290321555130333
899,90,1,1,47.987665368616035,23.993832684308018
900,29,3,1,56.181637415304294,16.85449122459129
901,33,2,1,58.3595644067073,23.343825762682922
902,60,1,0,47.987822356003136,23.993911178001568
903,89,3,1,56.05203377161876,16.815610131485627
904,55,1,0,41.759602175968375,20.879801087984188
905,10,3,1,69.72169738394756,20.916509215184266
906,47,1,1,41.517330676735305,20.758665338367653
907,23,4,0,67.95779726933642,67.95779726933642
908,85,1,1,27.858993623424173,13.929496811712086
909,21,1,1,44.29389113883731,22.146945569418655
910,13,1,1,45.03532739579592,22.51766369789796
911,33,1,1,54.18487692122711,27.092438460613554
912,24,3,1,62.92725204828236,18.878175614484707
913,11,4,0,31.259071954107082,31.259071954107082
914,17,1,1,33.380254369356386,16.690127184678193
915,68,2,1,28.971378984256432,11.588551593702574
916,47,3,1,69.80276295797626,20.940828887392875
917,25,3,0,54.464074141956836,16.33922224258705
918,73,2,1,33.73443187314316,13.493772749257264
919,21,1,1,43.35357689065894,21.67678844532947
920,84,2,1,67.72642093492242,27.090568373968967
921,83,2,0,45.82821154533143,18.33128461813257
922,83,1,1,44.942177933132406,22.471088966566203
923,12,2,1,38.28054939765412,15.312219759061648
924,37,1,1,34.625115292718554,17.312557646359277
925,42,3,1,67.74985715664735,20.324957146994205
926,17,1,1,75.10852383113091,37.554261915565455
927,48,2,1,35.222083958189785,14.088833583275914
928,28,2,0,71.0741349382718,28.42965397530872
929,41,2,1,42.68915875564842,17.07566350225937
930,47,1,1,58.004719930533305,29.002359965266653
931,18,2,1,71.15320707221612,28.46128282888645
932,78,2,1,47.82385106444552,19.12954042577821
933,71,2,0,45.080871195989616,18.032348478395846
934,13,2,1,62.01621445682279,24.806485782729116
935,82,2,1,33.35070744445626,13.340282977782506
936,13,3,0,67.20592066760645,20.161776200281935
937,31,1,1,52.14214088663875,26.071070443319375
938,2,3,1,41.33374237768735,12.400122713306205
939,16,2,0,40.937485950262186,16.374994380104877
940,9,1,1,29.248062322574512,14.624031161287256
941,73,1,1,41.957417500640155,20.978708750320077
942,38,1,1,46.039433570083986,23.019716785041993
943,75,3,1,34.08059702432777,10.224179107298331
944,54,3,1,49.318025358064936,14.795407607419481
945,56,3,1,57.09375626788243,17.12812688036473
946,86,2,1,46.79791796000872,18.71916718400349
947,87,2,0,59.940887397789,23.9763549591156
948,45,1,1,37.892900255309954,18.946450127654977
949,34,1,1,65.0507414632991,32.52537073164955
950,9,2,1,51.82722058662287,20.73088823464915
951,88,1,1,73.17885754632115,36.58942877316058
952,8,1,1,86.213259683581,43.1066298417905
953,7,2,1,42.94634611545078,17.178538446180312
954,36,3,1,43.56404184647813,13.069212553943439
955,18,4,0,46.30636817076924,46.30636817076924
956,3,4,0,58.93553375263272,58.93553375263272
957,28,2,1,69.88954955712634,27.95581982285054
958,70,2,1,40.20787273745295,16.08314909498118
959,44,2,1,55.71866399717109,22.287465598868437
960,21,3,1,47.96109065216349,14.388327195649047
961,28,1,1,59.27163653810883,29.635818269054415
962,54,2,1,72.64186540111535,29.056746160446142
963,54,3,1,46.39507643850477,13.918522931551431
964,65,1,0,24.95198499989404,12.47599249994702
965,21,2,0,61.158525153204394,24.46341006128176
966,13,2,1,37.50942172091821,15.003768688367286
967,57,1,1,47.85326394554333,23.926631972771666
968,49,1,1,61.80546255307421,30.902731276537104
969,54,1,0,54.46092280296662,27.23046140148331
970,10,1,0,48.474199616704325,24.237099808352163
971,53,1,1,41.36177431312519,20.680887156562594
972,44,3,1,10.0,3.0
973,47,1,0,60.474812236343034,30.237406118171517
974,53,2,1,46.20572451161354,18.482289804645415
975,74,1,0,72.70004417533589,36.350022087667945
976,46,4,1,55.97042044942805,55.97042044942805
977,13,1,1,41.883119411977354,20.941559705988677
978,37,2,0,66.0030513256406,26.40122053025624
979,24,3,1,67.26694108937285,20.180082326811853
980,2,3,1,46.714522784712834,14.01435683541385
981,86,1,1,67.90467298359842,33.95233649179921
982,81,3,1,41.67037916920929,12.501113750762787
983,14,2,0,52.39471654111855,20.95788661644742
984,10,2,1,58.571125815781706,23.428450326312685
985,35,1,1,61.771723760212836,30.885861880106418
986,25,1,1,59.32282772923835,29.661413864619174
987,3,3,1,45.01014229155241,13.503042687465724
988,17,2,1,66.40546461037162,26.56218584414865
989,12,2,1,48.13359015340372,19.25343606136149
990,54,3,0,41.464589565872096,12.43937686976163
991,24,3,0,41.68493049030003,12.505479147090009
992,29,1,1,79.09982587214502,39.54991293607251
993,43,2,1,38.87024857862083,15.548099431448334
994,25,1,1,69.3745284014067,34.68726420070335
995,60,3,1,32.96799956284745,9.890399868854235
996,90,2,1,57.31858167611279,22.927432670445118
997,65,4,0,54.45625177236253,54.45625177236253
998,84,1,1,74.31840319589342,37.15920159794671
999,28,1,1,40.183971572472274,20.091985786236137
1000,16,1,1,36.040036730594196,18.020018365297098
