EmailID,RecipientEmail,CampaignID,SendTime,OpenTime,ClickTime,Conversion,Unsubscribe
EMAIL1751,user100@company.com,CAMP101,2024-01-30 13:07:52,2024-01-30 13:07:52,2024-01-30 13:07:52,,Yes
EMAIL1641,user100@company.com,CAMP103,2024-01-12 01:02:04,2024-01-12 01:02:04,2024-01-12 01:02:04,Yes,No
EMAIL1692,user100@gmail.com,CAMP103,2024-01-02 09:07:47,,,Yes,Yes
EMAIL1137,user100@outlook.com,CAMP102,2024-01-23 21:27:39,,,No,No
EMAIL1130,user100@yahoo.com,CAMP102,2024-01-29 04:42:28,,,Yes,Yes
EMAIL1573,user101@yahoo.com,CAMP103,2024-01-17 12:57:28,,,Yes,Yes
EMAIL1934,user101@yahoo.com,CAMP103,2024-01-21 04:16:07,,,Yes,No
EMAIL1645,user101@yahoo.com,CAMP103,2024-01-28 16:49:32,2024-01-28 16:49:32,,Yes,Yes
EMAIL1062,user102@company.com,CAMP101,2024-01-16 07:49:28,2024-01-16 07:49:28,2024-01-16 07:49:28,No,No
EMAIL1212,user102@company.com,CAMP101,2024-01-18 22:37:03,,,,Yes
EMAIL1415,user102@company.com,CAMP103,2024-01-29 03:29:57,,,Yes,No
EMAIL1807,user102@gmail.com,CAMP103,2024-01-06 20:50:40,,,Yes,No
EMAIL1054,user102@yahoo.com,CAMP103,2024-01-04 12:19:45,,,Yes,No
EMAIL1736,user103@company.com,CAMP101,2024-01-03 05:30:14,,,,No
EMAIL1110,user103@company.com,CAMP101,2024-01-25 11:08:32,,,Yes,No
EMAIL1232,user103@company.com,CAMP102,2024-01-17 14:31:16,,,Yes,Yes
EMAIL1542,user103@company.com,CAMP103,2024-01-27 16:06:45,2024-01-27 16:06:45,,,No
EMAIL1491,user103@gmail.com,CAMP102,2024-01-21 14:20:23,2024-01-21 14:20:23,2024-01-21 14:20:23,Yes,No
EMAIL1274,user103@outlook.com,CAMP101,2024-01-08 12:34:09,,,,Yes
EMAIL1630,user103@outlook.com,CAMP101,2024-01-24 02:04:15,,,No,Yes
EMAIL1286,user104@company.com,CAMP101,2024-01-26 02:40:25,2024-01-26 02:40:25,,,Yes
EMAIL1105,user104@outlook.com,CAMP103,2024-01-08 07:11:26,,,Yes,No
EMAIL1008,user104@yahoo.com,CAMP102,2024-01-04 13:54:04,,,Yes,Yes
EMAIL1026,user104@yahoo.com,CAMP102,2024-01-24 15:23:48,,,Yes,No
EMAIL1746,user105@company.com,CAMP103,2024-01-28 18:38:34,2024-01-28 18:38:34,,Yes,No
EMAIL1303,user105@outlook.com,CAMP103,2024-01-13 07:36:46,,,Yes,No
EMAIL1258,user106@company.com,CAMP102,2024-01-08 02:44:43,,,No,No
EMAIL1628,user106@gmail.com,CAMP101,2024-01-01 19:01:16,2024-01-01 19:01:16,2024-01-01 19:01:16,No,Yes
EMAIL1435,user106@gmail.com,CAMP103,2024-01-26 03:51:58,,,,Yes
EMAIL1166,user106@outlook.com,CAMP101,2024-01-16 10:29:47,,,Yes,No
EMAIL1381,user106@outlook.com,CAMP102,2024-01-11 06:29:47,,,,No
EMAIL1305,user106@outlook.com,CAMP102,2024-01-12 02:15:49,,,No,Yes
EMAIL1223,user107@company.com,CAMP101,2024-01-24 21:42:58,,,No,No
EMAIL1213,user107@company.com,CAMP103,2024-01-03 19:35:04,2024-01-03 19:35:04,2024-01-03 19:35:04,No,No
EMAIL1544,user107@outlook.com,CAMP101,2024-01-18 00:01:18,,,No,Yes
EMAIL1962,user107@outlook.com,CAMP103,2024-01-15 06:52:31,,,Yes,Yes
EMAIL1219,user107@yahoo.com,CAMP101,2024-01-12 18:50:16,,,No,No
EMAIL1905,user107@yahoo.com,CAMP102,2024-01-10 20:08:40,2024-01-10 20:08:40,,No,No
EMAIL1989,user108@company.com,CAMP102,2024-01-15 08:21:46,,,Yes,Yes
EMAIL1133,user108@outlook.com,CAMP101,2024-01-04 04:20:25,,,No,No
EMAIL1228,user108@outlook.com,CAMP101,2024-01-14 16:46:13,,,Yes,Yes
EMAIL1656,user108@outlook.com,CAMP102,2024-01-03 03:50:45,,,Yes,No
EMAIL1881,user108@yahoo.com,CAMP101,2024-01-29 03:35:53,,,Yes,No
EMAIL1732,user108@yahoo.com,CAMP102,2024-01-25 17:16:06,2024-01-25 17:16:06,,Yes,No
EMAIL1520,user109@company.com,CAMP101,2024-01-18 10:00:05,2024-01-18 10:00:05,2024-01-18 10:00:05,Yes,No
EMAIL1173,user109@company.com,CAMP101,2024-01-25 05:05:47,,,Yes,Yes
EMAIL1764,user109@company.com,CAMP102,2024-01-11 05:01:31,,,No,Yes
EMAIL1690,user109@gmail.com,CAMP101,2024-01-06 16:06:36,,,Yes,No
EMAIL1474,user109@gmail.com,CAMP103,2024-01-14 19:14:39,,,Yes,No
EMAIL1927,user109@outlook.com,CAMP101,2024-01-24 07:40:51,,,No,Yes
EMAIL1819,user10@gmail.com,CAMP101,2024-01-04 11:30:28,2024-01-04 11:30:28,2024-01-04 11:30:28,Yes,No
EMAIL1489,user10@gmail.com,CAMP101,2024-01-20 05:49:28,,,Yes,No
EMAIL1096,user10@gmail.com,CAMP103,2024-01-04 00:33:04,,,No,No
EMAIL1976,user10@outlook.com,CAMP101,2024-01-12 16:54:37,2024-01-12 16:54:37,,,No
EMAIL1576,user10@outlook.com,CAMP102,2024-01-26 09:03:55,,,,Yes
EMAIL1536,user10@outlook.com,CAMP103,2024-01-30 19:27:45,,,Yes,Yes
EMAIL1313,user10@yahoo.com,CAMP101,2024-01-29 14:18:24,,,Yes,Yes
EMAIL1663,user10@yahoo.com,CAMP102,2024-01-20 12:17:15,,,Yes,No
EMAIL1439,user110@company.com,CAMP102,2024-01-27 08:41:24,2024-01-27 08:41:24,2024-01-27 08:41:24,Yes,No
EMAIL1063,user110@gmail.com,CAMP102,2024-01-21 19:44:53,,,Yes,Yes
EMAIL1151,user110@outlook.com,CAMP102,2024-01-16 15:06:38,,,Yes,No
EMAIL1956,user110@yahoo.com,CAMP103,2024-01-18 12:08:17,,,No,Yes
EMAIL1627,user112@company.com,CAMP101,2024-01-05 14:56:50,,,Yes,No
EMAIL1704,user112@outlook.com,CAMP102,2024-01-06 11:06:52,,,Yes,No
EMAIL1113,user112@outlook.com,CAMP102,2024-01-21 12:59:46,2024-01-21 12:59:46,2024-01-21 12:59:46,Yes,Yes
EMAIL1549,user112@yahoo.com,CAMP101,2024-01-21 20:21:44,2024-01-21 20:21:44,2024-01-21 20:21:44,,No
EMAIL1675,user113@gmail.com,CAMP102,2024-01-21 10:48:43,,,No,Yes
EMAIL1285,user113@outlook.com,CAMP102,2024-01-23 19:44:20,,,No,Yes
EMAIL1319,user114@company.com,CAMP102,2024-01-23 07:45:21,,,No,No
EMAIL1075,user114@outlook.com,CAMP102,2024-01-19 18:03:33,2024-01-19 18:03:33,2024-01-19 18:03:33,,Yes
EMAIL1171,user114@yahoo.com,CAMP101,2024-01-10 11:30:31,,,Yes,No
EMAIL1208,user115@company.com,CAMP102,2024-01-06 19:28:49,,,No,No
EMAIL1355,user115@company.com,CAMP103,2024-01-17 01:34:15,,,Yes,Yes
EMAIL1277,user115@gmail.com,CAMP101,2024-01-10 19:17:16,2024-01-10 19:17:16,2024-01-10 19:17:16,,No
EMAIL1551,user115@gmail.com,CAMP102,2024-01-17 23:22:25,,,,No
EMAIL1540,user115@gmail.com,CAMP103,2024-01-22 20:19:18,2024-01-22 20:19:18,2024-01-22 20:19:18,Yes,No
EMAIL1825,user115@outlook.com,CAMP103,2024-01-08 22:49:18,,,,Yes
EMAIL1955,user115@yahoo.com,CAMP102,2024-01-01 09:30:30,,,Yes,Yes
EMAIL1718,user116@gmail.com,CAMP103,2024-01-19 04:54:26,,,Yes,Yes
EMAIL1968,user117@company.com,CAMP102,2024-01-06 13:04:40,,,,No
EMAIL1713,user117@yahoo.com,CAMP103,2024-01-02 02:36:14,,,Yes,No
EMAIL1920,user118@company.com,CAMP101,2024-01-13 10:00:00,,,Yes,No
EMAIL1797,user118@company.com,CAMP101,2024-01-27 06:01:07,,,No,Yes
EMAIL1111,user118@company.com,CAMP103,2024-01-01 00:52:03,,,,Yes
EMAIL1136,user118@yahoo.com,CAMP101,2024-01-01 12:37:29,2024-01-01 12:37:29,,No,Yes
EMAIL1109,user119@gmail.com,CAMP101,2024-01-20 07:18:29,,,,No
EMAIL1971,user119@outlook.com,CAMP103,2024-01-19 18:54:06,,,Yes,Yes
EMAIL1469,user119@yahoo.com,CAMP103,2024-01-29 19:53:04,,,No,No
EMAIL1838,user11@company.com,CAMP101,2024-01-28 23:02:26,,,,Yes
EMAIL1243,user11@yahoo.com,CAMP101,2024-01-30 18:39:05,,,Yes,Yes
EMAIL1600,user11@yahoo.com,CAMP103,2024-01-13 10:00:00,,,No,No
EMAIL1697,user120@outlook.com,CAMP101,2024-01-16 10:27:54,,,Yes,Yes
EMAIL1257,user120@yahoo.com,CAMP101,2024-01-12 23:18:18,,,,Yes
EMAIL1648,user120@yahoo.com,CAMP102,2024-01-01 09:27:21,,,,No
EMAIL1847,user120@yahoo.com,CAMP102,2024-01-06 03:38:08,,,No,No
EMAIL1621,user121@gmail.com,CAMP101,2024-01-04 16:53:30,,,No,Yes
EMAIL1403,user121@gmail.com,CAMP102,2024-01-13 21:08:23,,,Yes,Yes
EMAIL1424,user121@yahoo.com,CAMP102,2024-01-06 12:25:38,,,No,Yes
EMAIL1665,user121@yahoo.com,CAMP102,2024-01-26 08:09:13,,,Yes,No
EMAIL1433,user122@company.com,CAMP103,2024-01-03 19:16:22,,,No,No
EMAIL1950,user122@gmail.com,CAMP102,2024-01-19 03:42:27,2024-01-19 03:42:27,,No,No
EMAIL1317,user122@outlook.com,CAMP101,2024-01-29 21:04:33,,,No,Yes
EMAIL1651,user122@outlook.com,CAMP103,2024-01-24 08:04:01,,,Yes,Yes
EMAIL1163,user122@outlook.com,CAMP103,2024-01-30 19:09:25,,,No,No
EMAIL1282,user122@yahoo.com,CAMP102,2024-01-29 00:45:48,,,Yes,Yes
EMAIL1867,user123@company.com,CAMP102,2024-01-26 15:10:39,,,Yes,Yes
EMAIL1256,user123@yahoo.com,CAMP102,2024-01-15 02:43:38,2024-01-15 02:43:38,,No,No
EMAIL1538,user123@yahoo.com,CAMP103,2024-01-03 20:10:26,2024-01-03 20:10:26,2024-01-03 20:10:26,Yes,Yes
EMAIL1742,user124@company.com,CAMP101,2024-01-26 19:21:48,,,Yes,No
EMAIL1741,user124@company.com,CAMP103,2024-01-29 03:28:02,,,Yes,Yes
EMAIL1811,user124@outlook.com,CAMP101,2024-01-19 09:44:23,,,No,Yes
EMAIL1376,user124@outlook.com,CAMP103,2024-01-22 20:43:04,,,,No
EMAIL1841,user124@yahoo.com,CAMP102,2024-01-30 00:10:05,2024-01-30 00:10:05,,Yes,Yes
EMAIL1878,user124@yahoo.com,CAMP103,2024-01-17 13:25:41,2024-01-17 13:25:41,,,No
EMAIL1975,user124@yahoo.com,CAMP103,2024-01-21 15:02:16,,,No,No
EMAIL1031,user125@company.com,CAMP103,2024-01-09 22:02:41,,,,No
EMAIL1670,user125@gmail.com,CAMP101,2024-01-29 20:06:38,,,Yes,No
EMAIL1477,user126@company.com,CAMP101,2024-01-06 00:22:50,,,Yes,No
EMAIL1705,user126@company.com,CAMP103,2024-01-19 01:37:36,2024-01-19 01:37:36,,,Yes
EMAIL1636,user126@gmail.com,CAMP102,2024-01-10 07:37:25,,,Yes,Yes
EMAIL1623,user126@outlook.com,CAMP103,2024-01-17 01:52:05,,,Yes,No
EMAIL1182,user126@yahoo.com,CAMP101,2024-01-07 00:28:26,2024-01-07 00:28:26,2024-01-07 00:28:26,Yes,Yes
EMAIL1821,user126@yahoo.com,CAMP101,2024-01-20 01:13:00,,,,Yes
EMAIL1897,user126@yahoo.com,CAMP103,2024-01-04 06:02:22,,,No,Yes
EMAIL1557,user127@company.com,CAMP101,2024-01-04 12:53:21,,,,Yes
EMAIL1913,user127@gmail.com,CAMP101,2024-01-13 10:00:00,2024-01-13 10:00:00,,Yes,No
EMAIL1150,user127@gmail.com,CAMP103,2024-01-18 07:29:33,2024-01-18 07:29:33,,No,No
EMAIL1803,user127@outlook.com,CAMP101,2024-01-21 23:59:46,,,Yes,Yes
EMAIL1839,user127@outlook.com,CAMP101,2024-01-22 10:31:01,2024-01-22 10:31:01,2024-01-22 10:31:01,No,Yes
EMAIL1649,user127@outlook.com,CAMP102,2024-01-09 09:32:13,2024-01-09 09:32:13,,Yes,No
EMAIL1321,user127@outlook.com,CAMP102,2024-01-16 22:43:45,2024-01-16 22:43:45,2024-01-16 22:43:45,No,No
EMAIL1387,user127@yahoo.com,CAMP101,2024-01-14 08:46:41,,,Yes,Yes
EMAIL1380,user127@yahoo.com,CAMP101,2024-01-27 17:14:04,,,No,No
EMAIL1518,user127@yahoo.com,CAMP101,2024-01-29 13:59:19,,,Yes,Yes
EMAIL1143,user127@yahoo.com,CAMP103,2024-01-09 21:06:50,,,Yes,Yes
EMAIL1438,user128@outlook.com,CAMP101,2024-01-11 08:37:21,,,Yes,Yes
EMAIL1633,user128@outlook.com,CAMP101,2024-01-17 04:05:07,2024-01-17 04:05:07,,No,Yes
EMAIL1708,user128@yahoo.com,CAMP101,2024-01-11 12:35:15,2024-01-11 12:35:15,,Yes,Yes
EMAIL1620,user128@yahoo.com,CAMP101,2024-01-11 18:50:48,2024-01-11 18:50:48,2024-01-11 18:50:48,No,No
EMAIL1342,user128@yahoo.com,CAMP103,2024-01-21 23:48:56,2024-01-21 23:48:56,,Yes,Yes
EMAIL1565,user129@company.com,CAMP101,2024-01-13 10:00:00,,,Yes,No
EMAIL1870,user129@company.com,CAMP102,2024-01-22 10:34:17,,,No,No
EMAIL1336,user129@company.com,CAMP103,2024-01-24 03:14:03,2024-01-24 03:14:03,,Yes,No
EMAIL1979,user129@gmail.com,CAMP103,2024-01-13 10:00:00,,,Yes,Yes
EMAIL1593,user129@yahoo.com,CAMP103,2024-01-20 05:14:18,,,No,Yes
EMAIL1141,user129@yahoo.com,CAMP103,2024-01-21 21:01:56,,,Yes,No
EMAIL1283,user12@gmail.com,CAMP103,2024-01-13 07:19:33,,,Yes,Yes
EMAIL1308,user12@outlook.com,CAMP101,2024-01-26 03:10:01,,,No,Yes
EMAIL1748,user12@outlook.com,CAMP103,2024-01-23 10:37:47,,,Yes,Yes
EMAIL1996,user12@outlook.com,CAMP103,2024-01-29 18:16:22,,,,Yes
EMAIL1792,user130@company.com,CAMP102,2024-01-27 08:16:42,2024-01-27 08:16:42,2024-01-27 08:16:42,No,Yes
EMAIL1397,user130@company.com,CAMP103,2024-01-04 20:08:43,,,Yes,No
EMAIL1743,user130@company.com,CAMP103,2024-01-29 23:42:16,2024-01-29 23:42:16,,No,Yes
EMAIL1944,user130@company.com,CAMP103,2024-01-30 11:49:15,2024-01-30 11:49:15,,,Yes
EMAIL1527,user130@gmail.com,CAMP103,2024-01-13 10:00:00,,,Yes,No
EMAIL1939,user130@yahoo.com,CAMP101,2024-01-26 01:20:22,,,,No
EMAIL1244,user131@company.com,CAMP101,2024-01-09 05:12:20,,,No,No
EMAIL1999,user131@outlook.com,CAMP102,2024-01-17 13:04:37,,,,No
EMAIL1603,user131@yahoo.com,CAMP102,2024-01-08 18:01:26,,,,Yes
EMAIL1588,user131@yahoo.com,CAMP102,2024-01-24 03:36:13,,,,No
EMAIL1306,user131@yahoo.com,CAMP102,2024-01-25 23:54:45,2024-01-25 23:54:45,,,No
EMAIL1578,user132@company.com,CAMP101,2024-01-10 15:47:25,,,Yes,Yes
EMAIL1101,user132@gmail.com,CAMP101,2024-01-12 18:10:20,,,Yes,Yes
EMAIL1848,user132@gmail.com,CAMP101,2024-01-13 10:00:00,2024-01-13 10:00:00,2024-01-13 10:00:00,No,Yes
EMAIL1907,user132@gmail.com,CAMP102,2024-01-26 08:15:06,,,Yes,Yes
EMAIL1581,user132@gmail.com,CAMP103,2024-01-12 09:31:54,,,No,Yes
EMAIL1969,user132@outlook.com,CAMP101,2024-01-04 20:12:07,,,,Yes
EMAIL1406,user132@outlook.com,CAMP101,2024-01-19 14:38:13,2024-01-19 14:38:13,2024-01-19 14:38:13,No,No
EMAIL1180,user132@outlook.com,CAMP101,2024-01-29 16:17:17,,,,No
EMAIL1456,user132@yahoo.com,CAMP101,2024-01-19 08:36:26,,,No,Yes
EMAIL1800,user133@company.com,CAMP101,2024-01-07 12:15:41,,,,No
EMAIL1019,user133@company.com,CAMP103,2024-01-06 05:21:05,,,Yes,No
EMAIL1779,user133@company.com,CAMP103,2024-01-07 19:47:18,,,No,Yes
EMAIL1710,user133@gmail.com,CAMP101,2024-01-17 08:09:16,2024-01-17 08:09:16,,Yes,No
EMAIL1582,user133@gmail.com,CAMP102,2024-01-27 03:07:31,,,Yes,No
EMAIL1872,user133@outlook.com,CAMP102,2024-01-18 19:29:12,,,No,Yes
EMAIL1288,user133@yahoo.com,CAMP101,2024-01-27 12:58:24,2024-01-27 12:58:24,,Yes,Yes
EMAIL1931,user133@yahoo.com,CAMP103,2024-01-25 05:33:54,,,,No
EMAIL1967,user134@company.com,CAMP101,2024-01-14 21:13:55,,,Yes,Yes
EMAIL1185,user134@company.com,CAMP101,2024-01-16 20:35:45,,,No,Yes
EMAIL1685,user134@company.com,CAMP101,2024-01-19 08:39:53,,,Yes,Yes
EMAIL1068,user134@gmail.com,CAMP101,2024-01-05 08:43:26,,,Yes,Yes
EMAIL1069,user134@outlook.com,CAMP103,2024-01-16 11:43:45,2024-01-16 11:43:45,2024-01-16 11:43:45,No,Yes
EMAIL1142,user134@outlook.com,CAMP103,2024-01-25 19:44:09,,,Yes,No
EMAIL1095,user135@company.com,CAMP103,2024-01-07 23:39:39,,,No,Yes
EMAIL1625,user135@company.com,CAMP103,2024-01-14 12:27:59,,,Yes,Yes
EMAIL1828,user135@outlook.com,CAMP103,2024-01-26 01:39:02,,,Yes,No
EMAIL1809,user135@yahoo.com,CAMP103,2024-01-22 12:28:02,,,No,Yes
EMAIL1978,user136@gmail.com,CAMP101,2024-01-11 02:37:48,,,No,Yes
EMAIL1328,user136@gmail.com,CAMP102,2024-01-05 21:36:16,,,,No
EMAIL1590,user136@gmail.com,CAMP102,2024-01-13 10:00:00,2024-01-13 10:00:00,,,No
EMAIL1411,user136@outlook.com,CAMP101,2024-01-04 11:53:41,2024-01-04 11:53:41,,No,No
EMAIL1429,user136@yahoo.com,CAMP102,2024-01-03 13:34:40,,,,No
EMAIL1088,user136@yahoo.com,CAMP103,2024-01-08 00:55:10,,,No,No
EMAIL1131,user136@yahoo.com,CAMP103,2024-01-21 17:46:31,2024-01-21 17:46:31,2024-01-21 17:46:31,,No
EMAIL1917,user137@gmail.com,CAMP101,2024-01-28 02:03:03,,,,Yes
EMAIL1330,user137@outlook.com,CAMP101,2024-01-04 15:35:50,,,,No
EMAIL1680,user138@company.com,CAMP103,2024-01-18 13:16:38,,,No,Yes
EMAIL1744,user138@gmail.com,CAMP101,2024-01-28 04:11:13,,,Yes,No
EMAIL1786,user138@outlook.com,CAMP101,2024-01-25 13:29:37,,,No,No
EMAIL1991,user138@yahoo.com,CAMP102,2024-01-16 13:50:37,,,,No
EMAIL1097,user139@company.com,CAMP101,2024-01-14 23:29:46,,,Yes,Yes
EMAIL1022,user139@company.com,CAMP102,2024-01-12 23:54:33,,,No,No
EMAIL1606,user139@company.com,CAMP102,2024-01-28 14:02:04,,,Yes,No
EMAIL1481,user139@outlook.com,CAMP101,2024-01-10 17:25:39,,,,No
EMAIL1831,user139@yahoo.com,CAMP102,2024-01-04 20:02:43,,,,Yes
EMAIL1887,user13@gmail.com,CAMP101,2024-01-18 15:34:36,2024-01-18 15:34:36,,Yes,No
EMAIL1339,user13@gmail.com,CAMP101,2024-01-22 18:46:41,,,No,No
EMAIL1810,user13@gmail.com,CAMP102,2024-01-11 12:12:15,2024-01-11 12:12:15,2024-01-11 12:12:15,No,No
EMAIL1861,user13@gmail.com,CAMP103,2024-01-27 02:20:35,,,Yes,No
EMAIL1125,user13@yahoo.com,CAMP103,2024-01-14 22:35:21,2024-01-14 22:35:21,,Yes,No
EMAIL1202,user140@company.com,CAMP101,2024-01-18 08:42:50,,,Yes,Yes
EMAIL1842,user140@company.com,CAMP101,2024-01-24 19:18:12,,,Yes,No
EMAIL1271,user140@gmail.com,CAMP101,2024-01-15 19:31:19,,,Yes,Yes
EMAIL1398,user140@gmail.com,CAMP103,2024-01-26 16:28:35,,,Yes,Yes
EMAIL1791,user140@outlook.com,CAMP101,2024-01-14 19:14:29,,,Yes,No
EMAIL1888,user140@yahoo.com,CAMP103,2024-01-02 00:08:33,,,Yes,Yes
EMAIL1039,user141@gmail.com,CAMP101,2024-01-01 14:55:18,2024-01-01 14:55:18,2024-01-01 14:55:18,,No
EMAIL1533,user141@gmail.com,CAMP101,2024-01-15 18:33:01,2024-01-15 18:33:01,,,No
EMAIL1035,user141@outlook.com,CAMP101,2024-01-03 19:07:35,2024-01-03 19:07:35,,,No
EMAIL1849,user141@outlook.com,CAMP102,2024-01-08 01:02:52,,,Yes,No
EMAIL1139,user141@outlook.com,CAMP103,2024-01-27 18:11:01,,,No,Yes
EMAIL1206,user141@yahoo.com,CAMP103,2024-01-23 04:01:36,,,Yes,No
EMAIL1572,user142@company.com,CAMP101,2024-01-10 22:57:37,,,,No
EMAIL1836,user142@company.com,CAMP102,2024-01-20 00:19:41,,,,No
EMAIL1747,user142@gmail.com,CAMP103,2024-01-30 01:29:49,,,No,No
EMAIL1478,user142@outlook.com,CAMP101,2024-01-21 20:34:36,,,Yes,Yes
EMAIL1472,user142@yahoo.com,CAMP102,2024-01-01 23:54:19,,,Yes,Yes
EMAIL1829,user142@yahoo.com,CAMP102,2024-01-07 12:53:19,,,Yes,Yes
EMAIL1374,user143@gmail.com,CAMP102,2024-01-12 15:18:37,,,Yes,No
EMAIL1040,user143@outlook.com,CAMP101,2024-01-23 19:11:43,,,,No
EMAIL1817,user143@outlook.com,CAMP103,2024-01-26 13:07:09,,,No,No
EMAIL1292,user144@company.com,CAMP102,2024-01-03 08:51:28,,,,No
EMAIL1145,user144@company.com,CAMP102,2024-01-08 06:39:09,,,Yes,Yes
EMAIL1840,user144@company.com,CAMP102,2024-01-13 18:05:00,,,Yes,No
EMAIL1509,user144@company.com,CAMP103,2024-01-26 01:27:58,2024-01-26 01:27:58,,No,No
EMAIL1448,user144@outlook.com,CAMP102,2024-01-12 11:46:10,2024-01-12 11:46:10,,No,No
EMAIL1668,user144@outlook.com,CAMP103,2024-01-30 21:28:58,2024-01-30 21:28:58,2024-01-30 21:28:58,No,Yes
EMAIL1959,user144@yahoo.com,CAMP103,2024-01-28 13:13:52,2024-01-28 13:13:52,,Yes,Yes
EMAIL1327,user145@gmail.com,CAMP103,2024-01-03 06:07:37,,,,No
EMAIL1569,user145@outlook.com,CAMP101,2024-01-30 12:17:32,,,,No
EMAIL1915,user145@outlook.com,CAMP103,2024-01-29 05:03:53,2024-01-29 05:03:53,2024-01-29 05:03:53,No,Yes
EMAIL1508,user146@gmail.com,CAMP102,2024-01-08 08:42:49,,,,Yes
EMAIL1222,user146@gmail.com,CAMP103,2024-01-03 21:18:47,,,Yes,Yes
EMAIL1400,user146@outlook.com,CAMP102,2024-01-10 14:08:23,,,,Yes
EMAIL1577,user146@outlook.com,CAMP102,2024-01-15 23:42:57,,,No,Yes
EMAIL1674,user146@outlook.com,CAMP103,2024-01-18 13:08:55,,,Yes,No
EMAIL1453,user146@yahoo.com,CAMP103,2024-01-10 23:38:06,2024-01-10 23:38:06,,Yes,No
EMAIL1756,user147@company.com,CAMP101,2024-01-16 11:45:25,,,No,Yes
EMAIL1935,user147@company.com,CAMP102,2024-01-24 22:11:37,,,,No
EMAIL1688,user147@gmail.com,CAMP101,2024-01-13 14:21:02,,,No,Yes
EMAIL1117,user148@company.com,CAMP102,2024-01-09 20:13:15,,,,Yes
EMAIL1910,user148@company.com,CAMP103,2024-01-16 00:17:17,,,No,Yes
EMAIL1365,user148@company.com,CAMP103,2024-01-28 06:34:30,2024-01-28 06:34:30,2024-01-28 06:34:30,No,Yes
EMAIL1382,user148@outlook.com,CAMP101,2024-01-11 10:30:52,,,Yes,Yes
EMAIL1369,user148@outlook.com,CAMP102,2024-01-12 02:33:13,,,,Yes
EMAIL1717,user148@yahoo.com,CAMP101,2024-01-04 01:58:36,,,,Yes
EMAIL1470,user148@yahoo.com,CAMP101,2024-01-24 04:53:41,,,Yes,Yes
EMAIL1994,user148@yahoo.com,CAMP101,2024-01-26 22:32:59,2024-01-26 22:32:59,2024-01-26 22:32:59,,No
EMAIL1516,user149@gmail.com,CAMP102,2024-01-17 18:12:32,,,,No
EMAIL1279,user149@outlook.com,CAMP101,2024-01-24 22:12:12,2024-01-24 22:12:12,,Yes,Yes
EMAIL1879,user149@outlook.com,CAMP103,2024-01-16 02:20:27,,,,No
EMAIL1504,user149@outlook.com,CAMP103,2024-01-22 00:33:26,,,No,Yes
EMAIL1986,user149@yahoo.com,CAMP103,2024-01-09 06:13:15,,,Yes,No
EMAIL1383,user14@outlook.com,CAMP101,2024-01-28 05:58:33,,,Yes,Yes
EMAIL1719,user14@yahoo.com,CAMP103,2024-01-05 15:38:09,,,No,Yes
EMAIL1701,user14@yahoo.com,CAMP103,2024-01-05 19:01:26,2024-01-05 19:01:26,,No,Yes
EMAIL1806,user14@yahoo.com,CAMP103,2024-01-07 13:34:42,,,Yes,No
EMAIL1402,user150@company.com,CAMP103,2024-01-20 02:20:57,,,No,Yes
EMAIL1546,user150@gmail.com,CAMP101,2024-01-16 00:34:01,,,Yes,Yes
EMAIL1357,user150@gmail.com,CAMP102,2024-01-21 00:17:26,,,Yes,Yes
EMAIL1482,user150@outlook.com,CAMP103,2024-01-21 08:55:17,,,No,No
EMAIL1266,user151@outlook.com,CAMP102,2024-01-08 02:57:06,,,No,Yes
EMAIL1235,user151@outlook.com,CAMP103,2024-01-16 12:06:38,,,Yes,Yes
EMAIL1899,user152@company.com,CAMP101,2024-01-02 04:17:58,,,Yes,No
EMAIL1437,user152@company.com,CAMP102,2024-01-14 06:05:22,2024-01-14 06:05:22,,Yes,Yes
EMAIL1170,user152@company.com,CAMP102,2024-01-28 03:40:39,2024-01-28 03:40:39,2024-01-28 03:40:39,Yes,Yes
EMAIL1016,user152@outlook.com,CAMP101,2024-01-03 02:01:25,,,,No
EMAIL1535,user153@gmail.com,CAMP101,2024-01-13 12:31:30,2024-01-13 12:31:30,2024-01-13 12:31:30,Yes,Yes
EMAIL1351,user153@gmail.com,CAMP101,2024-01-24 02:04:13,,,Yes,No
EMAIL1087,user153@gmail.com,CAMP103,2024-01-08 09:01:55,,,No,No
EMAIL1260,user153@gmail.com,CAMP103,2024-01-19 06:32:21,2024-01-19 06:32:21,,No,Yes
EMAIL1057,user153@outlook.com,CAMP102,2024-01-03 09:09:10,2024-01-03 09:09:10,,No,No
EMAIL1483,user153@yahoo.com,CAMP101,2024-01-24 20:03:31,2024-01-24 20:03:31,2024-01-24 20:03:31,No,No
EMAIL1694,user154@company.com,CAMP103,2024-01-21 05:11:49,2024-01-21 05:11:49,2024-01-21 05:11:49,Yes,No
EMAIL1940,user154@gmail.com,CAMP101,2024-01-09 04:34:16,2024-01-09 04:34:16,2024-01-09 04:34:16,Yes,Yes
EMAIL1007,user154@outlook.com,CAMP102,2024-01-04 07:19:51,,,Yes,Yes
EMAIL1877,user155@company.com,CAMP103,2024-01-19 19:24:34,,,,No
EMAIL1280,user155@outlook.com,CAMP103,2024-01-29 17:57:32,2024-01-29 17:57:32,,Yes,Yes
EMAIL1479,user155@yahoo.com,CAMP101,2024-01-01 22:47:22,,,,No
EMAIL1654,user155@yahoo.com,CAMP103,2024-01-17 07:51:54,,,,No
EMAIL1818,user156@yahoo.com,CAMP102,2024-01-28 11:45:15,,,Yes,No
EMAIL1464,user157@gmail.com,CAMP101,2024-01-10 18:30:09,2024-01-10 18:30:09,2024-01-10 18:30:09,Yes,Yes
EMAIL1188,user157@outlook.com,CAMP103,2024-01-19 12:44:40,2024-01-19 12:44:40,2024-01-19 12:44:40,,Yes
EMAIL1706,user157@yahoo.com,CAMP101,2024-01-21 14:06:47,2024-01-21 14:06:47,2024-01-21 14:06:47,No,Yes
EMAIL1598,user158@company.com,CAMP101,2024-01-02 16:39:57,,,Yes,Yes
EMAIL1553,user158@company.com,CAMP103,2024-01-01 07:18:18,2024-01-01 07:18:18,2024-01-01 07:18:18,,No
EMAIL1640,user158@gmail.com,CAMP103,2024-01-24 14:01:14,,,Yes,Yes
EMAIL1370,user158@yahoo.com,CAMP102,2024-01-19 00:38:27,,,No,No
EMAIL1159,user159@company.com,CAMP103,2024-01-21 17:33:07,2024-01-21 17:33:07,2024-01-21 17:33:07,No,No
EMAIL1461,user159@gmail.com,CAMP101,2024-01-24 02:12:41,2024-01-24 02:12:41,2024-01-24 02:12:41,Yes,Yes
EMAIL1594,user159@gmail.com,CAMP103,2024-01-11 12:24:36,,,No,No
EMAIL1450,user15@company.com,CAMP103,2024-01-20 18:33:50,,,Yes,No
EMAIL1392,user160@company.com,CAMP101,2024-01-09 13:30:22,,,Yes,Yes
EMAIL1311,user160@company.com,CAMP103,2024-01-24 16:30:32,,,No,No
EMAIL1844,user160@gmail.com,CAMP101,2024-01-12 09:51:31,,,Yes,No
EMAIL1128,user160@yahoo.com,CAMP101,2024-01-22 16:21:34,,,Yes,No
EMAIL1923,user160@yahoo.com,CAMP103,2024-01-15 22:30:45,,,Yes,Yes
EMAIL1605,user161@gmail.com,CAMP101,2024-01-03 17:25:18,,,Yes,No
EMAIL1420,user161@gmail.com,CAMP101,2024-01-04 10:10:57,,,Yes,Yes
EMAIL1042,user161@outlook.com,CAMP102,2024-01-25 03:32:03,,,Yes,No
EMAIL1798,user161@yahoo.com,CAMP101,2024-01-09 01:18:06,,,Yes,Yes
EMAIL1114,user162@gmail.com,CAMP102,2024-01-23 09:38:11,2024-01-23 09:38:11,2024-01-23 09:38:11,,No
EMAIL1501,user162@gmail.com,CAMP103,2024-01-03 08:26:27,,,,Yes
EMAIL1760,user162@gmail.com,CAMP103,2024-01-14 11:57:34,,,,Yes
EMAIL1349,user163@gmail.com,CAMP102,2024-01-13 19:18:46,,,Yes,No
EMAIL1284,user163@gmail.com,CAMP103,2024-01-12 04:26:51,,,No,No
EMAIL1815,user163@outlook.com,CAMP102,2024-01-20 14:56:21,,,,Yes
EMAIL1900,user163@yahoo.com,CAMP101,2024-01-12 03:55:35,,,No,No
EMAIL1523,user163@yahoo.com,CAMP103,2024-01-11 16:05:49,,,Yes,Yes
EMAIL1190,user163@yahoo.com,CAMP103,2024-01-20 09:57:39,,,No,No
EMAIL1896,user164@company.com,CAMP101,2024-01-17 17:54:46,,,,No
EMAIL1050,user164@gmail.com,CAMP101,2024-01-20 04:33:57,,,Yes,Yes
EMAIL1135,user164@gmail.com,CAMP102,2024-01-23 20:03:28,,,Yes,No
EMAIL1882,user164@gmail.com,CAMP103,2024-01-25 08:43:53,,,Yes,No
EMAIL1184,user164@yahoo.com,CAMP101,2024-01-18 21:11:26,,,No,Yes
EMAIL1010,user165@company.com,CAMP101,2024-01-16 06:18:42,2024-01-16 06:18:42,,Yes,Yes
EMAIL1216,user165@gmail.com,CAMP101,2024-01-05 06:31:36,,,Yes,No
EMAIL1631,user165@gmail.com,CAMP101,2024-01-13 11:13:42,,,No,No
EMAIL1666,user165@gmail.com,CAMP102,2024-01-09 19:19:41,,,No,No
EMAIL1013,user165@gmail.com,CAMP102,2024-01-13 00:18:43,,,No,No
EMAIL1972,user165@outlook.com,CAMP101,2024-01-21 08:39:49,2024-01-21 08:39:49,2024-01-21 08:39:49,,Yes
EMAIL1874,user165@yahoo.com,CAMP103,2024-01-24 11:34:23,2024-01-24 11:34:23,2024-01-24 11:34:23,Yes,No
EMAIL1932,user166@outlook.com,CAMP101,2024-01-10 04:23:52,,,Yes,No
EMAIL1727,user166@outlook.com,CAMP102,2024-01-17 10:39:55,2024-01-17 10:39:55,,Yes,No
EMAIL1862,user166@outlook.com,CAMP103,2024-01-19 04:59:51,,,,Yes
EMAIL1162,user167@company.com,CAMP102,2024-01-24 15:52:19,2024-01-24 15:52:19,,Yes,Yes
EMAIL1335,user167@gmail.com,CAMP101,2024-01-01 08:43:55,,,No,Yes
EMAIL1650,user167@outlook.com,CAMP102,2024-01-04 09:39:04,,,No,Yes
EMAIL1943,user167@outlook.com,CAMP103,2024-01-09 17:48:15,,,No,Yes
EMAIL1211,user167@yahoo.com,CAMP101,2024-01-01 07:24:47,,,No,No
EMAIL1852,user167@yahoo.com,CAMP102,2024-01-24 18:29:54,,,,Yes
EMAIL1846,user168@company.com,CAMP103,2024-01-23 20:04:25,,,No,No
EMAIL1205,user168@gmail.com,CAMP103,2024-01-15 22:01:07,,,Yes,Yes
EMAIL1864,user168@outlook.com,CAMP102,2024-01-28 05:04:41,,,,Yes
EMAIL1140,user168@yahoo.com,CAMP102,2024-01-23 03:19:38,,,Yes,No
EMAIL1027,user169@outlook.com,CAMP101,2024-01-23 01:43:53,,,,No
EMAIL1127,user16@company.com,CAMP102,2024-01-12 14:07:40,2024-01-12 14:07:40,2024-01-12 14:07:40,No,No
EMAIL1543,user16@company.com,CAMP102,2024-01-20 05:52:42,,,,Yes
EMAIL1014,user16@company.com,CAMP102,2024-01-24 18:57:43,,,Yes,Yes
EMAIL1555,user16@company.com,CAMP103,2024-01-19 21:46:07,,,Yes,No
EMAIL1217,user16@gmail.com,CAMP101,2024-01-08 20:17:45,,,No,No
EMAIL1177,user16@gmail.com,CAMP101,2024-01-10 17:05:35,2024-01-10 17:05:35,2024-01-10 17:05:35,No,Yes
EMAIL1617,user16@gmail.com,CAMP101,2024-01-15 04:30:00,,,Yes,Yes
EMAIL1001,user16@gmail.com,CAMP103,2024-01-02 18:33:49,2024-01-02 18:33:49,,,No
EMAIL1669,user16@outlook.com,CAMP101,2024-01-12 22:47:50,2024-01-12 22:47:50,2024-01-12 22:47:50,No,No
EMAIL1158,user16@outlook.com,CAMP103,2024-01-22 17:22:47,,,Yes,Yes
EMAIL1702,user16@yahoo.com,CAMP102,2024-01-10 21:24:37,2024-01-10 21:24:37,,,No
EMAIL1556,user170@company.com,CAMP103,2024-01-24 22:43:09,2024-01-24 22:43:09,,Yes,No
EMAIL1510,user170@gmail.com,CAMP101,2024-01-10 23:06:36,,,Yes,Yes
EMAIL1560,user170@gmail.com,CAMP103,2024-01-13 13:01:02,,,No,No
EMAIL1037,user171@company.com,CAMP103,2024-01-16 05:35:47,2024-01-16 05:35:47,,Yes,No
EMAIL1354,user171@gmail.com,CAMP101,2024-01-21 10:30:29,2024-01-21 10:30:29,2024-01-21 10:30:29,Yes,Yes
EMAIL1430,user171@gmail.com,CAMP102,2024-01-06 05:21:09,,,Yes,No
EMAIL1585,user171@outlook.com,CAMP103,2024-01-19 22:14:23,,,Yes,Yes
EMAIL1805,user172@company.com,CAMP101,2024-01-06 14:16:45,,,No,No
EMAIL1334,user172@company.com,CAMP101,2024-01-20 12:52:49,2024-01-20 12:52:49,,,Yes
EMAIL1248,user172@company.com,CAMP103,2024-01-12 14:33:03,,,,Yes
EMAIL1615,user172@gmail.com,CAMP101,2024-01-28 12:59:05,2024-01-28 12:59:05,,,No
EMAIL1396,user172@outlook.com,CAMP102,2024-01-26 08:25:10,2024-01-26 08:25:10,2024-01-26 08:25:10,Yes,No
EMAIL1832,user172@yahoo.com,CAMP101,2024-01-15 05:18:44,,,Yes,Yes
EMAIL1462,user172@yahoo.com,CAMP103,2024-01-03 05:08:12,,,Yes,Yes
EMAIL1876,user173@company.com,CAMP102,2024-01-25 18:09:37,,,,No
EMAIL1193,user173@outlook.com,CAMP101,2024-01-03 20:05:31,2024-01-03 20:05:31,,No,No
EMAIL1361,user173@outlook.com,CAMP101,2024-01-13 09:02:06,2024-01-13 09:02:06,,,Yes
EMAIL1270,user174@company.com,CAMP101,2024-01-29 18:02:05,,,Yes,Yes
EMAIL1859,user174@company.com,CAMP102,2024-01-24 18:30:37,,,Yes,Yes
EMAIL1854,user174@gmail.com,CAMP103,2024-01-21 04:26:15,,,No,No
EMAIL1186,user174@outlook.com,CAMP101,2024-01-16 11:49:46,2024-01-16 11:49:46,,,No
EMAIL1602,user174@yahoo.com,CAMP102,2024-01-20 18:51:09,2024-01-20 18:51:09,2024-01-20 18:51:09,,No
EMAIL1951,user174@yahoo.com,CAMP103,2024-01-30 09:33:01,,,,No
EMAIL1998,user175@company.com,CAMP103,2024-01-20 02:35:45,2024-01-20 02:35:45,2024-01-20 02:35:45,No,Yes
EMAIL1957,user175@gmail.com,CAMP101,2024-01-15 09:04:32,,,Yes,No
EMAIL1066,user175@outlook.com,CAMP101,2024-01-21 10:21:18,2024-01-21 10:21:18,2024-01-21 10:21:18,No,Yes
EMAIL1626,user176@company.com,CAMP103,2024-01-05 06:36:36,2024-01-05 06:36:36,2024-01-05 06:36:36,Yes,Yes
EMAIL1181,user176@gmail.com,CAMP101,2024-01-01 16:50:04,2024-01-01 16:50:04,2024-01-01 16:50:04,No,Yes
EMAIL1568,user176@outlook.com,CAMP101,2024-01-16 19:49:06,,,Yes,No
EMAIL1085,user176@outlook.com,CAMP102,2024-01-05 21:47:57,,,Yes,No
EMAIL1813,user176@outlook.com,CAMP102,2024-01-13 18:29:37,2024-01-13 18:29:37,2024-01-13 18:29:37,No,Yes
EMAIL1436,user176@yahoo.com,CAMP102,2024-01-24 21:36:02,2024-01-24 21:36:02,2024-01-24 21:36:02,No,Yes
EMAIL1155,user177@company.com,CAMP102,2024-01-07 07:59:57,,,Yes,Yes
EMAIL1922,user177@gmail.com,CAMP103,2024-01-05 06:19:07,2024-01-05 06:19:07,2024-01-05 06:19:07,Yes,No
EMAIL1559,user177@outlook.com,CAMP102,2024-01-12 04:51:47,,,No,No
EMAIL1003,user177@yahoo.com,CAMP101,2024-01-05 05:23:45,,,No,No
EMAIL1350,user177@yahoo.com,CAMP101,2024-01-16 14:52:27,,,,No
EMAIL1608,user178@company.com,CAMP102,2024-01-07 20:58:21,,,No,Yes
EMAIL1409,user178@company.com,CAMP102,2024-01-13 10:00:00,,,Yes,No
EMAIL1678,user178@company.com,CAMP103,2024-01-03 22:24:07,,,Yes,Yes
EMAIL1860,user178@gmail.com,CAMP103,2024-01-20 22:52:30,2024-01-20 22:52:30,2024-01-20 22:52:30,Yes,No
EMAIL1394,user178@outlook.com,CAMP101,2024-01-06 23:46:02,,,Yes,No
EMAIL1580,user178@outlook.com,CAMP102,2024-01-20 03:47:40,,,Yes,Yes
EMAIL1388,user178@yahoo.com,CAMP101,2024-01-25 12:41:47,2024-01-25 12:41:47,2024-01-25 12:41:47,Yes,No
EMAIL1689,user179@company.com,CAMP102,2024-01-15 16:53:51,,,,Yes
EMAIL1698,user179@company.com,CAMP102,2024-01-29 11:12:42,,,Yes,No
EMAIL1049,user179@company.com,CAMP103,2024-01-23 03:04:40,,,,No
EMAIL1331,user179@gmail.com,CAMP102,2024-01-13 06:38:06,,,,Yes
EMAIL1261,user179@gmail.com,CAMP103,2024-01-11 11:30:56,2024-01-11 11:30:56,2024-01-11 11:30:56,No,No
EMAIL1118,user179@outlook.com,CAMP103,2024-01-05 09:20:56,,,No,Yes
EMAIL1293,user179@yahoo.com,CAMP102,2024-01-10 08:47:04,,,Yes,Yes
EMAIL1432,user17@company.com,CAMP101,2024-01-30 09:04:22,,,,Yes
EMAIL1104,user17@company.com,CAMP103,2024-01-15 12:36:12,,,,No
EMAIL1373,user17@gmail.com,CAMP101,2024-01-10 14:23:17,,,No,Yes
EMAIL1449,user17@outlook.com,CAMP102,2024-01-18 21:40:34,2024-01-18 21:40:34,2024-01-18 21:40:34,No,Yes
EMAIL1855,user17@outlook.com,CAMP103,2024-01-01 23:04:27,,,Yes,Yes
EMAIL1981,user180@company.com,CAMP101,2024-01-09 10:22:18,,,,Yes
EMAIL1347,user180@gmail.com,CAMP102,2024-01-20 07:54:01,,,No,Yes
EMAIL1796,user180@gmail.com,CAMP103,2024-01-06 02:56:09,2024-01-06 02:56:09,2024-01-06 02:56:09,Yes,No
EMAIL1209,user180@yahoo.com,CAMP101,2024-01-09 13:07:58,,,,Yes
EMAIL1618,user180@yahoo.com,CAMP102,2024-01-08 06:35:21,2024-01-08 06:35:21,2024-01-08 06:35:21,Yes,Yes
EMAIL1362,user181@gmail.com,CAMP101,2024-01-09 23:46:03,,,No,No
EMAIL1561,user181@gmail.com,CAMP102,2024-01-25 02:08:35,,,No,Yes
EMAIL1138,user181@outlook.com,CAMP102,2024-01-24 21:47:26,2024-01-24 21:47:26,,,No
EMAIL1296,user181@outlook.com,CAMP102,2024-01-26 10:33:47,2024-01-26 10:33:47,2024-01-26 10:33:47,Yes,No
EMAIL1778,user181@outlook.com,CAMP102,2024-01-29 20:20:12,2024-01-29 20:20:12,2024-01-29 20:20:12,Yes,No
EMAIL1179,user181@yahoo.com,CAMP103,2024-01-08 11:35:31,,,,No
EMAIL1875,user182@gmail.com,CAMP102,2024-01-26 00:15:45,,,Yes,Yes
EMAIL1033,user182@outlook.com,CAMP102,2024-01-04 07:07:07,,,Yes,No
EMAIL1609,user182@yahoo.com,CAMP101,2024-01-21 07:33:25,2024-01-21 07:33:25,2024-01-21 07:33:25,No,No
EMAIL1782,user183@gmail.com,CAMP101,2024-01-08 20:06:09,2024-01-08 20:06:09,2024-01-08 20:06:09,No,Yes
EMAIL1467,user183@gmail.com,CAMP103,2024-01-20 08:22:53,2024-01-20 08:22:53,2024-01-20 08:22:53,Yes,No
EMAIL1886,user183@outlook.com,CAMP101,2024-01-05 19:15:50,,,No,No
EMAIL1116,user183@outlook.com,CAMP101,2024-01-12 04:31:35,2024-01-12 04:31:35,2024-01-12 04:31:35,,Yes
EMAIL1041,user184@gmail.com,CAMP102,2024-01-10 00:17:54,2024-01-10 00:17:54,,No,Yes
EMAIL1197,user185@gmail.com,CAMP101,2024-01-21 07:10:29,,,,Yes
EMAIL1115,user185@gmail.com,CAMP103,2024-01-13 07:08:24,2024-01-13 07:08:24,,No,No
EMAIL1391,user185@outlook.com,CAMP101,2024-01-04 01:41:10,2024-01-04 01:41:10,2024-01-04 01:41:10,No,No
EMAIL1221,user185@outlook.com,CAMP102,2024-01-16 04:41:42,,,No,No
EMAIL1843,user186@company.com,CAMP101,2024-01-23 19:28:40,2024-01-23 19:28:40,2024-01-23 19:28:40,Yes,No
EMAIL1353,user186@gmail.com,CAMP101,2024-01-03 01:22:59,2024-01-03 01:22:59,2024-01-03 01:22:59,Yes,No
EMAIL1210,user186@gmail.com,CAMP101,2024-01-16 17:36:01,2024-01-16 17:36:01,,Yes,No
EMAIL1473,user186@outlook.com,CAMP102,2024-01-18 09:26:26,2024-01-18 09:26:26,,Yes,No
EMAIL1077,user186@yahoo.com,CAMP102,2024-01-25 06:32:46,2024-01-25 06:32:46,2024-01-25 06:32:46,,Yes
EMAIL1326,user186@yahoo.com,CAMP103,2024-01-28 23:40:11,,,Yes,Yes
EMAIL1691,user187@company.com,CAMP103,2024-01-01 04:41:19,,,,Yes
EMAIL1715,user187@gmail.com,CAMP101,2024-01-24 14:55:54,,,,No
EMAIL1172,user187@outlook.com,CAMP101,2024-01-11 06:35:11,,,,Yes
EMAIL1011,user188@company.com,CAMP102,2024-01-15 22:49:44,,,Yes,No
EMAIL1480,user188@company.com,CAMP102,2024-01-30 12:28:49,2024-01-30 12:28:49,2024-01-30 12:28:49,Yes,No
EMAIL1571,user188@yahoo.com,CAMP102,2024-01-09 13:41:32,2024-01-09 13:41:32,2024-01-09 13:41:32,,No
EMAIL1134,user188@yahoo.com,CAMP103,2024-01-12 05:09:11,,,,No
EMAIL1909,user189@company.com,CAMP101,2024-01-23 23:32:26,,,Yes,Yes
EMAIL1647,user189@company.com,CAMP102,2024-01-18 01:15:49,2024-01-18 01:15:49,,Yes,No
EMAIL1511,user189@company.com,CAMP102,2024-01-18 17:43:25,2024-01-18 17:43:25,2024-01-18 17:43:25,Yes,No
EMAIL1918,user189@gmail.com,CAMP102,2024-01-25 03:33:26,,,Yes,No
EMAIL1214,user189@outlook.com,CAMP101,2024-01-25 02:27:17,,,,No
EMAIL1739,user189@outlook.com,CAMP102,2024-01-25 18:46:47,,,Yes,No
EMAIL1865,user189@outlook.com,CAMP103,2024-01-13 06:00:56,,,Yes,No
EMAIL1784,user189@outlook.com,CAMP103,2024-01-16 08:48:51,,,No,Yes
EMAIL1377,user189@yahoo.com,CAMP103,2024-01-25 15:37:00,,,,No
EMAIL1566,user189@yahoo.com,CAMP103,2024-01-26 07:21:24,,,No,Yes
EMAIL1458,user18@company.com,CAMP101,2024-01-15 08:15:43,,,Yes,Yes
EMAIL1241,user18@gmail.com,CAMP102,2024-01-13 13:46:28,,,Yes,Yes
EMAIL1486,user18@gmail.com,CAMP102,2024-01-29 12:18:41,,,Yes,Yes
EMAIL1548,user18@yahoo.com,CAMP102,2024-01-12 15:23:13,,,No,Yes
EMAIL1047,user18@yahoo.com,CAMP102,2024-01-21 11:20:38,2024-01-21 11:20:38,,,No
EMAIL1716,user18@yahoo.com,CAMP103,2024-01-06 21:12:41,,,No,Yes
EMAIL1539,user190@company.com,CAMP101,2024-01-19 21:56:04,,,Yes,No
EMAIL1824,user190@company.com,CAMP103,2024-01-03 05:31:00,,,No,No
EMAIL1445,user190@company.com,CAMP103,2024-01-14 23:57:58,,,Yes,No
EMAIL1808,user190@gmail.com,CAMP101,2024-01-06 12:08:17,,,No,No
EMAIL1563,user190@outlook.com,CAMP102,2024-01-13 00:55:02,2024-01-13 00:55:02,2024-01-13 00:55:02,,Yes
EMAIL1526,user191@company.com,CAMP101,2024-01-04 13:32:20,,,,No
EMAIL1505,user191@company.com,CAMP101,2024-01-07 03:13:57,,,Yes,No
EMAIL1476,user191@company.com,CAMP102,2024-01-13 16:18:04,,,,Yes
EMAIL1455,user191@company.com,CAMP102,2024-01-15 06:41:42,,,Yes,Yes
EMAIL1766,user191@company.com,CAMP103,2024-01-24 20:07:16,2024-01-24 20:07:16,2024-01-24 20:07:16,No,No
EMAIL1963,user191@gmail.com,CAMP102,2024-01-20 00:39:41,,,,Yes
EMAIL1371,user191@gmail.com,CAMP102,2024-01-22 13:00:10,2024-01-22 13:00:10,2024-01-22 13:00:10,Yes,Yes
EMAIL1525,user191@yahoo.com,CAMP102,2024-01-13 09:39:49,,,No,Yes
EMAIL1837,user191@yahoo.com,CAMP103,2024-01-24 20:16:15,,,No,Yes
EMAIL1002,user192@gmail.com,CAMP102,2024-01-07 00:23:25,2024-01-07 00:23:25,,No,No
EMAIL1375,user192@gmail.com,CAMP102,2024-01-25 22:26:59,,,No,No
EMAIL1804,user192@outlook.com,CAMP103,2024-01-08 23:47:37,,,Yes,Yes
EMAIL1822,user192@yahoo.com,CAMP101,2024-01-24 22:34:33,2024-01-24 22:34:33,,Yes,Yes
EMAIL1723,user193@company.com,CAMP103,2024-01-09 00:56:06,2024-01-09 00:56:06,,Yes,Yes
EMAIL1632,user193@company.com,CAMP103,2024-01-17 11:27:07,,,Yes,No
EMAIL1612,user193@company.com,CAMP103,2024-01-21 16:22:35,,,No,No
EMAIL1099,user193@gmail.com,CAMP102,2024-01-09 16:46:04,2024-01-09 16:46:04,,,No
EMAIL1148,user193@gmail.com,CAMP102,2024-01-27 11:39:40,2024-01-27 11:39:40,,No,Yes
EMAIL1885,user193@gmail.com,CAMP103,2024-01-17 08:51:12,,,No,Yes
EMAIL1052,user193@yahoo.com,CAMP102,2024-01-29 21:11:58,2024-01-29 21:11:58,2024-01-29 21:11:58,,No
EMAIL1360,user193@yahoo.com,CAMP103,2024-01-28 00:50:02,,,Yes,Yes
EMAIL1767,user194@company.com,CAMP102,2024-01-01 16:51:13,,,Yes,No
EMAIL1586,user194@company.com,CAMP102,2024-01-18 03:56:09,,,Yes,Yes
EMAIL1255,user194@company.com,CAMP103,2024-01-22 04:40:06,2024-01-22 04:40:06,2024-01-22 04:40:06,,Yes
EMAIL1399,user194@yahoo.com,CAMP102,2024-01-24 03:15:32,,,No,Yes
EMAIL1942,user195@gmail.com,CAMP101,2024-01-27 11:59:44,,,No,Yes
EMAIL1519,user195@gmail.com,CAMP102,2024-01-12 06:58:15,,,Yes,No
EMAIL1814,user195@gmail.com,CAMP102,2024-01-26 10:08:19,,,No,No
EMAIL1731,user195@yahoo.com,CAMP103,2024-01-07 01:43:27,,,No,No
EMAIL1239,user195@yahoo.com,CAMP103,2024-01-19 21:46:53,2024-01-19 21:46:53,,Yes,No
EMAIL1195,user197@gmail.com,CAMP103,2024-01-19 02:57:48,,,No,Yes
EMAIL1495,user197@outlook.com,CAMP101,2024-01-04 10:05:55,2024-01-04 10:05:55,2024-01-04 10:05:55,No,No
EMAIL1046,user197@yahoo.com,CAMP102,2024-01-26 06:39:47,2024-01-26 06:39:47,2024-01-26 06:39:47,Yes,No
EMAIL1983,user198@gmail.com,CAMP103,2024-01-24 19:13:43,2024-01-24 19:13:43,,Yes,Yes
EMAIL1591,user198@yahoo.com,CAMP101,2024-01-07 21:06:33,,,Yes,Yes
EMAIL1405,user198@yahoo.com,CAMP101,2024-01-17 12:38:52,,,No,Yes
EMAIL1531,user199@company.com,CAMP102,2024-01-09 17:22:46,2024-01-09 17:22:46,2024-01-09 17:22:46,Yes,Yes
EMAIL1191,user199@company.com,CAMP103,2024-01-22 21:02:17,,,Yes,No
EMAIL1058,user199@yahoo.com,CAMP101,2024-01-17 10:05:28,,,,No
EMAIL1816,user199@yahoo.com,CAMP103,2024-01-02 01:47:15,2024-01-02 01:47:15,,,Yes
EMAIL1749,user19@company.com,CAMP103,2024-01-05 12:41:08,,,No,No
EMAIL1834,user19@gmail.com,CAMP101,2024-01-10 05:20:54,,,No,No
EMAIL1484,user19@gmail.com,CAMP102,2024-01-01 02:45:15,2024-01-01 02:45:15,2024-01-01 02:45:15,Yes,No
EMAIL1584,user19@gmail.com,CAMP103,2024-01-13 23:24:23,2024-01-13 23:24:23,,Yes,No
EMAIL1056,user19@outlook.com,CAMP101,2024-01-12 18:52:19,,,No,No
EMAIL1407,user19@outlook.com,CAMP102,2024-01-06 21:42:06,,,No,Yes
EMAIL1412,user1@company.com,CAMP101,2024-01-18 01:49:45,,,No,No
EMAIL1958,user1@gmail.com,CAMP101,2024-01-09 10:36:11,,,No,No
EMAIL1302,user1@gmail.com,CAMP103,2024-01-28 09:02:26,,,No,No
EMAIL1401,user1@outlook.com,CAMP103,2024-01-04 17:49:42,,,Yes,No
EMAIL1427,user200@gmail.com,CAMP102,2024-01-05 17:24:47,,,No,No
EMAIL1413,user200@outlook.com,CAMP102,2024-01-12 08:53:52,2024-01-12 08:53:52,,Yes,Yes
EMAIL1961,user200@outlook.com,CAMP102,2024-01-19 09:06:44,,,No,Yes
EMAIL1726,user200@outlook.com,CAMP103,2024-01-13 10:00:00,,,Yes,No
EMAIL1207,user200@yahoo.com,CAMP103,2024-01-25 05:29:42,2024-01-25 05:29:42,2024-01-25 05:29:42,Yes,No
EMAIL1446,user20@outlook.com,CAMP101,2024-01-28 13:39:47,,,Yes,No
EMAIL1237,user20@outlook.com,CAMP102,2024-01-30 02:00:45,,,No,No
EMAIL1089,user20@yahoo.com,CAMP101,2024-01-18 23:15:59,2024-01-18 23:15:59,,Yes,No
EMAIL1529,user21@company.com,CAMP102,2024-01-05 06:33:07,,,Yes,Yes
EMAIL1086,user21@company.com,CAMP103,2024-01-25 05:30:39,,,Yes,Yes
EMAIL1051,user21@gmail.com,CAMP102,2024-01-28 01:51:43,,,Yes,Yes
EMAIL1777,user21@gmail.com,CAMP103,2024-01-01 17:56:26,,,Yes,Yes
EMAIL1366,user21@yahoo.com,CAMP103,2024-01-13 08:35:52,,,Yes,Yes
EMAIL1337,user22@company.com,CAMP101,2024-01-29 14:15:34,2024-01-29 14:15:34,2024-01-29 14:15:34,,Yes
EMAIL1823,user22@gmail.com,CAMP103,2024-01-02 23:45:28,,,Yes,No
EMAIL1395,user22@outlook.com,CAMP103,2024-01-02 23:08:23,,,,No
EMAIL1707,user22@outlook.com,CAMP103,2024-01-16 00:47:01,,,Yes,Yes
EMAIL1769,user22@yahoo.com,CAMP102,2024-01-10 13:58:45,2024-01-10 13:58:45,2024-01-10 13:58:45,,Yes
EMAIL1853,user22@yahoo.com,CAMP102,2024-01-27 00:11:43,,,Yes,No
EMAIL1428,user22@yahoo.com,CAMP103,2024-01-26 20:18:28,,,Yes,Yes
EMAIL1709,user23@gmail.com,CAMP101,2024-01-29 12:17:58,2024-01-29 12:17:58,2024-01-29 12:17:58,Yes,No
EMAIL1904,user23@gmail.com,CAMP101,2024-01-30 23:38:13,,,,Yes
EMAIL1060,user23@outlook.com,CAMP102,2024-01-21 22:13:59,,,No,No
EMAIL1338,user24@company.com,CAMP101,2024-01-28 20:27:17,2024-01-28 20:27:17,,Yes,No
EMAIL1252,user24@company.com,CAMP102,2024-01-13 10:01:12,,,Yes,Yes
EMAIL1893,user24@outlook.com,CAMP101,2024-01-04 14:42:40,,,No,No
EMAIL1532,user24@outlook.com,CAMP103,2024-01-03 15:17:19,,,Yes,No
EMAIL1254,user24@yahoo.com,CAMP102,2024-01-29 17:08:30,,,No,No
EMAIL1320,user25@company.com,CAMP102,2024-01-24 19:58:50,,,,Yes
EMAIL1496,user25@gmail.com,CAMP102,2024-01-02 19:27:10,2024-01-02 19:27:10,2024-01-02 19:27:10,No,No
EMAIL1281,user25@gmail.com,CAMP103,2024-01-17 21:07:57,,,Yes,Yes
EMAIL1434,user25@outlook.com,CAMP102,2024-01-13 05:39:12,,,Yes,Yes
EMAIL1167,user25@yahoo.com,CAMP103,2024-01-25 16:30:26,,,Yes,Yes
EMAIL1936,user26@company.com,CAMP101,2024-01-03 22:48:04,2024-01-03 22:48:04,,Yes,Yes
EMAIL1043,user26@gmail.com,CAMP101,2024-01-19 19:30:34,,,No,No
EMAIL1750,user26@outlook.com,CAMP103,2024-01-01 05:53:17,,,Yes,Yes
EMAIL1065,user26@outlook.com,CAMP103,2024-01-09 12:47:13,,,No,No
EMAIL1227,user26@outlook.com,CAMP103,2024-01-11 00:34:25,,,Yes,Yes
EMAIL1514,user26@outlook.com,CAMP103,2024-01-15 12:19:54,2024-01-15 12:19:54,,Yes,No
EMAIL1891,user27@company.com,CAMP102,2024-01-03 08:21:28,,,Yes,No
EMAIL1492,user27@gmail.com,CAMP101,2024-01-16 03:48:35,,,Yes,No
EMAIL1352,user27@outlook.com,CAMP101,2024-01-18 21:06:32,2024-01-18 21:06:32,2024-01-18 21:06:32,,Yes
EMAIL1123,user28@company.com,CAMP101,2024-01-30 10:58:27,2024-01-30 10:58:27,,No,Yes
EMAIL1801,user28@gmail.com,CAMP103,2024-01-25 00:12:33,,,,No
EMAIL1873,user28@outlook.com,CAMP102,2024-01-06 08:22:05,,,No,Yes
EMAIL1218,user28@outlook.com,CAMP102,2024-01-27 01:57:10,,,Yes,Yes
EMAIL1273,user29@gmail.com,CAMP103,2024-01-11 16:33:09,,,No,Yes
EMAIL1161,user29@gmail.com,CAMP103,2024-01-16 09:11:48,2024-01-16 09:11:48,,Yes,Yes
EMAIL1982,user29@outlook.com,CAMP101,2024-01-21 01:32:57,,,,Yes
EMAIL1653,user29@outlook.com,CAMP102,2024-01-22 15:07:40,2024-01-22 15:07:40,,No,No
EMAIL1082,user29@outlook.com,CAMP103,2024-01-24 17:55:14,2024-01-24 17:55:14,2024-01-24 17:55:14,Yes,No
EMAIL1513,user29@yahoo.com,CAMP101,2024-01-08 08:34:14,,,Yes,Yes
EMAIL1468,user29@yahoo.com,CAMP102,2024-01-27 12:50:20,,,,No
EMAIL1826,user2@company.com,CAMP102,2024-01-12 19:31:18,,,,Yes
EMAIL1379,user2@company.com,CAMP103,2024-01-29 10:16:52,,,Yes,Yes
EMAIL1673,user2@gmail.com,CAMP101,2024-01-01 17:33:56,,,Yes,No
EMAIL1160,user2@outlook.com,CAMP101,2024-01-01 17:56:28,2024-01-01 17:56:28,,No,No
EMAIL1168,user2@yahoo.com,CAMP103,2024-01-16 11:57:07,,,Yes,No
EMAIL1550,user30@company.com,CAMP102,2024-01-10 21:42:04,2024-01-10 21:42:04,2024-01-10 21:42:04,No,Yes
EMAIL1359,user30@company.com,CAMP103,2024-01-13 14:37:54,2024-01-13 14:37:54,2024-01-13 14:37:54,,No
EMAIL1229,user30@company.com,CAMP103,2024-01-15 03:23:05,,,Yes,Yes
EMAIL1090,user30@gmail.com,CAMP102,2024-01-23 06:38:29,2024-01-23 06:38:29,,No,No
EMAIL1267,user30@outlook.com,CAMP101,2024-01-28 20:32:49,,,,Yes
EMAIL1404,user31@company.com,CAMP101,2024-01-11 08:20:16,2024-01-11 08:20:16,2024-01-11 08:20:16,Yes,No
EMAIL1487,user31@company.com,CAMP102,2024-01-13 16:16:12,,,No,Yes
EMAIL1892,user31@company.com,CAMP102,2024-01-21 06:01:16,,,No,No
EMAIL1574,user31@gmail.com,CAMP101,2024-01-17 19:47:47,,,Yes,Yes
EMAIL1762,user31@outlook.com,CAMP102,2024-01-08 10:57:35,,,No,No
EMAIL1681,user31@outlook.com,CAMP102,2024-01-12 06:05:34,2024-01-12 06:05:34,,,Yes
EMAIL1384,user31@yahoo.com,CAMP103,2024-01-08 12:34:58,2024-01-08 12:34:58,2024-01-08 12:34:58,Yes,Yes
EMAIL1230,user31@yahoo.com,CAMP103,2024-01-20 13:53:06,2024-01-20 13:53:06,,Yes,Yes
EMAIL1949,user32@company.com,CAMP101,2024-01-17 00:01:03,,,Yes,No
EMAIL1108,user32@gmail.com,CAMP101,2024-01-18 13:48:53,,,,Yes
EMAIL1984,user32@gmail.com,CAMP102,2024-01-16 06:25:03,2024-01-16 06:25:03,2024-01-16 06:25:03,No,No
EMAIL1753,user32@gmail.com,CAMP103,2024-01-26 20:17:45,,,,Yes
EMAIL1589,user32@outlook.com,CAMP102,2024-01-30 22:47:10,,,Yes,Yes
EMAIL1499,user33@company.com,CAMP101,2024-01-02 02:17:29,,,,No
EMAIL1423,user34@gmail.com,CAMP102,2024-01-05 05:02:56,2024-01-05 05:02:56,,Yes,Yes
EMAIL1524,user34@outlook.com,CAMP101,2024-01-11 03:08:16,2024-01-11 03:08:16,,,No
EMAIL1098,user34@outlook.com,CAMP102,2024-01-13 21:52:08,,,Yes,No
EMAIL1157,user34@yahoo.com,CAMP102,2024-01-23 12:57:48,,,Yes,Yes
EMAIL1733,user36@gmail.com,CAMP101,2024-01-14 02:06:00,,,Yes,No
EMAIL1152,user36@gmail.com,CAMP101,2024-01-18 19:26:08,,,No,No
EMAIL1426,user36@outlook.com,CAMP102,2024-01-07 19:12:20,,,No,No
EMAIL1441,user36@outlook.com,CAMP103,2024-01-04 03:12:48,2024-01-04 03:12:48,,Yes,No
EMAIL1192,user36@yahoo.com,CAMP102,2024-01-19 20:43:46,,,No,No
EMAIL1903,user36@yahoo.com,CAMP103,2024-01-08 02:44:08,,,,Yes
EMAIL1144,user36@yahoo.com,CAMP103,2024-01-12 23:14:40,,,,No
EMAIL1475,user37@company.com,CAMP101,2024-01-02 08:42:25,2024-01-02 08:42:25,2024-01-02 08:42:25,Yes,Yes
EMAIL1946,user37@gmail.com,CAMP103,2024-01-19 18:59:44,,,Yes,Yes
EMAIL1597,user37@gmail.com,CAMP103,2024-01-23 16:31:53,,,Yes,Yes
EMAIL1236,user37@outlook.com,CAMP101,2024-01-27 05:32:22,2024-01-27 05:32:22,,Yes,Yes
EMAIL1345,user37@yahoo.com,CAMP102,2024-01-25 21:50:18,,,,No
EMAIL1263,user38@gmail.com,CAMP103,2024-01-20 14:11:18,2024-01-20 14:11:18,2024-01-20 14:11:18,Yes,No
EMAIL1323,user38@outlook.com,CAMP101,2024-01-19 06:14:21,2024-01-19 06:14:21,2024-01-19 06:14:21,,No
EMAIL1304,user38@outlook.com,CAMP103,2024-01-23 06:41:53,2024-01-23 06:41:53,2024-01-23 06:41:53,,No
EMAIL1500,user38@yahoo.com,CAMP101,2024-01-18 16:11:48,,,No,No
EMAIL1156,user39@company.com,CAMP101,2024-01-11 15:09:51,2024-01-11 15:09:51,2024-01-11 15:09:51,Yes,Yes
EMAIL1990,user39@company.com,CAMP102,2024-01-08 01:43:03,,,Yes,No
EMAIL1755,user39@company.com,CAMP102,2024-01-13 14:00:20,,,No,No
EMAIL1735,user39@company.com,CAMP103,2024-01-23 07:53:50,2024-01-23 07:53:50,,Yes,Yes
EMAIL1937,user39@gmail.com,CAMP101,2024-01-21 22:58:01,,,Yes,Yes
EMAIL1863,user39@gmail.com,CAMP103,2024-01-01 08:10:13,,,No,No
EMAIL1238,user39@gmail.com,CAMP103,2024-01-12 15:05:30,2024-01-12 15:05:30,2024-01-12 15:05:30,Yes,No
EMAIL1515,user39@outlook.com,CAMP101,2024-01-09 05:27:52,,,,No
EMAIL1196,user39@yahoo.com,CAMP103,2024-01-26 18:43:19,,,Yes,Yes
EMAIL1992,user39@yahoo.com,CAMP103,2024-01-27 15:29:03,,,Yes,No
EMAIL1178,user3@company.com,CAMP101,2024-01-28 11:18:08,,,No,No
EMAIL1930,user3@gmail.com,CAMP103,2024-01-01 01:41:07,2024-01-01 01:41:07,,Yes,Yes
EMAIL1866,user3@gmail.com,CAMP103,2024-01-13 11:16:09,,,No,No
EMAIL1291,user3@outlook.com,CAMP101,2024-01-01 22:02:25,,,,No
EMAIL1770,user3@outlook.com,CAMP103,2024-01-15 22:01:23,,,,No
EMAIL1265,user40@company.com,CAMP103,2024-01-23 22:50:24,,,Yes,No
EMAIL1781,user40@gmail.com,CAMP102,2024-01-07 20:14:33,,,Yes,No
EMAIL1667,user40@outlook.com,CAMP101,2024-01-01 00:51:57,,,Yes,No
EMAIL1724,user41@company.com,CAMP102,2024-01-08 23:06:53,,,,No
EMAIL1772,user41@gmail.com,CAMP101,2024-01-05 23:39:46,,,Yes,No
EMAIL1604,user41@gmail.com,CAMP103,2024-01-26 22:11:43,,,Yes,No
EMAIL1048,user41@gmail.com,CAMP103,2024-01-30 03:02:49,,,No,No
EMAIL1425,user41@outlook.com,CAMP101,2024-01-06 07:05:10,,,,Yes
EMAIL1552,user41@outlook.com,CAMP102,2024-01-04 13:02:15,,,Yes,No
EMAIL1638,user41@yahoo.com,CAMP103,2024-01-25 07:25:27,2024-01-25 07:25:27,,Yes,No
EMAIL1200,user42@company.com,CAMP101,2024-01-18 22:36:13,2024-01-18 22:36:13,2024-01-18 22:36:13,No,Yes
EMAIL1906,user42@company.com,CAMP102,2024-01-26 19:52:21,,,No,No
EMAIL1662,user42@outlook.com,CAMP102,2024-01-05 23:57:00,2024-01-05 23:57:00,2024-01-05 23:57:00,Yes,Yes
EMAIL1440,user42@yahoo.com,CAMP102,2024-01-25 04:42:23,,,,No
EMAIL1646,user42@yahoo.com,CAMP103,2024-01-11 02:53:55,,,Yes,Yes
EMAIL1460,user42@yahoo.com,CAMP103,2024-01-19 03:36:39,,,No,No
EMAIL1728,user43@company.com,CAMP101,2024-01-23 02:51:03,,,No,Yes
EMAIL1787,user43@gmail.com,CAMP101,2024-01-19 00:16:35,2024-01-19 00:16:35,,,Yes
EMAIL1169,user43@gmail.com,CAMP102,2024-01-16 22:18:19,,,Yes,Yes
EMAIL1368,user43@outlook.com,CAMP102,2024-01-12 13:08:43,2024-01-12 13:08:43,2024-01-12 13:08:43,Yes,Yes
EMAIL1410,user43@yahoo.com,CAMP101,2024-01-23 03:47:05,2024-01-23 03:47:05,2024-01-23 03:47:05,Yes,No
EMAIL1297,user44@company.com,CAMP103,2024-01-26 00:45:26,2024-01-26 00:45:26,2024-01-26 00:45:26,No,Yes
EMAIL1687,user44@gmail.com,CAMP103,2024-01-16 06:07:27,,,Yes,Yes
EMAIL1858,user44@outlook.com,CAMP103,2024-01-26 17:39:18,,,No,No
EMAIL1094,user45@company.com,CAMP103,2024-01-16 11:29:14,,,No,Yes
EMAIL1421,user46@company.com,CAMP102,2024-01-30 02:10:42,2024-01-30 02:10:42,2024-01-30 02:10:42,No,Yes
EMAIL1793,user46@company.com,CAMP103,2024-01-05 19:56:13,,,Yes,No
EMAIL1183,user46@company.com,CAMP103,2024-01-19 09:36:52,,,,No
EMAIL1164,user46@company.com,CAMP103,2024-01-26 06:22:05,,,,Yes
EMAIL1521,user46@gmail.com,CAMP102,2024-01-17 00:03:58,2024-01-17 00:03:58,2024-01-17 00:03:58,,No
EMAIL1344,user46@outlook.com,CAMP103,2024-01-16 22:05:26,,,Yes,No
EMAIL1965,user46@yahoo.com,CAMP102,2024-01-01 14:15:35,2024-01-01 14:15:35,2024-01-01 14:15:35,Yes,No
EMAIL1850,user46@yahoo.com,CAMP102,2024-01-28 00:24:43,2024-01-28 00:24:43,2024-01-28 00:24:43,Yes,Yes
EMAIL1126,user47@company.com,CAMP101,2024-01-05 05:46:05,,,Yes,Yes
EMAIL1417,user47@company.com,CAMP102,2024-01-16 11:05:55,,,Yes,No
EMAIL1272,user47@outlook.com,CAMP102,2024-01-14 13:54:51,,,Yes,No
EMAIL1309,user47@yahoo.com,CAMP101,2024-01-04 14:30:15,,,No,Yes
EMAIL1314,user47@yahoo.com,CAMP101,2024-01-15 23:50:55,2024-01-15 23:50:55,2024-01-15 23:50:55,No,Yes
EMAIL1734,user48@gmail.com,CAMP101,2024-01-16 08:52:13,2024-01-16 08:52:13,,,Yes
EMAIL1595,user48@outlook.com,CAMP101,2024-01-13 02:21:38,,,,Yes
EMAIL1695,user48@outlook.com,CAMP101,2024-01-28 15:27:48,2024-01-28 15:27:48,2024-01-28 15:27:48,Yes,Yes
EMAIL1091,user48@yahoo.com,CAMP102,2024-01-23 03:14:28,2024-01-23 03:14:28,,Yes,No
EMAIL1100,user49@company.com,CAMP101,2024-01-07 21:40:50,,,No,No
EMAIL1044,user49@gmail.com,CAMP101,2024-01-27 00:12:07,,,,No
EMAIL1783,user49@gmail.com,CAMP103,2024-01-02 21:36:21,,,Yes,No
EMAIL1856,user49@gmail.com,CAMP103,2024-01-21 12:46:54,,,No,No
EMAIL1997,user4@outlook.com,CAMP101,2024-01-30 16:13:13,,,,Yes
EMAIL1894,user4@outlook.com,CAMP103,2024-01-08 12:51:51,,,,No
EMAIL1725,user4@outlook.com,CAMP103,2024-01-26 20:12:42,2024-01-26 20:12:42,,Yes,Yes
EMAIL1246,user50@company.com,CAMP102,2024-01-04 15:42:13,2024-01-04 15:42:13,2024-01-04 15:42:13,No,No
EMAIL1329,user50@company.com,CAMP102,2024-01-20 12:52:03,2024-01-20 12:52:03,,No,Yes
EMAIL1722,user50@outlook.com,CAMP103,2024-01-06 18:57:38,,,Yes,No
EMAIL1788,user50@yahoo.com,CAMP101,2024-01-09 19:23:00,,,Yes,Yes
EMAIL1250,user51@gmail.com,CAMP101,2024-01-26 12:09:12,,,,Yes
EMAIL1802,user51@outlook.com,CAMP103,2024-01-16 19:47:47,,,,No
EMAIL1076,user51@yahoo.com,CAMP101,2024-01-13 10:00:00,,,Yes,Yes
EMAIL1699,user51@yahoo.com,CAMP102,2024-01-10 23:20:17,,,,Yes
EMAIL1422,user51@yahoo.com,CAMP103,2024-01-18 21:35:28,,,Yes,Yes
EMAIL1812,user51@yahoo.com,CAMP103,2024-01-18 23:40:59,2024-01-18 23:40:59,,No,No
EMAIL1765,user53@company.com,CAMP101,2024-01-07 21:00:20,,,Yes,Yes
EMAIL1315,user53@gmail.com,CAMP103,2024-01-27 02:17:10,,,Yes,Yes
EMAIL1447,user53@outlook.com,CAMP102,2024-01-17 09:49:20,2024-01-17 09:49:20,,Yes,Yes
EMAIL1683,user53@outlook.com,CAMP102,2024-01-23 00:32:33,2024-01-23 00:32:33,,,Yes
EMAIL1045,user53@outlook.com,CAMP103,2024-01-13 03:19:25,2024-01-13 03:19:25,2024-01-13 03:19:25,,No
EMAIL1503,user53@yahoo.com,CAMP102,2024-01-05 18:11:15,,,No,No
EMAIL1562,user53@yahoo.com,CAMP102,2024-01-06 20:25:58,,,Yes,No
EMAIL1220,user54@company.com,CAMP102,2024-01-04 18:33:30,,,No,Yes
EMAIL1592,user54@company.com,CAMP103,2024-01-02 05:08:14,2024-01-02 05:08:14,,,Yes
EMAIL1318,user54@company.com,CAMP103,2024-01-25 02:44:14,,,Yes,No
EMAIL1333,user54@gmail.com,CAMP101,2024-01-24 23:14:03,,,Yes,Yes
EMAIL1916,user54@yahoo.com,CAMP101,2024-01-19 19:45:04,,,No,No
EMAIL1081,user54@yahoo.com,CAMP102,2024-01-18 20:12:44,,,,No
EMAIL1451,user54@yahoo.com,CAMP102,2024-01-29 01:16:14,,,No,Yes
EMAIL1431,user54@yahoo.com,CAMP103,2024-01-23 08:20:39,,,Yes,Yes
EMAIL1298,user55@company.com,CAMP102,2024-01-16 23:56:51,,,No,Yes
EMAIL1251,user55@gmail.com,CAMP102,2024-01-08 13:21:28,,,Yes,Yes
EMAIL1752,user55@gmail.com,CAMP102,2024-01-27 03:59:30,2024-01-27 03:59:30,2024-01-27 03:59:30,,Yes
EMAIL1312,user55@outlook.com,CAMP101,2024-01-07 04:40:55,,,No,No
EMAIL1408,user55@outlook.com,CAMP101,2024-01-24 00:25:49,,,Yes,No
EMAIL1488,user55@outlook.com,CAMP103,2024-01-01 18:25:44,,,Yes,No
EMAIL1629,user55@outlook.com,CAMP103,2024-01-28 17:15:27,2024-01-28 17:15:27,2024-01-28 17:15:27,Yes,No
EMAIL1579,user55@yahoo.com,CAMP103,2024-01-13 10:00:00,,,Yes,Yes
EMAIL1980,user55@yahoo.com,CAMP103,2024-01-19 12:05:49,,,Yes,Yes
EMAIL1199,user56@company.com,CAMP103,2024-01-03 17:12:44,,,Yes,No
EMAIL1028,user56@company.com,CAMP103,2024-01-12 21:21:35,,,No,No
EMAIL1378,user56@gmail.com,CAMP101,2024-01-10 08:54:00,,,No,No
EMAIL1416,user56@gmail.com,CAMP103,2024-01-02 18:07:05,,,,Yes
EMAIL1869,user56@gmail.com,CAMP103,2024-01-19 15:53:25,,,No,No
EMAIL1684,user56@outlook.com,CAMP101,2024-01-26 20:59:01,,,Yes,Yes
EMAIL1642,user57@company.com,CAMP101,2024-01-23 18:31:58,,,No,Yes
EMAIL1276,user57@company.com,CAMP103,2024-01-14 11:31:18,,,Yes,Yes
EMAIL1154,user57@gmail.com,CAMP101,2024-01-08 14:39:38,,,No,Yes
EMAIL1025,user57@gmail.com,CAMP101,2024-01-15 21:22:14,2024-01-15 21:22:14,2024-01-15 21:22:14,No,Yes
EMAIL1547,user57@gmail.com,CAMP102,2024-01-04 22:25:34,,,No,Yes
EMAIL1789,user57@gmail.com,CAMP102,2024-01-07 03:17:28,,,No,No
EMAIL1880,user57@yahoo.com,CAMP101,2024-01-17 17:18:21,2024-01-17 17:18:21,,Yes,Yes
EMAIL1925,user58@outlook.com,CAMP102,2024-01-28 11:17:15,,,No,Yes
EMAIL1644,user58@outlook.com,CAMP102,2024-01-29 20:09:53,,,No,Yes
EMAIL1226,user58@outlook.com,CAMP103,2024-01-13 22:53:50,2024-01-13 22:53:50,,,No
EMAIL1933,user58@yahoo.com,CAMP101,2024-01-19 10:01:22,2024-01-19 10:01:22,2024-01-19 10:01:22,Yes,No
EMAIL1637,user59@company.com,CAMP102,2024-01-04 04:53:25,,,Yes,No
EMAIL1889,user59@company.com,CAMP103,2024-01-13 01:26:42,,,Yes,Yes
EMAIL1032,user59@outlook.com,CAMP101,2024-01-23 02:51:10,,,Yes,No
EMAIL1721,user59@outlook.com,CAMP102,2024-01-25 05:54:33,,,No,Yes
EMAIL1225,user59@outlook.com,CAMP103,2024-01-14 02:31:44,,,,Yes
EMAIL1332,user59@yahoo.com,CAMP101,2024-01-24 07:53:45,,,Yes,Yes
EMAIL1224,user5@company.com,CAMP101,2024-01-02 19:01:00,,,Yes,Yes
EMAIL1107,user5@company.com,CAMP103,2024-01-23 02:58:54,,,No,No
EMAIL1700,user5@gmail.com,CAMP103,2024-01-02 20:10:30,,,Yes,Yes
EMAIL1964,user5@yahoo.com,CAMP101,2024-01-26 04:21:08,,,No,Yes
EMAIL1121,user5@yahoo.com,CAMP101,2024-01-27 21:58:44,2024-01-27 21:58:44,,No,Yes
EMAIL1711,user60@company.com,CAMP101,2024-01-05 09:12:34,,,,Yes
EMAIL1610,user60@company.com,CAMP101,2024-01-19 20:36:29,2024-01-19 20:36:29,2024-01-19 20:36:29,Yes,Yes
EMAIL1575,user60@gmail.com,CAMP101,2024-01-23 19:18:16,,,Yes,No
EMAIL1845,user60@outlook.com,CAMP101,2024-01-07 13:25:13,,,,No
EMAIL1358,user60@outlook.com,CAMP101,2024-01-16 00:07:08,2024-01-16 00:07:08,,,No
EMAIL1005,user60@yahoo.com,CAMP102,2024-01-05 03:27:00,,,Yes,No
EMAIL1908,user60@yahoo.com,CAMP103,2024-01-26 08:00:33,,,,No
EMAIL1928,user61@company.com,CAMP103,2024-01-28 12:20:55,,,No,No
EMAIL1367,user61@gmail.com,CAMP103,2024-01-08 20:30:12,,,,Yes
EMAIL1502,user62@company.com,CAMP101,2024-01-25 15:19:09,,,,Yes
EMAIL1740,user62@company.com,CAMP101,2024-01-25 17:34:35,,,No,Yes
EMAIL1119,user62@company.com,CAMP103,2024-01-04 06:45:25,,,No,Yes
EMAIL1987,user62@company.com,CAMP103,2024-01-25 13:58:09,,,Yes,Yes
EMAIL1686,user62@gmail.com,CAMP103,2024-01-07 13:58:05,,,Yes,No
EMAIL1443,user62@gmail.com,CAMP103,2024-01-14 11:47:22,,,No,Yes
EMAIL1954,user62@outlook.com,CAMP101,2024-01-25 00:42:00,2024-01-25 00:42:00,,No,Yes
EMAIL1457,user62@outlook.com,CAMP102,2024-01-30 17:21:18,,,No,No
EMAIL1233,user62@outlook.com,CAMP103,2024-01-20 20:01:40,,,No,Yes
EMAIL1948,user62@yahoo.com,CAMP101,2024-01-13 05:54:07,,,,No
EMAIL1289,user63@company.com,CAMP102,2024-01-27 05:42:18,,,Yes,No
EMAIL1053,user63@company.com,CAMP103,2024-01-02 01:34:23,,,No,No
EMAIL1945,user63@company.com,CAMP103,2024-01-02 12:51:06,,,Yes,No
EMAIL1895,user63@company.com,CAMP103,2024-01-08 20:33:42,,,Yes,Yes
EMAIL1493,user63@company.com,CAMP103,2024-01-09 04:34:53,,,Yes,Yes
EMAIL1070,user63@gmail.com,CAMP103,2024-01-03 01:03:39,,,Yes,No
EMAIL1452,user63@outlook.com,CAMP101,2024-01-04 09:28:09,2024-01-04 09:28:09,2024-01-04 09:28:09,No,Yes
EMAIL1635,user64@gmail.com,CAMP102,2024-01-03 11:49:20,,,Yes,No
EMAIL1639,user64@outlook.com,CAMP101,2024-01-01 20:49:19,2024-01-01 20:49:19,,Yes,Yes
EMAIL1494,user64@outlook.com,CAMP102,2024-01-02 22:44:43,,,No,No
EMAIL1322,user64@outlook.com,CAMP103,2024-01-10 03:07:19,,,Yes,Yes
EMAIL1253,user65@company.com,CAMP102,2024-01-06 17:20:11,2024-01-06 17:20:11,2024-01-06 17:20:11,Yes,Yes
EMAIL1616,user65@gmail.com,CAMP103,2024-01-21 14:43:58,,,Yes,Yes
EMAIL1738,user65@outlook.com,CAMP102,2024-01-04 19:28:35,2024-01-04 19:28:35,,Yes,No
EMAIL1883,user65@yahoo.com,CAMP101,2024-01-20 12:11:17,,,No,No
EMAIL1830,user65@yahoo.com,CAMP102,2024-01-13 05:17:22,,,No,No
EMAIL1773,user65@yahoo.com,CAMP103,2024-01-19 03:26:46,,,,Yes
EMAIL1517,user66@gmail.com,CAMP103,2024-01-17 05:56:19,,,Yes,Yes
EMAIL1974,user66@yahoo.com,CAMP101,2024-01-11 19:28:07,2024-01-11 19:28:07,2024-01-11 19:28:07,Yes,Yes
EMAIL1067,user66@yahoo.com,CAMP102,2024-01-10 16:52:11,2024-01-10 16:52:11,2024-01-10 16:52:11,Yes,Yes
EMAIL1018,user66@yahoo.com,CAMP102,2024-01-15 09:28:21,,,No,Yes
EMAIL1614,user67@company.com,CAMP101,2024-01-05 08:08:03,,,Yes,Yes
EMAIL1234,user67@company.com,CAMP102,2024-01-21 14:29:52,,,Yes,Yes
EMAIL1929,user67@company.com,CAMP103,2024-01-27 03:52:13,2024-01-27 03:52:13,2024-01-27 03:52:13,Yes,No
EMAIL1204,user67@gmail.com,CAMP102,2024-01-26 12:26:05,2024-01-26 12:26:05,,,Yes
EMAIL1356,user67@gmail.com,CAMP103,2024-01-24 19:26:00,,,No,Yes
EMAIL1799,user68@outlook.com,CAMP102,2024-01-24 19:20:35,,,,Yes
EMAIL1341,user68@yahoo.com,CAMP101,2024-01-16 20:41:30,,,Yes,Yes
EMAIL1038,user68@yahoo.com,CAMP102,2024-01-13 10:00:00,,,Yes,No
EMAIL1960,user68@yahoo.com,CAMP102,2024-01-16 23:42:20,,,Yes,Yes
EMAIL1240,user69@company.com,CAMP103,2024-01-08 15:23:00,,,Yes,Yes
EMAIL1570,user69@company.com,CAMP103,2024-01-19 07:41:51,2024-01-19 07:41:51,,No,No
EMAIL1106,user69@gmail.com,CAMP102,2024-01-18 03:46:42,2024-01-18 03:46:42,,No,Yes
EMAIL1661,user69@outlook.com,CAMP101,2024-01-10 18:24:22,,,,Yes
EMAIL1215,user69@outlook.com,CAMP103,2024-01-26 04:37:45,2024-01-26 04:37:45,2024-01-26 04:37:45,Yes,No
EMAIL1995,user69@yahoo.com,CAMP102,2024-01-12 21:57:18,2024-01-12 21:57:18,,Yes,Yes
EMAIL1757,user69@yahoo.com,CAMP103,2024-01-09 05:21:59,,,Yes,No
EMAIL1921,user6@company.com,CAMP102,2024-01-01 06:12:15,,,Yes,No
EMAIL1938,user6@company.com,CAMP102,2024-01-05 00:05:41,,,No,Yes
EMAIL1785,user6@company.com,CAMP102,2024-01-23 18:53:51,2024-01-23 18:53:51,2024-01-23 18:53:51,No,Yes
EMAIL1682,user6@outlook.com,CAMP103,2024-01-01 02:01:35,,,Yes,Yes
EMAIL1153,user6@yahoo.com,CAMP101,2024-01-07 12:53:06,,,Yes,No
EMAIL1165,user70@company.com,CAMP101,2024-01-17 08:46:01,,,No,No
EMAIL1587,user70@company.com,CAMP102,2024-01-14 06:36:24,,,Yes,Yes
EMAIL1993,user70@company.com,CAMP103,2024-01-15 12:30:03,2024-01-15 12:30:03,,,No
EMAIL1463,user70@gmail.com,CAMP103,2024-01-30 12:04:20,,,No,No
EMAIL1299,user70@yahoo.com,CAMP101,2024-01-07 17:14:33,,,No,Yes
EMAIL1857,user70@yahoo.com,CAMP101,2024-01-13 01:29:34,,,No,Yes
EMAIL1901,user70@yahoo.com,CAMP102,2024-01-09 07:53:21,,,Yes,No
EMAIL1835,user70@yahoo.com,CAMP102,2024-01-12 12:26:40,2024-01-12 12:26:40,,Yes,Yes
EMAIL1530,user70@yahoo.com,CAMP102,2024-01-29 07:44:27,,,No,Yes
EMAIL1112,user70@yahoo.com,CAMP103,2024-01-01 04:25:34,2024-01-01 04:25:34,,,No
EMAIL1343,user71@company.com,CAMP102,2024-01-10 02:06:06,2024-01-10 02:06:06,,,Yes
EMAIL1194,user71@company.com,CAMP103,2024-01-12 21:35:19,,,No,No
EMAIL1346,user71@gmail.com,CAMP103,2024-01-09 05:39:34,2024-01-09 05:39:34,2024-01-09 05:39:34,,No
EMAIL2000,user71@outlook.com,CAMP101,2024-01-02 07:54:26,,,Yes,No
EMAIL1768,user71@yahoo.com,CAMP102,2024-01-09 19:10:23,,,Yes,Yes
EMAIL1720,user71@yahoo.com,CAMP103,2024-01-03 11:19:01,,,No,Yes
EMAIL1545,user72@outlook.com,CAMP103,2024-01-02 03:14:39,2024-01-02 03:14:39,,Yes,No
EMAIL1660,user72@yahoo.com,CAMP103,2024-01-06 04:56:51,,,No,Yes
EMAIL1073,user72@yahoo.com,CAMP103,2024-01-15 08:54:49,,,Yes,Yes
EMAIL1947,user73@company.com,CAMP102,2024-01-07 07:53:09,,,Yes,Yes
EMAIL1833,user73@company.com,CAMP102,2024-01-08 15:21:28,,,,No
EMAIL1677,user73@company.com,CAMP102,2024-01-09 23:44:40,,,Yes,Yes
EMAIL1249,user73@company.com,CAMP102,2024-01-30 23:33:29,,,,No
EMAIL1176,user73@company.com,CAMP103,2024-01-01 01:59:30,,,,Yes
EMAIL1023,user73@gmail.com,CAMP102,2024-01-27 09:50:14,,,Yes,No
EMAIL1015,user73@yahoo.com,CAMP102,2024-01-02 16:45:36,,,Yes,No
EMAIL1393,user73@yahoo.com,CAMP103,2024-01-20 06:17:59,,,Yes,Yes
EMAIL1868,user74@company.com,CAMP101,2024-01-13 10:00:00,2024-01-13 10:00:00,2024-01-13 10:00:00,No,Yes
EMAIL1083,user74@gmail.com,CAMP101,2024-01-18 01:52:16,2024-01-18 01:52:16,2024-01-18 01:52:16,Yes,No
EMAIL1316,user74@gmail.com,CAMP101,2024-01-19 03:11:59,,,Yes,No
EMAIL1652,user74@gmail.com,CAMP102,2024-01-05 09:53:46,,,Yes,Yes
EMAIL1017,user74@outlook.com,CAMP102,2024-01-17 07:11:43,2024-01-17 07:11:43,2024-01-17 07:11:43,No,No
EMAIL1599,user74@yahoo.com,CAMP101,2024-01-22 08:27:33,,,,No
EMAIL1300,user75@company.com,CAMP102,2024-01-29 23:52:13,2024-01-29 23:52:13,,Yes,Yes
EMAIL1301,user75@gmail.com,CAMP102,2024-01-17 11:22:47,,,Yes,No
EMAIL1198,user75@outlook.com,CAMP102,2024-01-03 00:36:37,,,Yes,Yes
EMAIL1187,user75@outlook.com,CAMP103,2024-01-22 19:19:53,,,Yes,Yes
EMAIL1020,user76@company.com,CAMP101,2024-01-15 02:55:39,2024-01-15 02:55:39,2024-01-15 02:55:39,Yes,Yes
EMAIL1175,user76@gmail.com,CAMP102,2024-01-02 15:23:16,2024-01-02 15:23:16,,No,No
EMAIL1659,user76@gmail.com,CAMP102,2024-01-08 04:13:54,2024-01-08 04:13:54,2024-01-08 04:13:54,Yes,Yes
EMAIL1537,user76@gmail.com,CAMP103,2024-01-19 19:06:05,,,No,No
EMAIL1072,user76@outlook.com,CAMP101,2024-01-23 17:50:16,,,No,No
EMAIL1490,user76@yahoo.com,CAMP101,2024-01-25 00:54:23,,,No,No
EMAIL1034,user77@outlook.com,CAMP101,2024-01-20 09:14:39,,,No,Yes
EMAIL1754,user77@outlook.com,CAMP103,2024-01-13 13:31:45,,,Yes,No
EMAIL1693,user77@outlook.com,CAMP103,2024-01-27 06:02:24,,,No,No
EMAIL1268,user77@yahoo.com,CAMP103,2024-01-10 04:13:24,2024-01-10 04:13:24,2024-01-10 04:13:24,No,No
EMAIL1657,user77@yahoo.com,CAMP103,2024-01-15 23:20:35,,,No,No
EMAIL1790,user78@company.com,CAMP101,2024-01-05 06:26:31,,,Yes,Yes
EMAIL1264,user78@company.com,CAMP102,2024-01-16 02:23:10,,,Yes,No
EMAIL1245,user78@outlook.com,CAMP102,2024-01-13 13:27:33,,,Yes,Yes
EMAIL1459,user78@outlook.com,CAMP102,2024-01-18 14:50:04,2024-01-18 14:50:04,,,No
EMAIL1059,user78@outlook.com,CAMP102,2024-01-29 10:41:41,,,Yes,Yes
EMAIL1898,user78@yahoo.com,CAMP102,2024-01-21 08:13:08,,,Yes,Yes
EMAIL1389,user78@yahoo.com,CAMP102,2024-01-27 04:35:14,,,No,No
EMAIL1583,user79@company.com,CAMP101,2024-01-26 04:31:34,,,No,Yes
EMAIL1655,user79@yahoo.com,CAMP103,2024-01-22 10:49:48,2024-01-22 10:49:48,,No,No
EMAIL1712,user7@company.com,CAMP101,2024-01-21 10:05:43,,,Yes,No
EMAIL1871,user7@company.com,CAMP102,2024-01-15 10:47:07,,,,No
EMAIL1466,user7@gmail.com,CAMP102,2024-01-10 08:51:02,,,Yes,Yes
EMAIL1696,user7@outlook.com,CAMP102,2024-01-30 04:12:34,,,Yes,Yes
EMAIL1671,user7@outlook.com,CAMP103,2024-01-12 05:50:55,,,Yes,No
EMAIL1030,user7@yahoo.com,CAMP103,2024-01-16 16:43:43,2024-01-16 16:43:43,2024-01-16 16:43:43,No,Yes
EMAIL1021,user80@gmail.com,CAMP102,2024-01-29 23:14:11,2024-01-29 23:14:11,2024-01-29 23:14:11,Yes,No
EMAIL1465,user80@gmail.com,CAMP103,2024-01-21 04:36:52,2024-01-21 04:36:52,2024-01-21 04:36:52,Yes,No
EMAIL1919,user81@gmail.com,CAMP101,2024-01-18 00:34:59,,,Yes,Yes
EMAIL1310,user81@gmail.com,CAMP102,2024-01-09 11:46:36,2024-01-09 11:46:36,,,No
EMAIL1064,user81@outlook.com,CAMP103,2024-01-21 23:04:50,,,Yes,Yes
EMAIL1985,user82@company.com,CAMP101,2024-01-05 17:45:31,2024-01-05 17:45:31,,No,No
EMAIL1012,user82@outlook.com,CAMP103,2024-01-03 21:26:21,,,Yes,No
EMAIL1988,user83@gmail.com,CAMP101,2024-01-14 12:00:52,,,,No
EMAIL1912,user83@outlook.com,CAMP101,2024-01-12 08:42:19,,,Yes,No
EMAIL1664,user83@yahoo.com,CAMP101,2024-01-02 05:28:54,,,,No
EMAIL1324,user83@yahoo.com,CAMP101,2024-01-30 08:41:51,,,No,Yes
EMAIL1567,user83@yahoo.com,CAMP102,2024-01-04 22:35:24,,,Yes,No
EMAIL1259,user84@company.com,CAMP102,2024-01-16 17:14:51,,,Yes,Yes
EMAIL1827,user84@gmail.com,CAMP101,2024-01-04 20:41:03,,,Yes,No
EMAIL1242,user84@outlook.com,CAMP101,2024-01-02 06:28:28,,,Yes,No
EMAIL1149,user84@outlook.com,CAMP103,2024-01-05 03:27:20,,,Yes,No
EMAIL1601,user85@outlook.com,CAMP101,2024-01-14 20:10:40,2024-01-14 20:10:40,,Yes,Yes
EMAIL1103,user85@outlook.com,CAMP103,2024-01-12 18:38:26,,,,No
EMAIL1820,user85@yahoo.com,CAMP101,2024-01-13 23:03:26,,,Yes,No
EMAIL1364,user85@yahoo.com,CAMP101,2024-01-25 14:41:51,,,,No
EMAIL1074,user85@yahoo.com,CAMP103,2024-01-09 20:19:47,,,Yes,No
EMAIL1390,user85@yahoo.com,CAMP103,2024-01-18 01:32:32,2024-01-18 01:32:32,2024-01-18 01:32:32,Yes,Yes
EMAIL1658,user86@company.com,CAMP101,2024-01-12 23:44:07,2024-01-12 23:44:07,2024-01-12 23:44:07,Yes,No
EMAIL1061,user86@gmail.com,CAMP102,2024-01-12 17:59:00,,,Yes,Yes
EMAIL1554,user86@outlook.com,CAMP102,2024-01-25 05:17:14,,,Yes,Yes
EMAIL1071,user86@yahoo.com,CAMP101,2024-01-03 10:49:22,2024-01-03 10:49:22,,Yes,No
EMAIL1080,user86@yahoo.com,CAMP101,2024-01-04 07:50:46,2024-01-04 07:50:46,2024-01-04 07:50:46,No,No
EMAIL1029,user87@outlook.com,CAMP101,2024-01-26 16:31:06,,,Yes,No
EMAIL1444,user88@company.com,CAMP101,2024-01-20 16:51:02,,,No,No
EMAIL1269,user88@company.com,CAMP101,2024-01-28 13:28:43,,,Yes,Yes
EMAIL1759,user88@company.com,CAMP102,2024-01-14 03:49:12,,,Yes,Yes
EMAIL1611,user88@company.com,CAMP103,2024-01-16 06:53:20,2024-01-16 06:53:20,2024-01-16 06:53:20,Yes,Yes
EMAIL1703,user88@outlook.com,CAMP101,2024-01-12 15:35:39,,,Yes,No
EMAIL1079,user89@company.com,CAMP101,2024-01-06 17:26:24,,,Yes,Yes
EMAIL1622,user89@company.com,CAMP101,2024-01-09 06:56:25,2024-01-09 06:56:25,,Yes,Yes
EMAIL1507,user89@company.com,CAMP103,2024-01-01 05:29:27,2024-01-01 05:29:27,2024-01-01 05:29:27,Yes,Yes
EMAIL1275,user89@gmail.com,CAMP101,2024-01-14 21:07:20,2024-01-14 21:07:20,2024-01-14 21:07:20,No,No
EMAIL1004,user89@outlook.com,CAMP102,2024-01-12 04:25:51,2024-01-12 04:25:51,,,No
EMAIL1729,user89@outlook.com,CAMP103,2024-01-08 21:33:32,2024-01-08 21:33:32,2024-01-08 21:33:32,Yes,Yes
EMAIL1024,user89@yahoo.com,CAMP101,2024-01-02 13:58:35,2024-01-02 13:58:35,,No,No
EMAIL1442,user89@yahoo.com,CAMP102,2024-01-20 03:58:56,,,,No
EMAIL1941,user8@yahoo.com,CAMP101,2024-01-10 12:24:34,,,No,Yes
EMAIL1414,user90@company.com,CAMP102,2024-01-27 13:13:05,,,,No
EMAIL1419,user90@company.com,CAMP103,2024-01-07 22:45:08,2024-01-07 22:45:08,2024-01-07 22:45:08,,Yes
EMAIL1247,user90@company.com,CAMP103,2024-01-26 03:04:27,,,No,Yes
EMAIL1952,user90@outlook.com,CAMP103,2024-01-21 00:31:33,,,Yes,No
EMAIL1454,user91@company.com,CAMP103,2024-01-26 21:16:07,2024-01-26 21:16:07,2024-01-26 21:16:07,No,Yes
EMAIL1418,user91@gmail.com,CAMP102,2024-01-03 20:26:08,2024-01-03 20:26:08,2024-01-03 20:26:08,Yes,Yes
EMAIL1122,user91@outlook.com,CAMP101,2024-01-04 03:17:23,2024-01-04 03:17:23,2024-01-04 03:17:23,Yes,Yes
EMAIL1203,user91@yahoo.com,CAMP103,2024-01-02 00:43:19,2024-01-02 00:43:19,2024-01-02 00:43:19,Yes,No
EMAIL1771,user92@company.com,CAMP102,2024-01-02 00:17:51,,,No,Yes
EMAIL1262,user92@gmail.com,CAMP101,2024-01-07 06:55:39,,,Yes,Yes
EMAIL1471,user92@gmail.com,CAMP101,2024-01-29 10:50:53,,,,No
EMAIL1084,user92@gmail.com,CAMP102,2024-01-08 17:54:21,,,Yes,No
EMAIL1363,user92@outlook.com,CAMP103,2024-01-27 06:13:16,,,Yes,Yes
EMAIL1774,user93@gmail.com,CAMP102,2024-01-02 18:02:42,2024-01-02 18:02:42,,Yes,No
EMAIL1231,user93@outlook.com,CAMP103,2024-01-05 22:08:55,,,,Yes
EMAIL1497,user93@outlook.com,CAMP103,2024-01-17 20:23:35,2024-01-17 20:23:35,,Yes,No
EMAIL1093,user93@yahoo.com,CAMP102,2024-01-02 16:56:42,,,,No
EMAIL1911,user93@yahoo.com,CAMP102,2024-01-10 23:18:47,,,Yes,Yes
EMAIL1775,user94@gmail.com,CAMP101,2024-01-10 13:59:13,2024-01-10 13:59:13,,Yes,Yes
EMAIL1092,user94@gmail.com,CAMP102,2024-01-21 10:57:44,,,No,Yes
EMAIL1884,user94@gmail.com,CAMP102,2024-01-24 08:28:34,,,Yes,No
EMAIL1966,user94@gmail.com,CAMP103,2024-01-02 16:45:20,,,Yes,Yes
EMAIL1676,user94@outlook.com,CAMP102,2024-01-26 18:57:41,2024-01-26 18:57:41,,Yes,No
EMAIL1522,user95@company.com,CAMP101,2024-01-22 02:49:02,,,No,No
EMAIL1714,user95@company.com,CAMP102,2024-01-12 15:01:06,,,Yes,Yes
EMAIL1926,user95@company.com,CAMP103,2024-01-18 13:05:34,2024-01-18 13:05:34,,Yes,No
EMAIL1761,user95@outlook.com,CAMP103,2024-01-01 19:38:13,,,No,Yes
EMAIL1006,user95@yahoo.com,CAMP101,2024-01-16 12:23:34,2024-01-16 12:23:34,,No,No
EMAIL1924,user95@yahoo.com,CAMP103,2024-01-02 05:57:41,,,Yes,No
EMAIL1914,user96@gmail.com,CAMP103,2024-01-18 02:34:19,,,No,No
EMAIL1325,user96@outlook.com,CAMP101,2024-01-16 19:15:01,,,,Yes
EMAIL1498,user96@outlook.com,CAMP103,2024-01-13 10:00:00,,,Yes,Yes
EMAIL1386,user96@yahoo.com,CAMP103,2024-01-02 07:29:04,,,Yes,Yes
EMAIL1009,user96@yahoo.com,CAMP103,2024-01-29 13:41:27,,,No,No
EMAIL1541,user97@company.com,CAMP101,2024-01-19 20:15:42,,,No,Yes
EMAIL1890,user97@gmail.com,CAMP101,2024-01-26 00:36:58,,,Yes,No
EMAIL1506,user97@outlook.com,CAMP102,2024-01-13 07:39:01,,,,No
EMAIL1120,user97@yahoo.com,CAMP102,2024-01-20 13:28:27,2024-01-20 13:28:27,2024-01-20 13:28:27,No,Yes
EMAIL1146,user98@gmail.com,CAMP102,2024-01-07 08:58:52,2024-01-07 08:58:52,,Yes,No
EMAIL1036,user98@yahoo.com,CAMP101,2024-01-06 16:04:17,,,Yes,No
EMAIL1795,user98@yahoo.com,CAMP103,2024-01-14 05:46:12,,,Yes,Yes
EMAIL1558,user99@gmail.com,CAMP101,2024-01-12 20:53:53,,,Yes,No
EMAIL1851,user99@gmail.com,CAMP102,2024-01-01 05:54:18,,,,No
EMAIL1730,user99@gmail.com,CAMP102,2024-01-28 09:51:06,,,No,No
EMAIL1953,user99@outlook.com,CAMP103,2024-01-06 16:46:42,2024-01-06 16:46:42,2024-01-06 16:46:42,Yes,Yes
EMAIL1679,user9@company.com,CAMP103,2024-01-21 16:26:59,,,Yes,No
EMAIL1485,user9@gmail.com,CAMP101,2024-01-14 04:14:50,,,No,Yes
EMAIL1745,user9@gmail.com,CAMP101,2024-01-22 15:49:26,2024-01-22 15:49:26,,No,No
EMAIL1512,user9@outlook.com,CAMP101,2024-01-06 13:28:04,2024-01-06 13:28:04,,Yes,No
