user_id,sign_up_date,acquisition_source,first_lesson_started,hours_watched,lessons_completed,churned,mrr_value,survey_score,reactivation_email_sent
1,2025-01-01,social,0,1.5414614471808332,3,1,50.515000828532536,4,0
2,2025-01-01,paid_ad,1,1.6217190055218869,4,1,44.56251495676897,4,0
3,2025-01-01,email,1,6.29237429693212,3,0,64.21267862863351,3,0
4,2025-01-01,search,1,1.6598695865188504,5,1,60.1204246671293,4,0
5,2025-01-01,social,1,3.278467030989879,5,0,40.72452469933805,4,1
6,2025-01-01,social,1,1.7523207656377386,4,0,38.076595294974645,3,1
7,2025-01-01,social,1,0.17446808158005533,8,0,18.914672274560026,4,0
8,2025-01-01,email,1,6.176595819641154,4,0,52.31047762525381,4,0
9,2025-01-01,search,1,3.5093117087710186,3,1,48.75953382472402,3,1
10,2025-01-01,email,1,4.850825053798059,5,0,67.04287061963812,3,0
11,2025-01-02,social,1,0.7076597997674791,9,0,55.385826402205495,3,0
12,2025-01-02,paid_ad,1,2.1454265463264273,5,0,70.01343791259035,3,0
13,2025-01-02,email,1,5.833436822634812,2,0,39.53953658125744,4,0
14,2025-01-02,social,0,1.0303768149943262,5,0,67.07225496451427,4,1
15,2025-01-02,social,1,4.688510710996042,2,0,42.06625431343017,5,1
16,2025-01-02,social,1,3.2421517007716,2,0,61.66394092688408,3,0
17,2025-01-02,social,0,1.773631221756119,5,0,28.118624112039598,3,0
18,2025-01-02,search,1,1.6484219206284407,2,0,53.52702949049283,4,0
19,2025-01-02,search,1,1.3382776878809524,5,0,20.22968087831135,4,0
20,2025-01-02,social,0,3.4951397540180107,1,0,45.99293771087368,4,1
21,2025-01-03,search,1,3.8099730547861372,3,0,56.60530990816871,2,0
22,2025-01-03,social,1,2.4726409511746446,3,1,42.18547173153356,3,0
23,2025-01-03,social,1,1.2606913508722177,2,0,34.24343556866049,3,1
24,2025-01-03,social,1,4.5923561067041545,6,0,62.691777039439,5,1
25,2025-01-03,search,1,6.25439443525262,2,0,48.44805815229615,3,1
26,2025-01-03,email,1,5.201169548211523,0,0,42.65644029453993,5,0
27,2025-01-03,social,1,11.96771210979425,5,0,50.62843881731415,4,0
28,2025-01-03,search,1,2.8830464509721194,2,0,89.55003712918383,3,0
29,2025-01-03,search,1,8.292558048253936,5,0,67.30254274672316,4,0
30,2025-01-03,social,1,1.928175194589941,1,0,67.4386050228176,4,1
31,2025-01-04,search,0,1.6663453142456666,5,0,56.53319478488546,5,0
32,2025-01-04,social,1,3.660204647257573,5,0,52.49727908865721,3,1
33,2025-01-04,social,1,9.534016895813087,5,0,14.058765675043755,3,0
34,2025-01-04,paid_ad,0,2.6352233226692294,8,0,39.81529480305302,3,1
35,2025-01-04,paid_ad,0,0.7070673417439453,4,0,42.79138380196288,1,0
36,2025-01-04,email,1,6.172952071304558,5,0,21.876619039287004,4,1
37,2025-01-04,social,1,3.136370582513636,6,0,32.6387631467685,5,0
38,2025-01-04,social,1,4.165742179670989,5,0,20.287452936160488,3,0
39,2025-01-04,search,0,1.744630399381627,4,0,49.42514246453941,4,1
40,2025-01-04,search,1,3.634433118665514,2,0,62.28148956273224,4,0
41,2025-01-05,social,1,0.828096781029649,7,0,66.60161777936493,3,0
42,2025-01-05,search,1,10.886855623313703,2,0,56.22176693118862,2,1
43,2025-01-05,social,1,6.971963479159116,4,0,35.549054882021466,4,0
44,2025-01-05,paid_ad,1,3.511623014924243,3,0,21.01902262220061,5,0
45,2025-01-05,social,1,6.055583841971271,4,0,23.64696950897747,4,0
46,2025-01-05,search,1,1.9325062200762977,5,0,30.965261341182522,1,1
47,2025-01-05,social,1,6.762584408660469,2,0,36.66710452946488,3,0
48,2025-01-05,search,0,2.5415106986783855,7,0,47.6037725301262,2,0
49,2025-01-05,search,1,2.3959653062727795,2,0,34.787536728095475,4,0
50,2025-01-05,social,0,1.4253960483404247,5,0,55.084638405023924,4,0
51,2025-01-06,paid_ad,1,4.551046738293762,1,0,46.515897458007906,2,0
52,2025-01-06,email,1,3.396259571431537,3,0,50.15818567611539,4,0
53,2025-01-06,paid_ad,1,8.470852068374828,1,0,67.10375829006807,4,0
54,2025-01-06,email,1,1.2738968464586402,4,0,32.29652398699445,4,0
55,2025-01-06,search,1,4.566023729367841,5,0,56.28056867438553,5,0
56,2025-01-06,paid_ad,1,7.43512918574623,5,0,49.7904015728589,2,0
57,2025-01-06,social,1,3.8608430429567573,3,0,44.99770578545457,5,0
58,2025-01-06,social,1,2.5020854072411933,4,1,63.2788448129894,2,0
59,2025-01-06,social,1,3.7874914129045654,4,0,63.18521231835511,3,0
60,2025-01-06,social,1,8.023978291843818,9,0,35.80263806017358,5,0
61,2025-01-07,social,1,8.021740995960691,5,1,47.26759124213114,5,0
62,2025-01-07,social,1,3.0376807214200388,5,0,54.21817523876098,4,1
63,2025-01-07,email,1,7.9288082452831805,7,0,45.90489877966123,4,0
64,2025-01-07,social,1,3.2746361963859307,3,1,58.77531998431697,4,0
65,2025-01-07,social,1,6.008982848908743,2,0,54.217880268654135,4,0
66,2025-01-07,search,1,4.953648844091555,7,0,77.48841860534019,2,0
67,2025-01-07,social,1,2.42068462390372,7,0,27.045812961053187,4,1
68,2025-01-07,email,0,1.4738762476511271,5,0,48.16346015378904,4,0
69,2025-01-07,social,1,7.5671356066177715,6,0,36.37246232731713,4,0
70,2025-01-07,paid_ad,1,9.006312222162494,5,0,59.06161183158566,3,0
71,2025-01-08,email,1,4.48820112222989,2,1,25.74242164931683,4,0
72,2025-01-08,social,1,3.2712500184372697,5,1,55.1946906533733,5,0
73,2025-01-08,social,0,1.121779069193317,7,1,40.54927352977488,4,0
74,2025-01-08,email,0,7.436422247960096,6,0,38.987572008184785,5,1
75,2025-01-08,email,1,4.119585262982678,2,1,28.302526946889692,3,0
76,2025-01-08,email,1,2.708535643498367,6,0,43.023860806984906,4,0
77,2025-01-08,email,1,6.127071818496473,3,0,66.26750795436388,4,0
78,2025-01-08,social,1,0.925890168443563,5,0,49.62216974705781,4,0
79,2025-01-08,social,1,1.3601628836835231,4,1,59.41520626811712,4,0
80,2025-01-08,social,1,1.8717664014966926,2,0,74.96962732949413,4,0
81,2025-01-09,email,1,4.844092706053473,5,0,53.95633377233864,5,0
82,2025-01-09,search,0,3.8188435434931884,6,0,41.61800641906489,4,0
83,2025-01-09,social,1,5.255430084270765,6,0,57.008783227741844,2,1
84,2025-01-09,social,1,7.097929479446485,3,0,41.835557805285625,4,0
85,2025-01-09,social,1,5.388938092270047,4,0,42.43365975054246,3,1
86,2025-01-09,social,1,11.038654098000254,4,0,27.20160800571523,3,0
87,2025-01-09,email,1,7.086742174365523,5,0,63.893862366265886,5,0
88,2025-01-09,search,0,3.0320714914578084,2,0,44.20996136525841,3,1
89,2025-01-09,email,1,2.1333703231006567,1,0,52.73147368723793,4,0
90,2025-01-09,search,1,3.104999010865925,1,0,34.46057107090041,3,1
91,2025-01-10,social,1,5.5211664883272356,7,0,56.539214445732085,1,1
92,2025-01-10,email,1,2.3306058429355625,7,0,38.57088142797374,4,0
93,2025-01-10,email,1,5.627966552372193,5,0,47.87436917447263,2,0
94,2025-01-10,search,1,5.188027205391078,5,0,63.16739046858689,4,0
95,2025-01-10,email,1,1.454438237165181,2,0,61.861389683487936,3,1
96,2025-01-10,search,0,6.997052096053609,1,0,49.669548912245894,3,1
97,2025-01-10,search,1,4.374441299713838,6,0,23.478034509399226,2,0
98,2025-01-10,search,0,10.68849209934222,3,1,94.89215855090961,3,0
99,2025-01-10,social,1,3.2834431203930077,3,0,76.18788455409704,4,0
100,2025-01-10,social,1,2.610206175632505,3,0,60.840122373324476,3,0
101,2025-01-11,social,0,1.2857784990139507,2,0,38.70194327613544,4,0
102,2025-01-11,search,1,1.2665555884723012,4,1,48.29611757447053,5,0
103,2025-01-11,social,1,6.438315191705523,3,0,41.84869355335225,4,0
104,2025-01-11,search,1,9.988125412808245,7,0,68.95783908644582,4,0
105,2025-01-11,paid_ad,1,3.070854321669721,4,0,53.937543362777504,2,1
106,2025-01-11,social,0,2.916161959702928,3,0,38.237542124602506,3,1
107,2025-01-11,search,1,3.5174985022962364,5,0,42.93867351312827,5,1
108,2025-01-11,email,1,7.3232604566303605,2,0,66.81782213854856,4,1
109,2025-01-11,social,1,1.4664813133141015,4,0,74.00146770230718,4,0
110,2025-01-11,social,0,3.9874563735773427,3,0,72.92497345229368,4,0
111,2025-01-12,social,1,6.538502979017928,5,0,61.35548097580966,3,0
112,2025-01-12,social,1,4.801769208211119,2,0,46.21062696796045,1,1
113,2025-01-12,paid_ad,1,0.0918379522191268,6,0,10.0,4,1
114,2025-01-12,email,1,5.407815929088347,3,1,54.457400357123326,4,1
115,2025-01-12,search,1,4.835136657850516,4,0,49.972568617338496,4,1
116,2025-01-12,email,1,8.28678601111753,5,0,52.09973144482032,5,0
117,2025-01-12,email,0,9.46964920615801,4,0,50.80846020549809,3,0
118,2025-01-12,social,1,8.01154161142608,4,0,30.106067570762644,3,0
119,2025-01-12,email,1,3.5319202691723595,2,1,58.361128352767786,5,0
120,2025-01-12,search,0,0.6720526823664298,3,0,59.483244710477756,4,0
121,2025-01-13,email,1,2.8995097967576506,2,0,60.23508173089489,4,0
122,2025-01-13,email,1,3.4471865710128586,1,1,64.1986550536008,2,0
123,2025-01-13,social,1,9.904842698406307,3,0,59.06077467382435,3,0
124,2025-01-13,social,1,1.7603064968468,4,1,43.849558826916336,4,0
125,2025-01-13,social,1,0.954716247923139,4,0,48.93744728125865,3,0
126,2025-01-13,search,1,2.3432069462277196,7,1,51.36687300880065,4,0
127,2025-01-13,email,0,1.8460931225996136,2,0,51.615491736599274,5,0
128,2025-01-13,email,1,0.8611381655775641,5,0,64.97326483957595,4,0
129,2025-01-13,social,1,3.1233270918800455,8,1,59.65503129533736,3,1
130,2025-01-13,search,1,3.5507548832107645,9,0,81.1601515935493,4,0
131,2025-01-14,search,1,0.8085860059914317,2,0,83.09703469827008,3,0
132,2025-01-14,social,1,2.5970028143017623,4,0,51.194743739208874,3,1
133,2025-01-14,social,0,1.7440178106975417,4,1,10.0,1,1
134,2025-01-14,social,1,3.6392373819683166,6,0,68.55248699190899,3,1
135,2025-01-14,paid_ad,1,3.914662538935987,5,1,41.894354915194185,5,0
136,2025-01-14,social,0,1.7443314580351454,1,0,37.9777411725349,3,0
137,2025-01-14,search,1,6.9549131830256306,2,0,44.0233208751595,3,0
138,2025-01-14,email,1,3.3886631198873847,6,1,43.300354297780906,5,0
139,2025-01-14,social,1,1.8183969131194564,5,0,59.18404715158089,1,1
140,2025-01-14,paid_ad,1,0.7534843126406969,4,0,26.60846331310662,4,0
141,2025-01-15,paid_ad,1,4.071716167088343,5,0,33.83418881312598,3,0
142,2025-01-15,social,1,4.82694404128198,4,0,55.14737831296125,1,0
143,2025-01-15,search,1,2.2351727097895147,4,0,59.344160456199624,5,0
144,2025-01-15,social,1,3.726898211633622,1,0,59.62312467404018,2,0
145,2025-01-15,social,1,9.469350736734006,8,0,38.19445581600051,4,1
146,2025-01-15,social,1,6.226565408689468,2,0,35.3260152610064,3,1
147,2025-01-15,search,1,0.2925577479180122,4,0,42.400477493181214,2,1
148,2025-01-15,search,1,1.7999345266508164,7,0,53.59809128427088,1,0
149,2025-01-15,social,1,3.005785145385176,6,0,72.28216053908824,2,0
150,2025-01-15,social,1,3.535727560354754,3,1,19.288442213438746,2,0
151,2025-01-16,paid_ad,1,3.7880360122299934,5,0,46.6890686456245,4,0
152,2025-01-16,social,1,4.609579480849992,5,0,30.009823384621946,4,1
153,2025-01-16,social,1,3.0852046355069764,3,0,25.216359839697652,3,0
154,2025-01-16,search,1,3.3822401069704022,3,0,64.50434968017225,3,1
155,2025-01-16,paid_ad,1,6.449650781475664,5,1,58.16936861749008,5,0
156,2025-01-16,social,1,4.131003091401673,1,0,56.74150273920893,5,0
157,2025-01-16,search,0,1.1664744257057489,4,0,63.8153875959649,4,0
158,2025-01-16,email,1,3.621563503590047,2,0,42.80421654850796,5,0
159,2025-01-16,social,1,3.0123436487746127,1,0,43.51043725499708,3,1
160,2025-01-16,email,0,0.4529429646781482,2,0,82.78595925083862,3,0
161,2025-01-17,social,1,3.763351192814912,4,0,46.301434186106384,4,1
162,2025-01-17,search,0,1.3216906130624504,4,1,61.026981695811365,4,1
163,2025-01-17,search,1,6.515304965126011,2,1,50.095723114449726,4,0
164,2025-01-17,search,1,4.562480982086308,9,0,22.276122048823773,3,1
165,2025-01-17,social,0,1.1036427322256055,4,0,19.330564942980978,5,0
166,2025-01-17,email,1,6.314364878391625,5,0,41.31523670090143,4,0
167,2025-01-17,social,1,8.37621856512535,4,1,65.84151877504983,3,1
168,2025-01-17,social,1,2.728501157329499,3,1,61.82437484954006,4,1
169,2025-01-17,social,0,2.998436533277164,6,0,63.71115746336051,3,0
170,2025-01-17,search,1,5.8956888100546125,5,0,35.19430731595527,2,0
171,2025-01-18,search,1,7.962652921914019,5,0,74.23808735183471,3,0
172,2025-01-18,social,1,0.6197382776845721,4,0,35.526600497204235,3,0
173,2025-01-18,search,1,1.2354385702665833,4,0,53.19236598004953,1,0
174,2025-01-18,social,1,2.3811495302393677,3,0,49.84471565138395,4,1
175,2025-01-18,search,1,2.5995719553238605,1,0,47.39189269528121,3,0
176,2025-01-18,social,1,5.77884828850494,1,0,70.07888207443409,4,0
177,2025-01-18,search,1,7.990223110107476,5,0,39.42334219751059,2,0
178,2025-01-18,social,0,8.391587871605974,6,0,29.75592116432108,3,0
179,2025-01-18,paid_ad,1,0.602287117932379,6,0,50.29993229309629,5,0
180,2025-01-18,social,1,1.655508083962549,3,0,44.0025989857021,4,0
181,2025-01-19,social,1,2.025674045284605,6,0,100.66074378623969,5,1
182,2025-01-19,social,1,1.649469922410638,5,0,60.14761214659963,5,0
183,2025-01-19,paid_ad,1,4.552514914604656,6,0,43.859891371720636,3,0
184,2025-01-19,email,1,4.952138194257775,1,0,34.1583264621937,3,1
185,2025-01-19,social,0,3.3499430749134946,3,0,21.79567384146823,5,0
186,2025-01-19,search,1,3.110346908421905,3,0,34.621713713938504,5,0
187,2025-01-19,email,1,2.4663344663850144,6,0,51.72412657638698,4,0
188,2025-01-19,search,0,2.708780517807834,2,0,71.40992977392155,4,0
189,2025-01-19,search,1,9.399227163077438,9,0,66.82533713581878,4,0
190,2025-01-19,social,1,5.476116890986783,4,0,53.43642247469569,3,0
191,2025-01-20,social,0,2.5435710127221363,3,0,45.15248501446273,4,1
192,2025-01-20,email,1,3.063885335169905,5,0,54.03218534618232,4,1
193,2025-01-20,paid_ad,1,4.628116445236245,5,0,42.22043003773136,4,0
194,2025-01-20,search,1,1.1032866666968988,2,0,75.77545993645813,1,0
195,2025-01-20,social,0,3.7162002194318764,3,0,47.1621472808738,3,0
196,2025-01-20,social,1,5.267084517390496,5,0,48.7049321262991,2,0
197,2025-01-20,email,1,4.800946925597254,4,1,16.762663624689978,3,0
198,2025-01-20,email,1,1.6849679846373766,3,0,47.06847730215854,5,0
199,2025-01-20,email,1,1.9735487218501668,1,0,62.547262069474115,1,0
200,2025-01-20,email,0,0.3896404772934161,4,0,33.98416134442183,3,1
201,2025-01-21,search,1,5.661346848994373,2,1,38.739194982607806,3,0
202,2025-01-21,social,0,12.068412195758214,8,0,61.89066526600497,4,1
203,2025-01-21,social,0,1.4784149493648333,7,0,27.8501416472292,4,1
204,2025-01-21,email,1,7.060643174179008,5,1,65.86701511312877,3,0
205,2025-01-21,search,1,11.377448888613662,2,0,42.01784164740347,3,1
206,2025-01-21,social,1,2.2704688824435326,4,1,44.171476692631956,3,1
207,2025-01-21,social,1,3.067190990281985,6,1,33.141823923116085,4,0
208,2025-01-21,search,1,4.032346227134416,3,0,55.67069390641825,3,0
209,2025-01-21,social,1,4.692606334375495,2,0,86.8980797754407,5,0
210,2025-01-21,social,1,4.193657117985295,5,0,61.72245859190948,4,1
211,2025-01-22,search,1,2.4209132252286687,5,0,37.03572107089196,2,0
212,2025-01-22,search,1,5.2095717393435415,5,0,67.03430878237215,4,0
213,2025-01-22,search,0,2.467180911616324,5,0,45.24980681098626,3,0
214,2025-01-22,social,1,4.404882397658318,6,0,70.6172747214134,4,0
215,2025-01-22,email,1,3.258346510360843,4,0,62.100146032465446,3,0
216,2025-01-22,social,1,0.5313360272294596,0,0,10.0,4,1
217,2025-01-22,social,0,7.768533760856937,6,0,34.93880550567459,4,0
218,2025-01-22,email,1,2.019757443854306,5,0,64.16577834253084,5,1
219,2025-01-22,search,1,8.29048032122821,6,0,52.27485908217526,3,1
220,2025-01-22,email,1,6.8711420244124595,6,0,34.64366078438224,3,0
221,2025-01-23,search,1,3.943595812220157,2,0,40.49615726759281,4,0
222,2025-01-23,search,0,4.868031476980349,2,0,21.40645069865929,5,1
223,2025-01-23,social,1,5.292220155565111,3,1,48.67440068710406,5,1
224,2025-01-23,social,1,2.8493284205484484,6,0,83.16034589023647,2,0
225,2025-01-23,social,1,2.9578045094681014,4,0,62.07400086098488,2,0
226,2025-01-23,social,1,5.112761799104284,3,0,82.85625501782634,4,0
227,2025-01-23,paid_ad,1,3.285260501219047,3,0,63.235956346849704,2,1
228,2025-01-23,social,1,2.4274491239151645,3,0,65.41219015029037,3,1
229,2025-01-23,email,1,1.7095088461883623,4,0,79.61118031617536,2,0
230,2025-01-23,search,1,4.498668697404641,2,0,55.658948890133395,4,1
231,2025-01-24,email,1,1.9628821018534535,4,1,47.1915901773968,5,0
232,2025-01-24,search,1,6.092639588018653,4,0,65.48986274933019,5,1
233,2025-01-24,search,1,6.449604320650876,6,0,71.80760355682827,3,0
234,2025-01-24,search,0,4.841368787433806,2,1,42.800530359316866,4,0
235,2025-01-24,social,1,5.577905860936648,1,0,39.17646376489956,5,0
236,2025-01-24,email,1,4.85161778621106,5,0,52.082840486463205,2,0
237,2025-01-24,social,1,5.8565078805732975,5,0,62.47248300397493,4,0
238,2025-01-24,social,1,5.684832813295388,6,0,61.97136572992343,3,0
239,2025-01-24,search,1,4.325603323727124,6,0,28.637485997186015,3,0
240,2025-01-24,social,0,6.930249944096005,1,0,78.67409100594982,3,0
241,2025-01-25,paid_ad,1,2.9297746720907516,3,0,40.382526059047244,2,0
242,2025-01-25,paid_ad,1,1.75620699815744,3,1,46.02402504667131,4,1
243,2025-01-25,paid_ad,1,1.6773833244762846,7,1,36.46018460018271,3,1
244,2025-01-25,social,1,2.599731117097954,6,1,90.47493253905631,3,0
245,2025-01-25,social,1,0.4449609905593565,3,0,53.63106005431951,2,0
246,2025-01-25,paid_ad,1,3.9149415582782265,4,0,37.235373789776524,5,0
247,2025-01-25,search,0,5.341674212281417,1,0,62.958853249436686,4,1
248,2025-01-25,paid_ad,0,6.387442435140649,4,0,61.5370366896505,4,1
249,2025-01-25,paid_ad,1,0.6670986320546212,4,1,47.18409464630174,4,0
250,2025-01-25,email,1,1.7263599091730186,1,0,62.609100691750754,3,1
251,2025-01-26,social,1,5.966459332905487,2,1,37.62062058753703,3,1
252,2025-01-26,social,1,2.8575042996397197,6,0,42.60622587576122,4,1
253,2025-01-26,email,0,5.257866776710884,4,1,19.846750181509055,2,0
254,2025-01-26,social,0,1.0482216158281537,2,1,30.140733736706558,2,0
255,2025-01-26,social,1,8.225340368373484,7,0,77.11446208506028,4,0
256,2025-01-26,search,1,0.967339044211024,5,0,74.62142941583471,3,0
257,2025-01-26,paid_ad,1,3.8309211442281166,4,0,50.98682972973444,3,0
258,2025-01-26,search,1,3.9045051215428024,6,0,74.94397170784757,4,0
259,2025-01-26,search,0,2.2182533292744306,7,0,47.59888270087542,3,0
260,2025-01-26,social,1,4.7207637620360074,3,0,46.348845461481375,4,0
261,2025-01-27,search,1,4.816195234451756,5,1,50.847659726983345,4,0
262,2025-01-27,paid_ad,1,4.452674421716457,6,0,48.12617607014652,4,0
263,2025-01-27,social,1,2.184326003196199,2,0,46.772055146597296,4,1
264,2025-01-27,search,1,1.8421046998428874,5,0,67.15097160724329,3,1
265,2025-01-27,email,0,2.384311574829385,2,0,52.252034809343044,3,0
266,2025-01-27,email,0,1.628853512676711,3,0,60.68722646650707,3,0
267,2025-01-27,search,1,7.146462624528196,1,0,65.47070787915996,3,0
268,2025-01-27,email,1,2.5563666823136098,2,0,55.822786934821,5,0
269,2025-01-27,social,1,3.7503045112469686,3,0,35.44593011137642,4,1
270,2025-01-27,social,1,5.9498158836495,3,0,29.707011665539422,3,0
271,2025-01-28,email,1,1.5582786721050403,6,0,52.231709522109576,1,0
272,2025-01-28,email,1,0.9260097185208643,1,0,47.43115542762598,1,1
273,2025-01-28,email,1,1.6339239470168678,5,0,51.31087143380183,3,0
274,2025-01-28,paid_ad,0,4.058261303479881,6,0,49.75918941127121,2,0
275,2025-01-28,search,1,3.8585813219572738,6,1,88.75360490249851,4,0
276,2025-01-28,search,0,4.446566869406018,3,0,30.04660616537993,5,0
277,2025-01-28,email,1,3.0738559629980395,4,0,20.15080595268313,4,0
278,2025-01-28,search,1,0.16925452745504127,5,0,54.985652502794146,3,0
279,2025-01-28,email,0,2.9985077020609596,4,0,44.35366168117707,3,0
280,2025-01-28,email,1,6.4989321557357815,4,1,54.74101804594927,4,1
281,2025-01-29,email,1,7.65206505775894,4,0,58.75824533426002,4,0
282,2025-01-29,social,1,3.5675263454751382,4,0,69.26157042768347,4,1
283,2025-01-29,social,1,3.8691967431039473,5,0,27.391612694240923,5,0
284,2025-01-29,social,0,5.1894271075156855,2,0,41.64923153214256,4,0
285,2025-01-29,search,1,7.508089075482434,3,0,56.43141888321146,4,0
286,2025-01-29,social,1,3.3346967030748695,2,0,61.5569539353084,2,0
287,2025-01-29,search,0,5.139077330830165,1,0,82.90174325432578,4,0
288,2025-01-29,search,1,2.104339680893793,8,0,64.33555956670801,3,0
289,2025-01-29,social,0,1.0705217804677403,1,0,49.148171061705845,3,1
290,2025-01-29,search,0,2.294664477469697,10,0,36.643463705860086,4,0
291,2025-01-30,social,1,8.665846792291951,5,0,41.53565220921472,3,0
292,2025-01-30,social,0,5.21178099244395,6,0,41.1094576556434,2,1
293,2025-01-30,email,1,1.1727595456083573,3,0,59.82850442770641,1,0
294,2025-01-30,social,1,5.381497217551892,6,0,53.85496168378746,1,0
295,2025-01-30,social,1,1.2610718847149511,4,0,30.145256437367316,1,1
296,2025-01-30,search,1,4.402734654016988,3,0,43.4614779636435,2,0
297,2025-01-30,email,0,1.5045959906194868,0,0,63.16321330177131,3,0
298,2025-01-30,social,0,1.1088718202113277,5,0,55.27493532461089,3,0
299,2025-01-30,search,1,9.627941534100348,8,1,58.52966924019156,5,0
300,2025-01-30,social,1,2.554801291585549,2,0,55.743825650858945,3,0
301,2025-01-31,social,0,5.145905417229823,3,0,74.39646101913289,2,0
302,2025-01-31,search,1,3.4401063736847193,6,0,53.54064595736555,4,1
303,2025-01-31,search,0,1.3575280259311022,1,1,44.20965803193953,5,1
304,2025-01-31,search,1,2.7772440631992144,5,0,36.26367438299659,4,0
305,2025-01-31,email,1,1.3686777137222055,5,1,53.74414187314568,3,0
306,2025-01-31,paid_ad,1,14.248915851366796,7,1,13.389439778373733,4,1
307,2025-01-31,search,1,5.7972891462300105,5,0,47.23566497250932,4,0
308,2025-01-31,social,1,3.3916771473039886,1,1,46.91240210117984,4,0
309,2025-01-31,email,1,4.954945328210606,4,0,29.532937195740786,4,0
310,2025-01-31,social,1,5.542626776906635,6,1,36.07601242016006,5,1
311,2025-02-01,search,0,5.552795956710106,1,0,62.14486295222362,5,0
312,2025-02-01,social,1,5.389960808547664,1,0,53.460676236124435,4,1
313,2025-02-01,social,1,5.106780011538774,2,0,51.526825005609915,3,0
314,2025-02-01,paid_ad,1,3.6033022592616133,6,0,54.59521300898034,4,0
315,2025-02-01,email,1,9.145790247576436,4,0,51.38941381923385,4,0
316,2025-02-01,search,1,3.7770980472407474,5,0,68.64293844287472,1,0
317,2025-02-01,search,1,3.466458747696599,8,0,51.85143772555473,5,1
318,2025-02-01,social,1,3.801229989546193,5,0,28.126803292718744,3,1
319,2025-02-01,social,0,4.003726255142518,6,0,74.45194947311616,4,0
320,2025-02-01,social,0,0.6729957949050629,3,0,55.555104009932684,5,1
321,2025-02-02,search,1,1.619138270943448,3,0,41.16119403807399,3,1
322,2025-02-02,email,0,3.0737752216525567,4,0,31.198974225574723,4,0
323,2025-02-02,search,1,0.6361161135135212,4,0,55.93871331437068,2,0
324,2025-02-02,social,1,3.3875533672859834,5,0,48.24241992538437,3,0
325,2025-02-02,paid_ad,1,3.965186963342143,4,0,73.61220179048613,3,0
326,2025-02-02,email,1,1.0234570556631715,5,1,44.81139078999758,3,0
327,2025-02-02,search,0,1.9817272862806345,3,0,37.439288154763,3,0
328,2025-02-02,search,1,7.858390846755223,1,1,63.43694327353893,5,0
329,2025-02-02,search,1,4.990583960491958,3,0,63.87922839075247,5,1
330,2025-02-02,social,1,4.79231556966996,3,0,52.52977051415293,2,1
331,2025-02-03,social,1,7.228852727288566,3,0,60.14535571512363,4,0
332,2025-02-03,email,1,1.6474451251861382,6,1,49.43469318886643,2,0
333,2025-02-03,social,1,1.026499987549131,7,0,53.50797651513871,1,0
334,2025-02-03,social,1,6.587731276224012,5,0,67.47486323845885,2,0
335,2025-02-03,social,1,3.1410492001686703,4,0,59.37977501032254,5,0
336,2025-02-03,social,1,1.6085580416656597,2,0,47.46088342501063,5,0
337,2025-02-03,email,0,0.6670092679442804,0,1,70.28543818889226,3,0
338,2025-02-03,email,1,3.8334459447891023,4,0,14.52716940812731,3,0
339,2025-02-03,search,0,2.8663374163244684,3,0,80.78109967132903,3,0
340,2025-02-03,social,0,2.492970952673866,5,0,24.410613576638973,4,0
341,2025-02-04,search,1,0.2629940988328842,3,0,40.59360762841556,4,1
342,2025-02-04,search,1,9.06714348234335,4,0,49.38623697207397,3,1
343,2025-02-04,social,1,0.8427953819309166,6,0,47.80278993907758,4,0
344,2025-02-04,search,1,2.691154417048065,3,1,65.09616560039832,3,0
345,2025-02-04,social,1,2.3433249445399866,3,0,34.132450720846485,5,0
346,2025-02-04,search,1,5.095598974221678,4,1,53.911502262245946,4,0
347,2025-02-04,search,1,0.675468815687768,5,0,41.32681852670369,3,0
348,2025-02-04,social,1,4.674724817351769,5,0,54.42711469006125,4,0
349,2025-02-04,social,1,3.8475365680087443,4,0,49.02841610303185,4,1
350,2025-02-04,search,0,1.8996047526804716,8,0,51.39403479024467,3,0
351,2025-02-05,search,1,4.558321577081269,6,0,41.75112751303482,3,1
352,2025-02-05,email,1,3.3830175097590005,4,0,42.349040748558764,5,0
353,2025-02-05,search,1,10.49964479373902,3,0,54.309087710411404,3,0
354,2025-02-05,social,1,2.864318839013003,3,0,64.15573258634066,1,0
355,2025-02-05,social,1,1.4234715164984668,4,0,41.02580998703228,4,0
356,2025-02-05,search,1,4.707908632007749,4,0,36.96848683140635,4,0
357,2025-02-05,social,1,2.5885974407998398,3,0,59.201902485077554,4,0
358,2025-02-05,search,1,3.3315040847207262,4,0,49.51244160413466,5,0
359,2025-02-05,paid_ad,1,1.0349655919314913,3,0,62.45747200978928,4,0
360,2025-02-05,search,1,5.1504865097451304,5,0,36.41304179943278,2,0
361,2025-02-06,social,1,2.2610240967408695,2,1,23.308416118648537,4,1
362,2025-02-06,search,1,4.068033884650543,6,0,42.00493877260499,4,0
363,2025-02-06,search,1,12.225174893923636,5,0,38.50471086102476,2,0
364,2025-02-06,search,1,2.7353319430977363,1,0,48.8181739987955,3,0
365,2025-02-06,paid_ad,1,5.6476913312978985,5,0,40.447321785944155,1,1
366,2025-02-06,social,0,2.8869678311393967,4,0,61.11525427004674,4,0
367,2025-02-06,paid_ad,1,1.9220711679983513,0,0,45.677746063662255,5,0
368,2025-02-06,paid_ad,1,8.04117988751995,5,0,52.25711748160852,4,0
369,2025-02-06,social,0,0.4634710298174779,4,0,52.36451837661416,5,0
370,2025-02-06,social,1,6.670125675496156,6,0,52.92432638618281,2,0
371,2025-02-07,social,1,0.3953445338394306,1,0,49.638063343175396,5,1
372,2025-02-07,social,0,6.20996764209987,2,0,57.6590103561547,4,1
373,2025-02-07,social,1,3.3703222165010747,2,0,38.06517299261289,3,0
374,2025-02-07,search,1,1.4271306980654266,3,0,70.99126889980825,5,0
375,2025-02-07,social,1,2.388953086373753,3,0,46.45193924947197,3,0
376,2025-02-07,social,1,5.437970916829839,1,0,30.326762931519774,5,0
377,2025-02-07,email,1,11.483681776527911,3,0,52.8211003548766,5,1
378,2025-02-07,social,1,0.7061027739016822,3,0,37.232292763287724,4,0
379,2025-02-07,email,1,1.5095658309098163,3,0,59.98001801763313,4,0
380,2025-02-07,social,1,0.9432171972482295,2,0,83.14408364063567,2,0
381,2025-02-08,social,0,2.8684828203290462,3,0,38.20141862663225,4,1
382,2025-02-08,search,1,6.324236345042485,6,0,54.98558499835977,3,0
383,2025-02-08,search,1,0.815005989018,2,0,23.667416169430588,4,0
384,2025-02-08,email,1,3.302217131283209,4,0,56.808578441620206,4,0
385,2025-02-08,email,1,6.18767269359247,4,0,36.714293003004656,5,0
386,2025-02-08,email,1,2.360683885167278,3,0,40.62748072348277,1,1
387,2025-02-08,social,1,3.8738539655524926,4,0,33.48070265240258,4,0
388,2025-02-08,social,0,7.650499154856312,3,0,60.982268390821034,5,0
389,2025-02-08,email,1,1.2621574795121495,3,1,65.10956536209893,4,0
390,2025-02-08,email,1,0.5271304546737136,6,0,50.35077821987762,2,1
391,2025-02-09,paid_ad,1,4.228663008686314,7,1,37.033599419964204,2,0
392,2025-02-09,search,0,4.314027503824651,6,1,73.84284554155794,1,0
393,2025-02-09,social,0,2.226939191054343,2,0,38.743848083680156,4,0
394,2025-02-09,email,1,1.875348308685486,1,1,17.569515501088418,4,0
395,2025-02-09,social,1,3.4222943734875595,5,0,56.87583514935603,5,1
396,2025-02-09,paid_ad,1,1.2404017912450325,2,0,33.42837989537725,3,1
397,2025-02-09,email,1,1.2423006862240145,5,0,64.82913190248762,3,0
398,2025-02-09,search,1,5.413157807048115,3,0,44.28293454989872,4,0
399,2025-02-09,email,1,1.1599885711749638,5,0,59.05569860816294,4,1
400,2025-02-09,email,1,0.5679958517605971,5,0,71.02250519828237,5,0
401,2025-02-10,social,0,1.8720833098482714,5,0,31.867117030689172,4,0
402,2025-02-10,paid_ad,0,2.272280705589322,6,0,41.51094303661392,3,0
403,2025-02-10,search,0,4.6743632429936035,6,0,48.864933910144046,4,0
404,2025-02-10,email,1,2.016341034546584,5,1,73.06326978551515,5,0
405,2025-02-10,social,1,8.519746193926212,5,0,40.124259230893315,4,1
406,2025-02-10,email,1,3.5585122546091714,2,0,41.08244456076489,3,1
407,2025-02-10,social,1,1.6516318696264156,4,0,57.172108633337125,3,0
408,2025-02-10,social,1,4.5345401436010775,4,0,41.34156911434144,1,0
409,2025-02-10,paid_ad,1,8.419881643920798,2,0,52.28788824346425,4,0
410,2025-02-10,social,1,5.31063519311773,3,0,26.7269386854781,2,0
411,2025-02-11,social,1,0.7637189966198391,3,0,83.21494913834894,3,0
412,2025-02-11,paid_ad,0,2.436964899206213,4,0,29.784361545358948,3,0
413,2025-02-11,paid_ad,1,4.02197959635031,4,1,45.17370944014687,4,1
414,2025-02-11,search,0,5.1581089612556115,2,0,49.51278446236858,3,1
415,2025-02-11,search,1,2.8823429263938434,6,0,78.69032201535194,4,0
416,2025-02-11,search,1,2.5720329624267086,4,0,30.1273132860089,2,0
417,2025-02-11,social,0,10.449033851481062,4,0,79.75556203218127,2,0
418,2025-02-11,social,0,5.365323114290633,4,0,61.35765231653034,4,1
419,2025-02-11,search,1,4.544654806316365,6,0,56.2564298663487,3,0
420,2025-02-11,email,1,2.0896199512763585,5,0,35.230494694730666,3,0
421,2025-02-12,email,1,1.2232385871284177,3,0,58.56711863057111,2,0
422,2025-02-12,email,1,4.60176589737933,5,0,39.147700663703,5,1
423,2025-02-12,social,0,5.776150853640308,5,0,68.99991879797618,4,1
424,2025-02-12,search,0,3.318905341742913,5,0,35.43406956338401,2,0
425,2025-02-12,social,1,5.3753204528302385,4,0,48.302622583158744,2,1
426,2025-02-12,search,1,5.471025802159212,6,0,41.67090367980243,5,0
427,2025-02-12,search,0,6.041480579865322,2,0,35.187155563595084,4,0
428,2025-02-12,email,1,0.7495061912702228,9,0,61.119797253618714,3,1
429,2025-02-12,social,1,2.493856523169425,2,0,58.0318812111445,4,1
430,2025-02-12,social,1,4.800358321290678,2,0,68.13515298351496,4,0
431,2025-02-13,social,1,3.463507129553185,2,0,23.301873376877488,4,0
432,2025-02-13,email,1,5.482856504373367,3,0,65.96256053511566,4,1
433,2025-02-13,search,1,4.542706879499245,6,1,87.5817335803534,3,1
434,2025-02-13,social,1,0.29177951318157275,2,0,43.2253836623458,1,1
435,2025-02-13,social,0,7.044443495621636,4,0,78.42722918163454,5,0
436,2025-02-13,email,0,2.243537709324745,3,0,46.0525809191026,4,1
437,2025-02-13,social,1,1.5650607237283822,9,0,29.413853936580395,3,1
438,2025-02-13,email,1,6.8873793222045805,4,0,45.415513363898064,5,0
439,2025-02-13,email,1,5.193710923761968,0,0,65.72305951512914,5,1
440,2025-02-13,social,1,7.543903236151614,4,0,37.42735276502703,5,0
441,2025-02-14,social,1,4.054403620123017,4,0,40.99492011490269,5,0
442,2025-02-14,paid_ad,0,2.467884920263619,3,0,58.90309148439786,5,0
443,2025-02-14,social,1,3.7174367539583897,3,0,50.045901751078596,3,0
444,2025-02-14,social,1,1.3193280540038552,1,0,58.76934428730111,4,0
445,2025-02-14,email,1,0.9185553406777383,6,0,53.56744311137504,4,1
446,2025-02-14,paid_ad,0,1.9582670358563425,8,0,57.1943797932736,3,0
447,2025-02-14,paid_ad,1,9.068622815121977,3,0,43.51548221285688,2,0
448,2025-02-14,email,1,2.1324629206549224,2,0,53.475964130455885,5,1
449,2025-02-14,social,1,0.5827628511006576,6,0,36.089404914560994,3,0
450,2025-02-14,social,1,2.946791393966711,2,0,69.32650433755083,5,0
451,2025-02-15,email,1,2.1086169773408754,6,0,40.48587924774029,1,0
452,2025-02-15,search,1,7.13088236014057,3,0,66.93271231324084,1,0
453,2025-02-15,search,1,8.64648893795019,3,1,46.49589558525702,4,0
454,2025-02-15,paid_ad,1,2.3756842047166122,1,0,53.02998516135982,3,1
455,2025-02-15,social,0,4.051550407992279,3,0,42.57553173663949,4,0
456,2025-02-15,search,1,4.302114614166582,4,0,34.760068532479565,4,1
457,2025-02-15,social,1,3.209284928205047,4,0,23.828594185920476,2,0
458,2025-02-15,search,1,2.773129139078611,3,0,34.170137621113106,3,0
459,2025-02-15,social,1,1.4711461095080134,2,0,45.14136720176118,3,0
460,2025-02-15,social,1,0.4777180385964778,8,0,53.17818768243326,3,1
461,2025-02-16,social,1,1.4632610032416336,3,0,65.15568969924895,4,0
462,2025-02-16,search,1,3.122505355083242,4,0,43.31363810304727,3,0
463,2025-02-16,email,0,0.8165521038748204,4,0,36.77058853599239,2,0
464,2025-02-16,search,1,3.897646005453357,7,0,28.359278209959314,4,0
465,2025-02-16,paid_ad,1,3.515604532354284,4,0,57.20095426856156,2,0
466,2025-02-16,social,0,2.1116764746424956,2,1,70.74791772994016,2,0
467,2025-02-16,social,1,2.679970261892569,2,1,68.99495401934433,3,0
468,2025-02-16,email,1,0.9778332807292954,3,0,60.64899122220856,5,1
469,2025-02-16,social,1,5.967439820472345,4,0,59.57814975901399,5,0
470,2025-02-16,paid_ad,1,5.897910573692637,5,1,75.46435669564012,4,0
471,2025-02-17,social,1,1.1606666955451852,6,0,54.98122192125216,3,0
472,2025-02-17,paid_ad,1,1.1938443027955343,6,0,59.69194514036258,3,0
473,2025-02-17,social,1,1.4812424938148376,6,0,45.188242072220014,4,1
474,2025-02-17,email,1,4.969612937711723,2,0,29.569349437178637,4,0
475,2025-02-17,search,1,4.292331829579904,2,0,39.74226649250635,5,0
476,2025-02-17,paid_ad,1,6.834659537933149,5,0,49.86261442198017,2,1
477,2025-02-17,social,1,7.356962231101129,4,0,50.911780587519544,1,0
478,2025-02-17,search,1,0.7369422523438824,3,0,78.8942878228309,4,0
479,2025-02-17,paid_ad,1,4.845241979680965,3,0,51.21915751386603,4,0
480,2025-02-17,search,1,7.160736493350659,5,0,67.68265166038466,4,1
481,2025-02-18,search,1,2.543015343029592,1,0,43.47384137635526,4,1
482,2025-02-18,search,0,3.2728909941981006,3,0,45.324861713521486,5,1
483,2025-02-18,search,1,2.9031147305182743,7,0,30.064885441648276,4,0
484,2025-02-18,search,0,3.0052655222766385,5,0,38.865079806851426,5,1
485,2025-02-18,search,1,5.95342179866024,6,0,57.904720870456295,5,0
486,2025-02-18,paid_ad,1,10.198723851314876,5,0,50.113402705912,4,0
487,2025-02-18,social,1,8.323778786984345,4,0,64.14407929845851,3,1
488,2025-02-18,social,1,2.196012838344628,4,1,52.718809225175754,3,0
489,2025-02-18,paid_ad,1,4.060987665009615,4,0,44.71319402543387,4,0
490,2025-02-18,email,1,1.691559942105784,5,0,82.22445295680438,4,0
491,2025-02-19,search,1,1.849368555669787,3,0,48.591446469304294,5,0
492,2025-02-19,search,1,3.162870954206816,5,0,67.44501454557957,2,1
493,2025-02-19,social,1,1.8057506416238553,5,0,43.98186190182984,3,0
494,2025-02-19,social,0,2.0487520179707985,0,0,60.643992190753494,4,0
495,2025-02-19,search,1,3.9904700696516344,5,0,63.9202348872753,2,0
496,2025-02-19,social,1,4.797130195892016,2,0,53.12737955863371,3,1
497,2025-02-19,search,1,4.706595619004772,6,0,14.682756159550967,3,1
498,2025-02-19,social,1,4.739972583006761,4,0,50.27378691284169,4,0
499,2025-02-19,paid_ad,1,1.0501283603349723,3,0,68.45690071639963,3,1
500,2025-02-19,paid_ad,1,1.7254253806126438,5,0,57.91221249541596,5,1
501,2025-02-20,search,1,3.4322510558190054,7,0,56.687583128438696,3,0
502,2025-02-20,search,1,6.942150475902288,4,1,24.16614599063721,5,0
503,2025-02-20,social,0,13.91999163359917,2,1,39.193173939874114,4,0
504,2025-02-20,email,1,4.180935840343829,5,0,56.17036446727158,3,1
505,2025-02-20,search,1,5.565057122303549,3,0,56.155749151803384,2,0
506,2025-02-20,social,1,0.9340191777603856,0,0,68.22000170199354,1,0
507,2025-02-20,paid_ad,1,5.461621573413316,3,0,47.826998672808585,4,0
508,2025-02-20,email,1,11.578616911752613,9,0,56.08736130010721,2,1
509,2025-02-20,paid_ad,1,1.719821088720788,4,0,50.24561362896941,3,0
510,2025-02-20,email,1,2.1062017949991323,5,0,35.19585895247665,4,1
511,2025-02-21,search,1,6.0818168197687905,4,0,16.16313003357879,3,1
512,2025-02-21,search,1,3.3993166068605274,2,0,56.46514538195115,3,0
513,2025-02-21,paid_ad,1,0.42761753311487843,3,0,52.60920812619217,4,0
514,2025-02-21,email,0,2.2153287961178116,4,0,40.727374368497465,5,0
515,2025-02-21,social,0,8.622785427552934,5,0,25.71240415226203,2,1
516,2025-02-21,social,0,2.6636887475333335,4,0,59.44609271613107,3,0
517,2025-02-21,social,1,2.6619165344799858,5,0,46.01119888706672,5,0
518,2025-02-21,email,1,5.81885261456666,4,0,58.35312083552218,1,0
519,2025-02-21,paid_ad,1,4.29068810976069,4,1,77.96072795617637,5,0
520,2025-02-21,social,1,2.5489889965012797,5,0,17.878536795204425,1,1
521,2025-02-22,search,0,1.98926669554623,5,0,39.50598786946454,5,0
522,2025-02-22,social,1,18.217629057228912,3,0,46.8593658003213,3,1
523,2025-02-22,paid_ad,1,7.690540971596648,3,0,71.82239261219976,5,0
524,2025-02-22,email,0,4.738722546508249,2,0,25.453954711902725,3,0
525,2025-02-22,email,1,4.955435274641416,1,0,79.03791538520908,4,1
526,2025-02-22,search,1,3.0197910493999873,6,1,52.03783852349436,2,0
527,2025-02-22,search,1,4.253607095035651,3,0,48.559990073992125,3,1
528,2025-02-22,social,1,2.774502195870826,3,0,47.0291035517164,4,0
529,2025-02-22,social,1,1.582861138883663,3,0,43.45605451729957,4,0
530,2025-02-22,email,1,4.375042832567354,5,0,65.72175138903732,5,0
531,2025-02-23,email,1,2.5875686847913544,4,0,33.97218868876342,3,1
532,2025-02-23,paid_ad,1,4.539919420466623,6,0,55.181212724657804,5,1
533,2025-02-23,paid_ad,1,5.158549516961956,3,0,44.237275014395365,3,0
534,2025-02-23,search,1,4.7118939437695495,1,1,38.567998272288534,5,0
535,2025-02-23,email,1,1.4679335286188275,3,0,88.78962763525844,5,0
536,2025-02-23,paid_ad,0,2.3676553603206085,7,0,56.2857610213019,3,0
537,2025-02-23,email,0,2.6279921245333133,5,1,59.198983169917156,5,1
538,2025-02-23,social,1,6.54100810571754,4,0,67.06665171002993,4,0
539,2025-02-23,search,0,6.311599283727383,6,1,28.67975082022179,3,1
540,2025-02-23,social,1,1.8163754591193242,6,1,76.28437863683048,4,0
541,2025-02-24,paid_ad,1,1.0254088205889649,2,1,12.365642322573864,2,1
542,2025-02-24,search,0,14.34502887862184,3,0,38.46850384942219,4,0
543,2025-02-24,social,1,4.580857037628936,6,0,43.1145249023165,3,0
544,2025-02-24,search,1,0.8915476020632512,4,0,58.72585047455759,2,1
545,2025-02-24,search,1,2.077403255364287,1,1,53.28077399212231,3,0
546,2025-02-24,social,1,6.7271537806243975,2,0,47.4977788895241,4,1
547,2025-02-24,social,1,12.15604655943013,5,0,49.82003983058414,5,1
548,2025-02-24,search,1,10.873603026913269,3,0,35.329654647161476,5,0
549,2025-02-24,search,0,4.443905771465318,5,0,27.5415140827374,3,0
550,2025-02-24,email,1,3.3420564521271823,4,0,60.897674335040904,2,0
551,2025-02-25,search,1,1.3409857063505393,5,0,60.40559168804278,4,0
552,2025-02-25,email,1,3.5595075909829705,5,0,73.76741562735587,4,0
553,2025-02-25,search,1,1.5148063750211953,3,0,38.149743547771884,3,0
554,2025-02-25,search,1,2.3867525430291425,6,1,60.39222815451384,3,0
555,2025-02-25,email,1,6.077435289306556,6,0,45.74439907452902,4,0
556,2025-02-25,search,1,2.763502463773753,4,0,67.85712477790223,3,0
557,2025-02-25,social,1,2.617898094867077,2,0,65.32944165017213,4,0
558,2025-02-25,social,1,3.2053786446392345,3,0,53.16814098836685,4,0
559,2025-02-25,email,1,15.712086293330122,5,0,44.9070476500102,5,0
560,2025-02-25,search,1,1.2076713903381484,5,1,64.41398267912392,4,0
561,2025-02-26,email,1,4.111706101136396,3,0,59.703567848848486,3,0
562,2025-02-26,social,1,10.247977038186683,3,0,39.73339396870727,5,0
563,2025-02-26,social,1,3.198048998867798,3,0,30.083019897808537,4,0
564,2025-02-26,social,1,7.595761050795351,2,0,45.672006489773054,3,1
565,2025-02-26,social,1,0.9555863343554187,4,0,72.73120723022313,4,0
566,2025-02-26,search,1,2.836227157067418,1,0,67.19730738099557,3,0
567,2025-02-26,social,1,1.6649689009787392,6,0,33.31508795494129,4,1
568,2025-02-26,search,0,3.17198912622163,5,0,32.48363876150118,4,1
569,2025-02-26,paid_ad,1,3.2239818936263456,4,0,69.12025774519229,4,0
570,2025-02-26,social,1,3.485403023793996,2,0,32.965461428632565,2,0
571,2025-02-27,search,1,6.0389046177367005,4,0,57.63942985463012,3,0
572,2025-02-27,email,0,0.24670548685841465,5,0,40.75893176995514,5,0
573,2025-02-27,social,1,1.9994166705937393,5,1,74.25567386782524,4,1
574,2025-02-27,search,1,3.909167191003397,5,0,38.44362801293182,3,0
575,2025-02-27,email,1,0.45656701922514487,6,0,67.15042295308743,3,1
576,2025-02-27,paid_ad,0,5.203105178757602,6,1,52.77287981090547,3,0
577,2025-02-27,social,0,1.9671876958331918,4,0,53.782922813514304,4,1
578,2025-02-27,paid_ad,1,2.8792301430289426,4,0,20.445371279728977,4,0
579,2025-02-27,search,1,6.2274539679618055,5,0,16.956299701914222,4,0
580,2025-02-27,social,1,7.827473948133474,6,0,46.69151089599029,4,0
581,2025-02-28,search,1,5.314411403784583,4,0,53.703590951249176,4,0
582,2025-02-28,paid_ad,1,1.174236689749291,6,0,33.12203258393415,3,0
583,2025-02-28,search,1,5.130769267475105,2,0,33.66959884285487,2,1
584,2025-02-28,social,1,5.373896185594697,3,0,58.422089447392,4,0
585,2025-02-28,search,1,4.65891626737076,4,1,58.44281720685696,5,1
586,2025-02-28,social,0,8.682234359043443,5,0,47.933884094181096,4,0
587,2025-02-28,social,1,3.554491156080481,4,0,61.70302581779112,4,0
588,2025-02-28,social,1,8.462385598470686,6,1,32.3869655641978,4,1
589,2025-02-28,social,1,8.428367508278141,2,0,44.66097624369544,5,0
590,2025-02-28,social,1,5.479528660343923,7,0,74.7181640867551,3,0
591,2025-03-01,social,1,4.15922287931386,2,1,51.02483194909727,3,0
592,2025-03-01,search,1,4.677999806861676,3,0,51.894687718805,5,0
593,2025-03-01,social,0,9.931049056940749,7,0,84.58919878951609,5,1
594,2025-03-01,social,0,6.936110171334477,2,0,29.00986751226844,3,0
595,2025-03-01,email,1,1.31494514076977,3,0,61.946455499631654,4,0
596,2025-03-01,search,1,4.469955882135942,2,0,74.9597941971215,3,1
597,2025-03-01,search,1,1.5887972555722492,5,0,45.12713110252181,2,0
598,2025-03-01,social,0,1.9172172988182554,1,0,62.89446180282269,5,0
599,2025-03-01,social,0,2.4652847032485887,4,0,35.26970754183643,3,1
600,2025-03-01,social,1,0.8619243681509164,2,0,39.699014066489724,5,0
601,2025-03-02,social,0,1.4959454856774737,4,0,55.77449624071451,3,1
602,2025-03-02,social,1,8.996137543336426,4,0,61.978500096658856,4,0
603,2025-03-02,social,1,1.9069753768252367,3,0,66.81404768609369,1,1
604,2025-03-02,social,1,6.062319652556185,3,0,73.54442880409239,4,1
605,2025-03-02,social,0,3.796997585168655,3,0,48.98830162167227,4,0
606,2025-03-02,search,1,4.975596263271651,4,0,67.90417632758881,4,0
607,2025-03-02,social,0,5.125380236499199,4,0,44.86542734826276,2,0
608,2025-03-02,social,1,1.4353474038487237,3,1,63.53136967382402,3,1
609,2025-03-02,search,1,6.0379197950590315,5,0,53.11233196778273,2,0
610,2025-03-02,search,1,1.0562838765037108,3,1,56.685168606228856,3,0
611,2025-03-03,social,1,1.8385274126992823,5,0,56.35261811033056,4,0
612,2025-03-03,email,1,5.0732688886386965,1,0,25.929424853032817,4,1
613,2025-03-03,search,1,1.3485153330260768,6,1,33.1381721170884,4,0
614,2025-03-03,social,1,0.40002386838510745,6,0,51.53812159726284,4,0
615,2025-03-03,email,1,4.320082000344836,2,0,24.690813805382472,3,0
616,2025-03-03,paid_ad,1,0.7055880258732935,6,0,62.46816654799634,3,0
617,2025-03-03,social,1,5.4123355667267,6,1,63.07333949432213,2,0
618,2025-03-03,social,1,2.6126950976582224,4,1,54.90755829316685,4,0
619,2025-03-03,email,1,4.275450283978665,2,0,33.18298980863117,4,1
620,2025-03-03,email,1,4.218094098553303,3,0,70.70208408302773,3,1
621,2025-03-04,social,1,5.6940421315744265,5,0,80.55815959577536,3,0
622,2025-03-04,social,0,5.177982019750073,3,0,52.20615241168961,5,0
623,2025-03-04,social,1,1.33706775561643,1,1,57.65803067676855,4,0
624,2025-03-04,search,1,2.7420027759963634,3,0,53.026079821940655,4,0
625,2025-03-04,search,0,4.271799560477618,4,0,57.95553783498198,3,0
626,2025-03-04,social,1,8.563245718502795,4,0,48.20661865060406,3,0
627,2025-03-04,search,1,5.2113039536399635,5,0,49.48153640234295,5,0
628,2025-03-04,email,1,8.076664229410794,4,1,63.58576400746048,4,1
629,2025-03-04,social,0,4.43513656269856,1,0,85.1843624284466,3,1
630,2025-03-04,social,1,7.0182311251589375,4,0,28.99893148397392,4,0
631,2025-03-05,email,1,4.019370982713849,2,1,48.4428127339555,4,0
632,2025-03-05,email,1,6.825374043003873,4,0,32.29309272151877,3,1
633,2025-03-05,search,1,2.5058236517948744,2,0,73.88037347864125,3,1
634,2025-03-05,search,1,9.218818791971149,3,0,41.18393046020152,3,0
635,2025-03-05,social,1,4.797719391664645,2,0,28.35198809321309,2,0
636,2025-03-05,search,1,0.868502194516571,4,0,59.5728049827286,4,0
637,2025-03-05,search,1,4.375561695397079,3,1,76.16466672114667,3,0
638,2025-03-05,social,0,5.223270646908981,6,0,59.95396802841144,4,0
639,2025-03-05,social,1,6.181217068450802,3,1,53.07196815922876,5,0
640,2025-03-05,social,1,11.352941190601554,6,0,56.13711384163991,2,0
641,2025-03-06,social,1,2.1905984338903446,2,0,71.22260994238331,4,0
642,2025-03-06,social,1,11.402283252261377,5,0,36.88701094978775,4,0
643,2025-03-06,social,1,3.3428846252362683,4,0,48.3222934387053,4,1
644,2025-03-06,social,1,1.7602834758414687,7,0,43.209647772356995,4,0
645,2025-03-06,social,0,2.230735300621118,4,1,32.48202039062435,3,0
646,2025-03-06,email,1,5.008141431695071,2,0,45.07437110874796,4,0
647,2025-03-06,search,0,1.5386348656920774,4,0,66.61581643973673,4,0
648,2025-03-06,search,1,2.5407297323141362,8,0,58.49903222589088,5,0
649,2025-03-06,email,1,4.297677956330684,3,0,59.664657501623005,3,0
650,2025-03-06,search,1,9.171826605114001,2,0,52.19713417479977,5,0
651,2025-03-07,social,0,6.06020690418357,5,0,57.84985674092883,3,0
652,2025-03-07,search,1,3.4469548032616792,4,0,37.99114486477842,5,0
653,2025-03-07,search,1,4.992099490162448,2,0,45.35735171109156,4,1
654,2025-03-07,email,1,3.9960544402706097,6,0,52.88006355453015,4,0
655,2025-03-07,search,0,1.1571549214590777,3,0,54.16273788322835,4,0
656,2025-03-07,social,1,10.230818675508198,2,0,54.80281782382809,3,0
657,2025-03-07,social,1,9.267775446398987,8,0,47.92497076975433,3,0
658,2025-03-07,social,1,3.1460238335472486,5,0,44.33864898304505,2,0
659,2025-03-07,search,1,2.297864516850008,4,0,97.36656924566446,2,0
660,2025-03-07,search,1,1.1833659256310138,2,1,63.60180909398598,3,1
661,2025-03-08,social,1,5.213534498843368,3,0,56.197212139289334,4,1
662,2025-03-08,paid_ad,1,5.237291693660868,6,0,46.50187252690409,4,0
663,2025-03-08,search,1,1.6580262222019946,0,1,43.23171759584186,2,1
664,2025-03-08,social,1,4.030662601759686,3,0,48.037991094095666,5,0
665,2025-03-08,social,1,5.9317712999671715,3,0,54.39243265380025,4,1
666,2025-03-08,social,1,2.169814747249309,5,0,21.793466839053785,5,0
667,2025-03-08,social,1,2.8513564229132533,0,0,26.459156069379745,4,0
668,2025-03-08,social,1,2.8295580808330243,5,0,40.44676416591564,3,0
669,2025-03-08,social,0,1.7533861282527763,4,0,53.10709155167853,4,0
670,2025-03-08,social,1,2.8974201878535446,2,0,46.410902792722226,4,1
671,2025-03-09,social,1,0.7205346408076118,4,0,72.17181839149227,1,1
672,2025-03-09,email,1,2.7146674359361422,6,0,27.764048195063467,1,0
673,2025-03-09,social,1,2.7478621601524096,8,0,38.72981795594944,2,1
674,2025-03-09,search,1,3.176388546715,3,0,72.80137611486651,3,1
675,2025-03-09,search,1,4.730812162173785,2,1,51.9667898701272,3,0
676,2025-03-09,paid_ad,1,1.0918663913734263,3,0,63.27263874201738,4,0
677,2025-03-09,social,0,1.3017673079954621,3,0,80.76870414904195,2,0
678,2025-03-09,social,1,1.7142803323742903,2,0,39.59293373147266,4,0
679,2025-03-09,paid_ad,0,0.9817879726116548,1,0,48.51028493311952,4,0
680,2025-03-09,email,1,5.117820929835725,7,0,45.91359648603693,3,0
681,2025-03-10,email,1,2.0912822264108257,5,1,20.681104932750866,1,0
682,2025-03-10,social,1,3.252814909087135,8,0,45.34404794366046,2,0
683,2025-03-10,social,1,1.5875455379521788,3,1,63.21593281070998,3,1
684,2025-03-10,search,1,2.488327092890004,4,0,58.10884312718361,3,0
685,2025-03-10,paid_ad,0,4.172799304779135,5,0,59.28624754082015,3,0
686,2025-03-10,search,1,4.320542331883738,7,0,44.367365290407506,4,0
687,2025-03-10,search,1,1.3548809744923884,5,0,40.15854145991538,4,0
688,2025-03-10,social,1,3.1295265122600426,1,1,69.03883507847931,3,0
689,2025-03-10,email,1,1.6118753164804709,3,0,42.54024280463496,3,0
690,2025-03-10,social,1,3.0408432084167853,3,0,54.41123058189821,4,0
691,2025-03-11,social,0,1.946889075301682,7,0,52.450020210163075,5,0
692,2025-03-11,search,1,10.656932352500341,3,1,71.92575524385677,4,0
693,2025-03-11,search,1,5.908323602615683,4,0,64.5711853650854,4,0
694,2025-03-11,social,0,4.457001760607068,0,0,30.571120689993187,3,0
695,2025-03-11,social,1,2.6638655948751624,4,0,32.1867024983744,3,0
696,2025-03-11,search,0,6.026354713013869,3,0,58.68364727103701,5,0
697,2025-03-11,social,0,3.199848183933101,4,0,49.0349352893125,1,0
698,2025-03-11,search,0,9.953241686332333,4,1,43.17242324069354,5,1
699,2025-03-11,social,1,6.442888170120351,2,0,65.23441825991706,4,0
700,2025-03-11,search,1,2.473743066414869,6,0,52.81189073133366,4,1
701,2025-03-12,search,1,9.216150313151939,5,0,50.78686080334166,1,1
702,2025-03-12,social,1,2.6747541636348138,4,0,61.697429611325745,4,0
703,2025-03-12,social,1,11.063078858478573,2,0,44.373365075846536,4,0
704,2025-03-12,social,1,9.540680132823123,5,1,73.52778478208832,2,0
705,2025-03-12,social,1,4.156377432048826,1,1,38.17928565150488,3,0
706,2025-03-12,paid_ad,0,0.7506822798056326,4,1,59.85393599513132,5,0
707,2025-03-12,social,1,3.924957679847499,5,1,71.50749257989767,4,0
708,2025-03-12,email,1,1.227016574853511,0,0,29.3405676609185,3,0
709,2025-03-12,social,1,1.9972597220908637,3,0,44.849972362213265,2,0
710,2025-03-12,search,1,2.1261024266624013,1,0,67.13311089328337,4,1
711,2025-03-13,email,0,1.2170175935642427,3,0,67.35866821596538,4,0
712,2025-03-13,search,0,3.9358100078089797,3,0,47.42756599417641,4,1
713,2025-03-13,search,1,1.8020488703769304,1,0,38.97993359484711,4,1
714,2025-03-13,search,1,2.7728461452691953,2,0,64.33903733496143,3,1
715,2025-03-13,social,0,2.141268630733569,6,1,67.75323653872407,4,1
716,2025-03-13,paid_ad,1,4.745289036581225,7,0,32.53004977231408,3,0
717,2025-03-13,email,0,4.503573841832339,2,1,31.941295265504298,5,0
718,2025-03-13,paid_ad,1,2.6000659773456443,5,0,53.37885022975399,4,0
719,2025-03-13,social,1,4.913689393118699,3,0,59.44040950143338,3,0
720,2025-03-13,email,1,7.619982740118222,5,0,45.51396372154918,3,1
721,2025-03-14,paid_ad,0,0.3268544190994896,0,0,60.18940729973524,4,1
722,2025-03-14,social,0,2.040244199928276,5,0,39.34795089743927,3,0
723,2025-03-14,social,1,1.4528529338714042,2,0,18.27959601389397,3,0
724,2025-03-14,email,0,1.8893342579569399,1,0,43.64148391501106,4,0
725,2025-03-14,search,1,0.25066723973886584,1,0,50.94848219769652,3,0
726,2025-03-14,email,0,0.30871287583766677,4,0,45.862400601553155,4,0
727,2025-03-14,social,1,2.2023618131388756,1,0,32.620951045107724,2,0
728,2025-03-14,email,1,2.150829695905979,4,0,22.76526536181774,4,1
729,2025-03-14,social,1,8.356535951228114,4,0,42.28866793448153,2,0
730,2025-03-14,social,1,3.711521810627243,2,0,63.46483657474615,1,1
731,2025-03-15,social,1,4.825435925094262,3,0,68.84296159120524,5,0
732,2025-03-15,email,1,27.220465369030773,3,0,67.81570076207683,4,1
733,2025-03-15,search,1,10.063894118362995,7,0,37.76135697277171,3,0
734,2025-03-15,search,1,3.2171967217944504,5,0,32.69440514554454,3,1
735,2025-03-15,social,0,2.3535632204765835,5,0,57.44951922469843,4,0
736,2025-03-15,email,1,2.0678875070653326,2,0,59.52650017396888,4,0
737,2025-03-15,social,1,4.258558015915188,0,0,56.00254407800746,5,0
738,2025-03-15,email,0,2.370066045927954,3,0,19.78905088643355,5,1
739,2025-03-15,search,1,1.1840728784378094,4,0,36.996731226748,4,0
740,2025-03-15,social,1,2.133357090016025,7,0,49.55466814571032,3,0
741,2025-03-16,search,1,4.3471585835285325,3,0,57.30827291945641,4,0
742,2025-03-16,social,1,5.435070553057493,5,0,61.5096104390373,4,0
743,2025-03-16,email,1,10.747131285831234,3,0,52.1638028342306,2,1
744,2025-03-16,search,0,3.59300824150333,5,0,54.96175709807355,3,0
745,2025-03-16,social,1,7.9236436664214,3,0,51.27298187541656,2,0
746,2025-03-16,email,1,2.855474965474864,3,0,60.28429061327724,2,1
747,2025-03-16,social,0,3.1703317465027117,3,0,54.692984772363666,3,1
748,2025-03-16,search,1,3.042147269485096,2,1,50.98606490070931,4,1
749,2025-03-16,paid_ad,1,3.9190228494160406,1,1,45.97446801293929,4,0
750,2025-03-16,search,0,6.118773882706475,6,0,51.219371375637216,4,0
751,2025-03-17,social,1,2.290055503306726,5,0,57.268870682589124,3,0
752,2025-03-17,paid_ad,1,1.5241435959753185,6,0,54.01213083347092,2,1
753,2025-03-17,search,0,6.458330309757966,4,0,55.712396275178804,4,0
754,2025-03-17,social,1,6.145491664497711,2,1,70.14082792026778,3,0
755,2025-03-17,social,1,8.764848188257359,5,1,53.97745884119881,4,0
756,2025-03-17,email,1,2.004415269956514,6,0,40.265022192902634,5,0
757,2025-03-17,search,1,2.775075633262167,6,0,63.25410178991254,2,1
758,2025-03-17,search,1,6.6253584085880615,7,0,29.507024934966235,3,0
759,2025-03-17,email,0,2.268101230744691,5,0,33.77879928891069,4,0
760,2025-03-17,email,1,5.2755963280433456,2,1,55.037708970801035,5,1
761,2025-03-18,social,1,2.865254030578059,3,1,57.74595001679868,4,0
762,2025-03-18,social,1,4.242006188817154,4,0,31.324231647440076,5,0
763,2025-03-18,social,0,1.1613976954664966,4,0,44.25773778519875,3,1
764,2025-03-18,email,1,3.5582191178880302,2,0,40.90874251670512,5,1
765,2025-03-18,social,0,7.517454643077318,5,0,42.699855156776046,2,0
766,2025-03-18,search,1,5.770456622484618,4,0,64.15396664409418,2,0
767,2025-03-18,email,1,1.4345105198102124,3,0,60.59758195320879,5,0
768,2025-03-18,email,1,10.186644266435614,4,0,49.713167302194385,5,1
769,2025-03-18,social,1,7.209278665451894,6,0,41.81057109327608,2,1
770,2025-03-18,email,1,1.2151315006871042,3,0,29.755254946697892,2,0
771,2025-03-19,social,1,2.145570847788056,2,0,71.30277408172923,1,0
772,2025-03-19,email,1,1.28184866124707,5,1,58.881708504273774,2,0
773,2025-03-19,social,1,4.328850344033227,5,1,39.399963438902894,3,0
774,2025-03-19,social,1,2.0669139786753656,5,1,60.793992464373375,5,0
775,2025-03-19,email,1,0.43250801047508947,3,0,48.94664569138062,4,1
776,2025-03-19,social,1,3.1592428591580726,7,0,45.69335742706485,4,0
777,2025-03-19,social,1,6.283615685461943,3,0,56.528172924344034,4,0
778,2025-03-19,email,1,3.6139122203155867,3,0,38.87752625130913,4,0
779,2025-03-19,email,1,4.942714945130388,2,0,44.84365220734835,4,0
780,2025-03-19,search,1,3.876315510673035,5,0,51.82191596299319,4,0
781,2025-03-20,search,0,5.604866479479988,3,0,42.5082321067218,3,0
782,2025-03-20,search,1,4.1357698459344805,4,1,60.03627815401286,4,0
783,2025-03-20,social,1,3.026432535005066,4,0,78.0359975551739,4,0
784,2025-03-20,social,1,3.5802787425211555,4,0,38.68552801089286,4,0
785,2025-03-20,social,1,8.981681440654217,4,0,25.023120555439334,5,1
786,2025-03-20,paid_ad,1,5.14221907759714,5,0,19.973897487856075,3,0
787,2025-03-20,search,1,1.430096912873807,4,1,47.742977877575264,4,0
788,2025-03-20,search,1,3.53741601396058,6,0,40.052531148107256,2,1
789,2025-03-20,search,0,4.272763643603256,4,1,53.117907516006206,4,0
790,2025-03-20,paid_ad,1,2.9483117013595805,1,0,51.98896508039151,3,1
791,2025-03-21,social,0,0.43545779706578575,1,0,25.951747300788558,1,0
792,2025-03-21,search,1,1.5687926721864731,3,0,22.77674255777891,3,1
793,2025-03-21,search,1,2.3753950314533117,6,0,54.43899860519143,4,1
794,2025-03-21,search,1,10.968849451800127,4,0,52.031432520799356,2,1
795,2025-03-21,social,0,4.7523490671846345,1,0,43.61273002450173,5,0
796,2025-03-21,email,0,0.7217576088807895,5,0,25.14284622301543,2,0
797,2025-03-21,paid_ad,1,3.097363785180537,1,0,57.07086894147486,5,0
798,2025-03-21,search,0,8.062062741949873,3,0,69.07849318135915,4,0
799,2025-03-21,search,0,2.042140373246185,5,1,54.16973660328384,3,1
800,2025-03-21,paid_ad,0,6.797476989591697,3,0,37.287891641524034,3,0
801,2025-03-22,email,1,0.748101377907894,4,0,50.66828248356727,4,0
802,2025-03-22,social,1,0.0646961507746394,5,0,29.508288785994726,4,0
803,2025-03-22,search,1,7.492027958444438,5,1,65.86941070758189,4,0
804,2025-03-22,search,1,2.274767297280292,2,1,51.22766501794308,3,1
805,2025-03-22,search,1,2.4274442708644712,4,0,23.47764632370152,4,1
806,2025-03-22,email,1,3.8495760672487354,4,0,45.48988459334476,5,0
807,2025-03-22,paid_ad,1,4.632944065785714,7,0,56.94952265351346,3,0
808,2025-03-22,paid_ad,0,0.15232371589375485,2,1,45.004285685367165,3,0
809,2025-03-22,search,0,1.9062390659417987,1,1,45.861564178397394,3,0
810,2025-03-22,social,0,3.4879611388895233,5,1,31.633966894290925,4,1
811,2025-03-23,paid_ad,1,4.6254034589509,3,0,58.49811480622484,4,1
812,2025-03-23,email,1,1.4142725106209222,3,0,40.27296199971294,3,0
813,2025-03-23,social,1,2.8278180547504337,7,1,17.65331934492451,2,0
814,2025-03-23,paid_ad,0,2.036684545329272,4,0,44.43113943994409,1,0
815,2025-03-23,email,0,3.9464196917520584,5,0,64.7172457335553,3,0
816,2025-03-23,search,1,7.311030889052625,5,0,44.19605830100079,3,0
817,2025-03-23,search,1,2.5383240383167074,2,1,76.06977477685281,5,0
818,2025-03-23,social,1,0.8979336189240916,4,0,56.43451922822776,4,0
819,2025-03-23,social,1,1.816614649934407,7,0,55.08137243420549,3,0
820,2025-03-23,social,1,10.119225343611564,3,0,48.074026011235865,5,0
821,2025-03-24,email,1,1.5744436588958055,6,0,48.97570688353564,4,1
822,2025-03-24,social,0,1.0931567922662424,8,0,46.048645473207436,4,1
823,2025-03-24,social,1,2.412511128947912,6,0,45.4659591187621,2,0
824,2025-03-24,social,1,3.097976840397065,3,0,57.963007431007235,3,0
825,2025-03-24,search,1,2.1448887444558435,4,0,35.96253155314152,5,0
826,2025-03-24,paid_ad,1,0.752760289037597,2,1,33.86159256913611,4,0
827,2025-03-24,social,0,4.234539933097656,3,0,33.15207423686934,3,0
828,2025-03-24,social,1,3.9494479349610634,5,0,80.6848182151573,4,1
829,2025-03-24,email,1,5.46091872616896,4,1,57.9551435250587,5,0
830,2025-03-24,search,1,3.8835105760592845,2,0,54.56738302520217,3,0
831,2025-03-25,social,1,9.57141212594554,4,0,34.13727994559853,4,0
832,2025-03-25,search,1,5.762077996191315,6,0,59.35013451012243,5,1
833,2025-03-25,social,1,4.974884280157065,6,0,48.25142980320007,3,1
834,2025-03-25,social,1,7.493223803314994,8,0,53.21253411697625,4,0
835,2025-03-25,search,1,3.709033548838001,0,0,35.350695262046656,4,0
836,2025-03-25,search,1,2.8761391285842683,5,0,52.40403286126365,4,0
837,2025-03-25,paid_ad,0,4.199522829677365,2,0,43.64249692690275,3,0
838,2025-03-25,social,1,0.40730680258954677,5,0,38.51583264454718,3,0
839,2025-03-25,search,1,3.717990650006174,1,0,61.011595037108734,4,0
840,2025-03-25,search,1,3.0953419225732306,2,0,26.934382872049962,3,0
841,2025-03-26,social,1,4.538382462747835,3,0,58.47164396471226,3,0
842,2025-03-26,search,1,6.811378581392863,4,0,60.26729200329494,3,0
843,2025-03-26,social,1,5.0784557497970155,1,0,36.80534486673139,1,1
844,2025-03-26,paid_ad,1,1.82100838317237,3,0,37.69507308301299,5,0
845,2025-03-26,social,1,6.066284639276502,5,0,46.654614781003964,3,0
846,2025-03-26,search,1,9.663636685441578,3,1,54.23054315693331,5,0
847,2025-03-26,social,0,6.932186230791177,5,1,47.707175122786616,2,0
848,2025-03-26,paid_ad,0,0.9851924690891644,7,0,56.50343690287819,4,0
849,2025-03-26,search,1,5.040419366100149,3,0,76.44469478806099,3,0
850,2025-03-26,search,1,1.143473975840424,3,0,42.38424846275429,4,0
851,2025-03-27,social,1,2.6544145471667706,6,1,24.272300439448692,4,0
852,2025-03-27,email,1,4.4419186379249975,5,0,62.3888537454598,2,0
853,2025-03-27,social,1,4.025707188015736,3,0,75.24971863891294,5,0
854,2025-03-27,email,1,6.84045119152957,3,0,55.89152544576687,3,1
855,2025-03-27,social,1,9.69478055547846,5,0,33.68376986969498,4,0
856,2025-03-27,social,1,4.769283162732106,3,1,48.14161455147199,5,0
857,2025-03-27,social,1,2.4917288560942614,1,0,33.22214773682552,5,0
858,2025-03-27,search,1,0.4344292049807419,5,0,59.64283240944422,5,1
859,2025-03-27,search,1,8.027247279443612,7,0,29.730643959523483,3,0
860,2025-03-27,social,1,3.108199457896198,3,0,45.498068197577,2,1
861,2025-03-28,email,1,3.23726433780068,1,0,34.934932605591406,3,1
862,2025-03-28,search,1,3.4411782451158754,4,0,51.90237027702443,4,0
863,2025-03-28,search,0,4.61298221813709,4,0,44.50487484293363,4,0
864,2025-03-28,search,1,4.711373046836496,8,0,52.651431548753955,3,0
865,2025-03-28,search,1,2.688941491371561,3,0,50.335258324495484,4,1
866,2025-03-28,search,1,3.0839635712640177,4,0,35.20011458413834,3,0
867,2025-03-28,social,0,2.006549762281892,4,0,59.40315595293533,3,0
868,2025-03-28,social,0,1.8197433357101505,8,0,49.26851522235327,4,0
869,2025-03-28,email,0,1.8119108065561604,3,0,35.17206488201149,4,0
870,2025-03-28,paid_ad,1,3.0556833658564138,2,1,83.61389834308689,4,0
871,2025-03-29,social,1,1.5128294474950452,3,1,57.14645250075687,3,0
872,2025-03-29,social,1,0.05172097025090437,5,0,47.70109169901042,4,0
873,2025-03-29,search,1,2.456186531069071,5,0,71.22806790052735,2,0
874,2025-03-29,search,1,1.0504102528289518,6,0,77.6272341407991,3,0
875,2025-03-29,social,1,3.6238800794377677,5,0,47.81975866529172,4,1
876,2025-03-29,social,1,1.9997782944633922,5,0,55.21096229652142,5,0
877,2025-03-29,email,1,4.654475701537301,6,1,35.17995772995589,3,1
878,2025-03-29,search,1,1.152889554104965,0,0,47.792108738479826,3,0
879,2025-03-29,social,1,0.5475941362365367,3,1,47.01406169360195,4,0
880,2025-03-29,social,1,3.090024419410712,1,0,52.77240550432481,3,1
881,2025-03-30,social,1,2.3705339693577,6,0,54.991407179555154,4,0
882,2025-03-30,search,1,0.9579628550733237,1,0,58.3974267324209,4,1
883,2025-03-30,social,1,5.765323097984662,7,0,53.56463984449939,2,1
884,2025-03-30,social,1,1.3574860873330994,3,0,31.838860600562533,4,0
885,2025-03-30,email,0,1.7435503921675903,3,0,35.922993413883724,4,0
886,2025-03-30,social,1,6.538967581445887,3,0,41.8038857080449,3,0
887,2025-03-30,search,0,4.849793506805679,3,0,45.766391121151564,4,0
888,2025-03-30,social,1,1.2185917496610184,4,0,65.76161435708171,2,0
889,2025-03-30,social,1,2.5501100967281602,5,0,32.5559151972063,4,0
890,2025-03-30,social,1,1.0997525443635654,4,0,44.6387742774395,3,0
891,2025-03-31,email,0,6.214270195961913,2,0,64.29514247321075,4,0
892,2025-03-31,email,1,6.2113615225895895,3,0,45.50183788255082,3,1
893,2025-03-31,email,1,10.640484331143483,4,0,56.90623474764236,3,1
894,2025-03-31,social,1,13.376694297944187,2,0,47.906869356081444,4,0
895,2025-03-31,search,1,1.9793909882162617,3,0,53.851748859870845,2,1
896,2025-03-31,social,1,5.532959114173485,0,0,46.57291184285689,3,0
897,2025-03-31,social,1,0.4520555799607717,8,0,60.00598209092531,3,0
898,2025-03-31,email,0,3.8346788279258655,4,0,26.82415388890347,3,0
899,2025-03-31,social,1,4.556914605438073,3,1,44.55031987417183,5,0
900,2025-03-31,social,1,1.429512549609001,8,0,54.448590150414624,4,0
901,2025-04-01,social,1,1.8730844626490226,5,0,58.005428720092894,2,1
902,2025-04-01,social,0,6.240514722756621,3,1,72.39428934130741,4,1
903,2025-04-01,social,1,4.6393996452944855,5,0,44.134629997016354,4,0
904,2025-04-01,search,0,9.757081651479066,1,1,72.1922264279131,5,1
905,2025-04-01,search,1,9.015945411503955,4,0,40.11464260010494,3,0
906,2025-04-01,email,1,0.6246875475778637,3,0,69.92969617316966,4,0
907,2025-04-01,email,1,2.1543014137104244,1,1,62.26200690047558,4,1
908,2025-04-01,social,1,1.2906302745537999,3,0,36.29812130551666,4,0
909,2025-04-01,social,1,5.696649136898453,4,0,54.60558855877733,4,0
910,2025-04-01,social,0,4.120962608555201,1,0,49.231462467017124,3,0
911,2025-04-02,search,1,1.3779358115643974,6,0,59.383768905125,4,0
912,2025-04-02,social,1,1.5900311202839243,2,0,46.65092617350036,4,0
913,2025-04-02,search,1,7.712830101962015,4,0,45.39130661507403,5,0
914,2025-04-02,search,1,2.3665399579995507,4,0,70.53641874144277,3,0
915,2025-04-02,search,1,0.3616315532909025,6,0,48.5191865831649,4,0
916,2025-04-02,search,1,1.262429479143272,3,0,62.39633486287649,5,0
917,2025-04-02,social,1,11.104969168383995,3,0,46.619727724337004,4,0
918,2025-04-02,paid_ad,1,6.6698398365031855,2,0,74.99994888841285,5,1
919,2025-04-02,email,1,1.0296295076971473,7,1,39.8249805599676,4,0
920,2025-04-02,social,1,3.833360624810099,2,0,40.78784703129223,3,0
921,2025-04-03,email,1,6.388818397571393,4,0,72.86775771673855,4,0
922,2025-04-03,search,0,0.6146157125580741,5,0,43.32580413657121,3,0
923,2025-04-03,email,1,6.882321315914761,2,0,74.01611459246588,4,0
924,2025-04-03,email,1,4.607549505293549,5,0,63.37760869392219,3,0
925,2025-04-03,search,1,1.7760659070609968,5,1,47.6802544015875,4,1
926,2025-04-03,social,0,5.146112591669368,3,0,22.80059791974262,4,0
927,2025-04-03,social,1,4.163961668617142,4,1,49.71022543592247,3,0
928,2025-04-03,search,1,4.375470526286682,4,0,51.52445080300137,3,0
929,2025-04-03,search,1,3.7305052319622387,2,0,67.5082659995656,5,0
930,2025-04-03,social,0,1.5367018502166805,3,0,73.82670764360168,2,0
931,2025-04-04,social,1,1.8118301534181862,3,0,39.72519231284379,1,0
932,2025-04-04,email,1,2.7555579509365913,3,0,62.01772645982274,3,1
933,2025-04-04,paid_ad,1,3.45352833706444,6,0,61.481032340200244,5,0
934,2025-04-04,search,1,5.363523862348808,1,0,66.10119053615668,5,1
935,2025-04-04,social,1,11.277476543082276,2,1,57.48034868203317,4,0
936,2025-04-04,social,1,3.9673469740290743,3,1,20.86253463557345,5,0
937,2025-04-04,social,1,5.296698002509578,1,0,47.668663512083604,3,0
938,2025-04-04,paid_ad,1,6.166326379163677,6,0,32.66438637624627,5,0
939,2025-04-04,social,1,5.5635051613782185,4,0,46.96091340622889,2,1
940,2025-04-04,search,0,1.483090710745777,3,0,64.70006354200841,2,0
941,2025-04-05,social,0,8.200772994681497,9,1,54.57726253812459,2,0
942,2025-04-05,search,1,7.359626850889291,5,0,67.22136299596148,4,1
943,2025-04-05,search,1,3.6922480723988493,6,0,55.12630881070309,4,1
944,2025-04-05,email,1,1.566734458041927,5,0,30.52511090496646,3,1
945,2025-04-05,social,1,3.4114770930120217,3,0,12.18729490140898,5,1
946,2025-04-05,social,1,0.7086274691132911,4,0,52.232131425193856,3,0
947,2025-04-05,social,1,8.916970775406295,5,0,46.79110300473252,3,1
948,2025-04-05,paid_ad,0,1.9610384443409012,7,0,35.34581390927177,4,0
949,2025-04-05,email,1,2.6435599052101972,1,0,24.490591255229333,4,1
950,2025-04-05,search,1,8.50123213913083,6,0,38.978851797909364,4,1
951,2025-04-06,search,0,7.837013117565941,3,0,47.08262772702836,4,0
952,2025-04-06,search,1,4.284495522663744,5,0,59.988167355595856,4,1
953,2025-04-06,social,1,9.805605103928954,3,0,52.8294662235197,3,0
954,2025-04-06,paid_ad,1,1.4395345547813687,5,0,74.12100870759093,4,0
955,2025-04-06,search,1,4.286111627708207,4,0,34.465939159319085,5,0
956,2025-04-06,social,1,1.450747456707747,6,0,63.2158833808615,1,1
957,2025-04-06,search,1,7.060054499149424,4,0,50.70948114693092,5,0
958,2025-04-06,social,1,6.893389987225757,6,0,60.42003686177877,4,0
959,2025-04-06,social,1,10.262000639093017,5,0,43.45227705101685,3,0
960,2025-04-06,email,1,3.332523499724191,2,0,66.07520560835884,5,1
961,2025-04-07,social,0,12.14139696626061,1,0,54.42837137517864,4,0
962,2025-04-07,search,1,1.3397710044719766,1,0,39.808325226233755,3,1
963,2025-04-07,social,1,3.1960797796251565,3,1,49.81963956630218,3,1
964,2025-04-07,social,1,1.3859316227851066,5,1,46.40666211594351,3,0
965,2025-04-07,social,1,3.8658205118513256,3,0,57.33767525956691,4,0
966,2025-04-07,social,1,1.501534009217875,5,0,32.303348759382374,4,1
967,2025-04-07,email,0,7.0730757558655295,4,0,49.559724468264584,5,1
968,2025-04-07,social,1,4.716889878821509,3,0,55.929608789739966,3,1
969,2025-04-07,search,1,1.2338442948321886,6,0,50.4953496078955,2,0
970,2025-04-07,search,0,5.986566221524089,5,1,70.20411866583494,1,1
971,2025-04-08,search,0,9.35390776693233,6,0,61.610341611065785,4,0
972,2025-04-08,paid_ad,1,5.0461392636517655,2,1,49.8877880488888,5,0
973,2025-04-08,email,1,0.9042480629773875,5,0,53.2503364624651,4,1
974,2025-04-08,social,1,2.9633011149311015,6,0,54.43498327222999,3,0
975,2025-04-08,social,1,5.5089838890081815,3,0,56.04949406250236,5,1
976,2025-04-08,social,1,2.745175702870823,5,0,22.61513006503088,4,0
977,2025-04-08,search,1,1.3235113283680964,5,0,45.477105563459794,1,1
978,2025-04-08,social,1,7.624554198466358,6,0,27.73341397709861,4,0
979,2025-04-08,search,1,2.651652090027598,3,0,69.17421421189229,3,0
980,2025-04-08,search,1,9.35772545418054,6,0,49.087257199956085,2,1
981,2025-04-09,social,0,2.164066385111288,11,0,47.09988575480566,3,0
982,2025-04-09,email,1,2.528318486004659,5,0,63.45195998049853,4,0
983,2025-04-09,social,1,2.0231795338472507,6,0,56.33487196174812,3,1
984,2025-04-09,social,1,2.9237033295127586,5,0,33.07048228431189,3,0
985,2025-04-09,email,0,4.661782107999835,5,0,48.93641956208947,3,1
986,2025-04-09,search,0,1.3896492603414967,2,0,44.97249540160423,4,0
987,2025-04-09,search,1,1.154200768997902,10,1,23.832006670909188,5,0
988,2025-04-09,search,1,0.5990694192664462,2,0,39.64585650144193,4,1
989,2025-04-09,social,1,0.5156585902545495,2,0,47.24689516975302,3,0
990,2025-04-09,email,1,0.9155221249662908,2,0,48.27573602762236,3,0
991,2025-04-10,email,1,2.1515396243772376,3,1,27.76652864484037,3,0
992,2025-04-10,search,0,3.813667768502594,3,0,67.27498374571213,2,1
993,2025-04-10,social,1,4.477980823480724,3,0,48.468454116628415,4,0
994,2025-04-10,search,0,3.683323426911193,3,0,50.563296149908446,4,0
995,2025-04-10,social,1,8.658331132520201,7,0,56.00962457509755,4,0
996,2025-04-10,social,1,10.515456942093094,5,0,38.17885619144493,4,0
997,2025-04-10,paid_ad,1,2.661805027223951,6,0,56.84533959699044,3,0
998,2025-04-10,social,0,1.4116423215336948,1,0,44.49388030972725,3,0
999,2025-04-10,paid_ad,0,12.630765945346372,4,1,36.551216890292125,4,0
1000,2025-04-10,search,1,7.449077937695152,3,0,58.60171240033098,3,0
