AdID,CampaignName,Platform,Date,Impressions,Clicks,Cost,Conversions,CTR
AD1001,SpringPromo,Google,2024-01-07,1080,89,423.93362415817796,9.0,0.0824074074074074
AD1002,WinterSale,Meta,2024-01-29,537,7,138.67526061603127,18.0,0.0130353817504655
AD1003,SpringPromo,LinkedIn,2024-01-06,3770,361,312.8919101294995,13.0,0.0957559681697612
AD1004,WinterSale,LinkedIn,2024-01-02,2917,86,93.06949261788891,15.0,0.0294823448748714
AD1005,ProductLaunch,Google,2024-01-09,2205,157,326.49144203968063,1.0,0.0712018140589569
AD1006,WinterSale,Google,2024-01-19,743,1,54.268947833194616,20.0,0.0013458950201884
AD1007,WinterSale,Meta,2024-01-31,2240,212,260.2366818284637,6.0,
AD1008,SpringPromo,LinkedIn,01/19/2024,3794,309,95.6053562143911,7.0,
AD1009,WinterSale,Meta,2024-01-03,0,9,228.23866426452304,2.0,
AD1010,SpringPromo,Google,01/13/2024,2684,29,380.14197548161104,18.0,0.0108047690014903
AD1011,SpringPromo,Meta,2024-01-26,1320,68,150.60912686436384,6.0,0.0515151515151515
AD1012,ProductLaunch,Google,2024-01-01,4889,392,209.11607603139072,11.0,0.0801799959091838
AD1013,ProductLaunch,Meta,2024-01-12,2200,181,434.09329532879195,10.0,
AD1014,ProductLaunch,LinkedIn,2024-01-13,2638,243,210.03992679717084,3.0,0.0921152388172858
AD1015,ProductLaunch,Google,2024-01-21,1599,17,373.36794474755976,6.0,0.0106316447779862
AD1016,WinterSale,Meta,2024-13-01,2787,214,60.065923487973436,1.0,0.0767850735557947
AD1017,WinterSale,Meta,2024-01-25,3980,204,318.32865297178176,5.0,0.0512562814070351
AD1018,WinterSale,Google,2024-01-04,3137,193,404.75666110656266,0.0,0.0615237488045903
AD1019,WinterSale,LinkedIn,2024-01-09,2703,149,406.03331996972315,10.0,0.0551239363669996
AD1020,WinterSale,Meta,2024-01-04,1852,33,USD111.99,12.0,0.0178185745140388
AD1021,SpringPromo,Meta,2024-01-10,1773,153,96.55706120013042,6.0,0.0862944162436548
AD1022,SpringPromo,Google,2024-01-04,954,80,83.16423447329527,6.0,0.0838574423480083
AD1023,ProductLaunch,Facebook,01/23/2024,2048,198,122.50172857080999,20.0,0.0966796875
AD1024,SpringPromo,Meta,2024-13-01,4084,378,469.97388598101435,14.0,0.0925563173359451
AD1025,SpringPromo,Google,2024-01-05,3592,125,192.98181231774927,12.0,0.0347995545657015
AD1026,SpringPromo,Meta,2024-01-04,2407,167,153.02933779672685,4.0,0.0693809721645201
AD1027,ProductLaunch,Meta,01/16/2024,2776,16,174.51907492648473,9.0,0.0057636887608069
AD1028,SpringPromo,Meta,01/25/2024,3552,301,316.85564101941804,8.0,0.0847409909909909
AD1029,SpringPromo,Meta,01/19/2024,2255,224,390.0467805391171,17.0,0.0993348115299334
AD1030,WinterSale,Google,01/03/2024,1413,118,73.16886281505026,18.0,0.0835102618542109
AD1031,WinterSale,LinkedIn,2024-01-13,2372,231,105.28453430720279,5.0,0.0973861720067453
AD1032,WinterSale,Meta,01/10/2024,2229,103,410.00809961960005,15.0,0.0462090623598026
AD1033,WinterSale,LinkedIn,01/23/2024,4973,149,78.00793320980635,9.0,0.0299617936859038
AD1034,SpringPromo,LinkedIn,2024-01-31,1630,140,177.62874932072384,19.0,0.0858895705521472
AD1035,WinterSale,Meta,01/08/2024,2893,209,221.48261305585845,0.0,0.0722433460076045
AD1036,ProductLaunch,Meta,2024-01-11,3375,145,50.894705048545205,10.0,0.0429629629629629
AD1037,SpringPromo,Meta,01/16/2024,4514,402,122.2516248139954,16.0,0.0890562693841382
AD1038,WinterSale,Google,2024-01-05,1940,90,125.44596959013913,15.0,0.0463917525773195
AD1039,WinterSale,Meta,2024-01-22,1974,119,306.07307286207435,8.0,0.0602836879432624
AD1040,SpringPromo,Meta,2024-01-01,0,7,112.30214481175747,19.0,
AD1041,WinterSale,Google,01/02/2024,2979,25,444.9592297859093,20.0,
AD1042,ProductLaunch,LinkedIn,01/04/2024,4490,223,352.5436779631557,3.0,0.0496659242761692
AD1043,ProductLaunch,LinkedIn,01/17/2024,4409,33,433.01686387110675,19.0,0.0074846904059877
AD1044,WinterSale,Google,2024-01-19,850,49,163.9622526963734,1.0,0.0576470588235294
AD1045,WinterSale,Google,2024-01-20,3347,203,411.519668237865,4.0,0.0606513295488497
AD1046,SpringPromo,Meta,2024-13-01,2587,18,332.59131815421983,18.0,0.0069578662543486
AD1047,SpringPromo,Google,2024-01-27,816,79,128.66085559743098,9.0,0.096813725490196
AD1048,SpringPromo,google,2024-01-24,1503,23,78.36830373217401,7.0,0.0153027278775781
AD1049,WinterSale,FB,2024-01-15,1967,135,198.48295319165896,18.0,0.0686324351804778
AD1050,ProductLaunch,Google,2024-01-30,2644,231,221.9889220798555,7.0,
AD1051,SpringPromo,Meta,01/25/2024,2834,170,139.7282045780389,14.0,0.059985885673959
AD1052,ProductLaunch,Google,2024-01-25,1050,95,USD123.20,3.0,0.0904761904761904
AD1053,ProductLaunch,Google,2024-01-11,3694,47,213.57339034194183,9.0,0.0127233351380617
AD1054,ProductLaunch,LinkedIn,2024-01-10,1143,46,-83.1058296600713,13.0,0.0402449693788276
AD1055,SpringPromo,LinkedIn,01/31/2024,557,37,101.36424963543384,1.0,0.0664272890484739
AD1056,SpringPromo,Google,2024-01-07,2964,269,182.46702589999575,16.0,0.0907557354925776
AD1057,WinterSale,Meta,2024-01-05,4923,334,392.5370469732829,5.0,0.0678448100751574
AD1058,ProductLaunch,LinkedIn,01/16/2024,4172,385,492.2621373967869,0.0,0.0922818791946308
AD1059,SpringPromo,LinkedIn,2024-01-05,3769,184,248.3486934749834,13.0,
AD1060,WinterSale,Meta,2024-01-09,4766,123,307.382351171999,14.0,
AD1061,SpringPromo,Google,2024-01-01,3067,17,221.8207068263939,14.0,0.0055428757743723
AD1062,SpringPromo,Google,2024-01-24,4701,422,169.12630335628808,16.0,0.0897681344394809
AD1063,ProductLaunch,LinkedIn,01/01/2024,3962,66,177.17704052728226,15.0,0.01665825340737
AD1064,ProductLaunch,Meta,01/13/2024,4326,217,101.60856165163356,0.0,0.0501618122977346
AD1065,ProductLaunch,Meta,01/16/2024,2048,12,205.6547747887726,10.0,0.005859375
AD1066,SpringPromo,Meta,01/02/2024,2674,196,355.5162588142444,15.0,0.0732984293193717
AD1067,WinterSale,LinkedIn,2024-01-03,4707,273,180.00549088556258,4.0,0.0579987253027406
AD1068,WinterSale,Google,01/30/2024,594,11,157.16839844131079,6.0,0.0185185185185185
AD1069,ProductLaunch,LinkedIn,01/04/2024,2066,30,99.98798953762723,7.0,0.0145208131655372
AD1070,SpringPromo,Meta,01/09/2024,1013,44,314.4974853685905,19.0,0.0434353405725567
AD1071,ProductLaunch,Meta,2024-01-31,3186,277,297.678518509484,20.0,0.0869428750784683
AD1072,SpringPromo,LinkedIn,2024-01-25,1298,67,376.44656816397656,1.0,0.0516178736517719
AD1073,WinterSale,Google,01/19/2024,2602,162,230.64907237816152,8.0,
AD1074,ProductLaunch,LinkedIn,01/28/2024,4614,245,238.79828439939342,9.0,0.053099263112267
AD1075,SpringPromo,google,2024-01-06,2422,200,411.9986928364447,,0.0825763831544178
AD1076,ProductLaunch,Meta,01/21/2024,572,1,$199.54,9.0,0.0017482517482517
AD1077,WinterSale,Meta,2024-01-16,1944,103,391.2297821925235,19.0,0.0529835390946502
AD1078,WinterSale,LinkedIn,01/24/2024,4488,207,407.06081337989013,11.0,0.0461229946524064
AD1079,ProductLaunch,Meta,2024-01-23,3079,63,51.99311347011902,6.0,0.0204611886976291
AD1080,ProductLaunch,Meta,01/17/2024,3998,293,340.1837029368769,10.0,0.0732866433216608
AD1081,ProductLaunch,LinkedIn,01/16/2024,4810,200,469.47925770494516,19.0,
AD1082,WinterSale,LinkedIn,01/10/2024,4207,208,318.1522480306171,3.0,0.049441407178512
AD1083,SpringPromo,Google,01/18/2024,605,48,432.9797991851832,9.0,0.0793388429752066
AD1084,ProductLaunch,Facebook,01/18/2024,3763,151,389.3212399561426,14.0,0.0401275577996279
AD1085,WinterSale,LinkedIn,01/17/2024,4831,437,384.9747422170069,0.0,0.0904574622231422
AD1086,SpringPromo,LinkedIn,2024-01-19,1259,37,53.765927311573215,3.0,
AD1087,ProductLaunch,Meta,01/06/2024,4311,337,309.3253575020016,18.0,0.0781721178380886
AD1088,WinterSale,Facebook,01/06/2024,3916,321,181.33547131319912,4.0,0.0819713993871297
AD1089,ProductLaunch,Google,2024-01-20,1303,2,170.24372157970146,,0.0015349194167306
AD1090,ProductLaunch,Google,2024-01-24,3487,184,72.29926787163697,17.0,0.0527674218525953
AD1091,ProductLaunch,Meta,2024-01-28,3354,15,286.1149637647603,2.0,0.0044722719141323
AD1092,ProductLaunch,LinkedIn,01/01/2024,4844,449,221.78727515784587,13.0,0.092691990090834
AD1093,ProductLaunch,Meta,01/21/2024,1908,15,491.5218156610734,,0.0078616352201257
AD1094,SpringPromo,Meta,01/27/2024,3901,228,450.12471024513076,17.0,0.0584465521661112
AD1095,SpringPromo,Google,01/07/2024,2265,28,428.70932523771796,14.0,0.0123620309050772
AD1096,WinterSale,LinkedIn,01/07/2024,1460,33,149.24463563382716,8.0,0.0226027397260273
AD1097,SpringPromo,Google,2024-01-29,1296,58,260.76364470644114,5.0,0.044753086419753
AD1098,SpringPromo,LinkedIn,2024-01-20,3329,27,55.82154787819458,3.0,0.0081105437068188
AD1099,ProductLaunch,LinkedIn,2024-01-06,2571,196,434.7765651373728,8.0,0.0762349280435628
AD1100,ProductLaunch,LinkedIn,01/25/2024,1461,141,98.86310635778025,5.0,0.0965092402464065
AD1101,WinterSale,Google,01/08/2024,1688,40,247.9443178010984,18.0,0.0236966824644549
AD1102,SpringPromo,LinkedIn,01/16/2024,0,8,128.36476164785506,14.0,
AD1103,SpringPromo,Meta,01/30/2024,4596,289,210.16351251633526,19.0,0.0628807658833768
AD1104,ProductLaunch,FB,2024-01-22,1328,128,283.90650451737224,11.0,0.0963855421686747
AD1105,SpringPromo,Meta,01/15/2024,1012,7,55.46136075359131,,0.0069169960474308
AD1106,SpringPromo,Meta,01/17/2024,2542,150,299.4835688116956,19.0,0.059008654602675
AD1107,WinterSale,Meta,01/31/2024,3522,98,379.8973272618226,5.0,0.0278250993753549
AD1108,WinterSale,Meta,01/04/2024,1220,121,435.759428969177,5.0,0.0991803278688524
AD1109,ProductLaunch,Google,2024-01-31,4281,315,344.74049389511237,18.0,
AD1110,WinterSale,LinkedIn,2024-01-06,1996,136,396.2741182357095,19.0,0.0681362725450901
AD1111,SpringPromo,LinkedIn,01/17/2024,4348,393,280.7782612185273,13.0,0.0903863845446182
AD1112,WinterSale,LinkedIn,2024-01-06,3005,280,353.14319944497856,1.0,0.0931780366056572
AD1113,ProductLaunch,Google,01/16/2024,3900,332,418.9643978288228,,0.0851282051282051
AD1114,SpringPromo,LinkedIn,2024-01-03,915,48,97.14713518207515,14.0,0.0524590163934426
AD1115,SpringPromo,LinkedIn,01/22/2024,3064,139,317.17074875648757,1.0,0.0453655352480417
AD1116,WinterSale,LinkedIn,01/25/2024,4580,223,70.60683980372417,18.0,0.0486899563318777
AD1117,ProductLaunch,Google,2024-01-05,4868,436,400.81431018370256,1.0,0.0895645028759244
AD1118,ProductLaunch,LinkedIn,01/24/2024,2077,128,74.62734722125931,2.0,0.0616273471352912
AD1119,ProductLaunch,LinkedIn,2024-13-01,4632,249,110.20158962214646,10.0,0.0537564766839378
AD1120,ProductLaunch,LinkedIn,2024-01-15,4319,14,323.90395151889385,3.0,0.0032414910858995
AD1121,SpringPromo,Meta,2024-01-10,3177,159,177.97911676057404,10.0,0.0500472143531633
AD1122,SpringPromo,Google,2024-01-28,1723,54,270.87288872506264,,0.0313406848520023
AD1123,ProductLaunch,Meta,01/08/2024,632,1,458.68099060379285,8.0,0.0015822784810126
AD1124,ProductLaunch,Google,2024-01-13,3292,194,415.60613165463184,15.0,0.0589307411907654
AD1125,WinterSale,Google,2024-01-25,650,30,488.6218280734572,19.0,0.0461538461538461
AD1126,SpringPromo,LinkedIn,01/07/2024,1140,85,71.25294899917483,1.0,0.0745614035087719
AD1127,SpringPromo,LinkedIn,01/15/2024,852,73,66.0641270144126,,0.0856807511737089
AD1128,SpringPromo,Meta,01/22/2024,1374,19,251.50979533391097,14.0,0.0138282387190684
AD1129,ProductLaunch,Meta,01/19/2024,2464,170,239.1082253427274,,0.0689935064935065
AD1130,ProductLaunch,LinkedIn,2024-01-17,2675,16,294.57282001454143,10.0,0.0059813084112149
AD1131,ProductLaunch,google,2024-01-20,1490,22,184.26007139288572,7.0,0.0147651006711409
AD1132,ProductLaunch,LinkedIn,01/11/2024,3353,276,353.86976879550724,10.0,0.082314345362362
AD1133,SpringPromo,Meta,01/31/2024,2266,23,344.0279772578203,,
AD1134,WinterSale,Google,2024-01-19,4496,255,156.55182972589728,17.0,0.0567170818505338
AD1135,SpringPromo,Google,2024-01-02,4752,131,348.83919314863334,8.0,0.02756734006734
AD1136,ProductLaunch,FB,2024-01-23,2918,18,267.58340010171514,20.0,0.006168608636052
AD1137,SpringPromo,Google,2024-01-05,912,32,220.09962753956097,19.0,0.0350877192982456
AD1138,WinterSale,Google,2024-13-01,1772,43,419.3045960331104,18.0,0.0242663656884875
AD1139,SpringPromo,LinkedIn,01/09/2024,2647,142,443.22703012875945,,0.0536456365697015
AD1140,SpringPromo,LinkedIn,01/08/2024,534,49,118.17423788020771,2.0,0.0917602996254681
AD1141,WinterSale,LinkedIn,2024-01-27,4252,376,106.07687825779016,1.0,0.0884289746001881
AD1142,ProductLaunch,Google,2024-13-01,4927,116,351.1840377903336,19.0,0.0235437385833164
AD1143,WinterSale,LinkedIn,01/04/2024,655,14,303.3484534382147,20.0,0.0213740458015267
AD1144,SpringPromo,Meta,2024-01-09,1144,91,324.5285438391657,12.0,0.0795454545454545
AD1145,ProductLaunch,LinkedIn,2024-01-22,2987,160,251.88548779678263,,0.0535654502845664
AD1146,SpringPromo,Google,2024-01-18,582,22,477.6210809510767,14.0,0.0378006872852233
AD1147,SpringPromo,Meta,01/16/2024,863,19,365.9347561614321,3.0,0.0220162224797219
AD1148,SpringPromo,Google,01/25/2024,4179,401,USD449.94,8.0,0.0959559703278296
AD1149,WinterSale,Meta,2024-01-23,2838,29,64.08083291226397,0.0,0.0102184637068358
AD1150,ProductLaunch,LinkedIn,01/16/2024,920,15,334.97159026977243,2.0,0.0163043478260869
AD1151,SpringPromo,Meta,2024-01-25,831,9,347.4200561862472,0.0,0.0108303249097472
AD1152,ProductLaunch,Google,01/29/2024,2990,127,129.4637338700684,4.0,0.0424749163879598
AD1153,SpringPromo,Google,01/25/2024,3705,30,480.341273007924,7.0,0.0080971659919028
AD1154,ProductLaunch,Meta,01/21/2024,3594,343,221.65756631764438,13.0,
AD1155,WinterSale,LinkedIn,01/30/2024,1140,43,407.91200776633707,12.0,0.037719298245614
AD1156,SpringPromo,Google,2024-01-26,1256,53,199.33680837662794,20.0,0.0421974522292993
AD1157,WinterSale,Meta,2024-13-01,1705,82,458.3406678681092,3.0,0.0480938416422287
AD1158,ProductLaunch,LinkedIn,2024-01-03,4217,78,153.63477386149876,4.0,0.0184965615366374
AD1159,ProductLaunch,Meta,2024-01-24,4957,101,379.59230071267643,15.0,0.0203752269517853
AD1160,WinterSale,LinkedIn,01/25/2024,3151,252,158.64435900176474,12.0,0.0799746112345287
AD1161,ProductLaunch,Google,2024-01-05,2233,97,77.63030266993137,12.0,0.0434393193013882
AD1162,ProductLaunch,Google,2024-01-22,4188,188,230.25919807265973,,0.0448901623686723
AD1163,SpringPromo,Google,2024-13-01,3485,276,374.69796711668107,8.0,0.079196556671449
AD1164,ProductLaunch,LinkedIn,2024-01-31,2492,4,258.94183980197545,10.0,0.0016051364365971
AD1165,ProductLaunch,Google,01/09/2024,3546,158,-313.67604380721815,6.0,0.0445572476029328
AD1166,WinterSale,LinkedIn,01/29/2024,1679,66,321.7251765280464,11.0,0.0393091125670041
AD1167,ProductLaunch,Meta,2024-01-26,2938,188,245.74770738934825,7.0,0.0639891082368958
AD1168,WinterSale,Google,2024-01-24,2055,53,264.4984669899943,7.0,0.0257907542579075
AD1169,ProductLaunch,Meta,01/28/2024,2102,69,58.16646842110185,3.0,0.0328258801141769
AD1170,SpringPromo,Meta,2024-01-12,3525,256,211.84463124260492,5.0,0.0726241134751773
AD1171,ProductLaunch,Meta,2024-01-25,3006,278,268.2497295490555,15.0,0.0924817032601463
AD1172,SpringPromo,Google,2024-01-23,4732,63,189.34978998382778,0.0,0.0133136094674556
AD1173,WinterSale,Google,01/28/2024,4197,247,147.66525062838565,20.0,0.0588515606385513
AD1174,ProductLaunch,LinkedIn,2024-01-14,3244,78,-402.68959986707085,7.0,0.0240443896424167
AD1175,SpringPromo,Google,2024-01-06,2396,70,152.43931590820165,17.0,0.0292153589315525
AD1176,WinterSale,LinkedIn,2024-01-19,1429,64,469.62824141647786,8.0,0.0447865640307907
AD1177,ProductLaunch,LinkedIn,01/11/2024,2398,84,415.7674117717226,3.0,0.0350291909924937
AD1178,WinterSale,Google,01/08/2024,1757,11,61.62863597730081,,0.006260671599317
AD1179,WinterSale,Meta,01/24/2024,2497,160,425.4661040261718,13.0,0.0640768922707248
AD1180,WinterSale,Meta,01/09/2024,575,44,296.55252065207765,1.0,0.0765217391304347
AD1181,SpringPromo,LinkedIn,01/24/2024,4530,92,73.11346742942281,6.0,
AD1182,SpringPromo,Google,01/13/2024,834,12,486.0034764619521,14.0,0.014388489208633
AD1183,ProductLaunch,Google,2024-01-02,2176,6,427.77964950255745,7.0,0.0027573529411764
AD1184,WinterSale,Google,2024-01-02,3109,204,153.54968129521632,5.0,0.0656159536828562
AD1185,WinterSale,Google,2024-01-19,678,3,327.51892751638525,14.0,0.0044247787610619
AD1186,SpringPromo,LinkedIn,01/10/2024,743,46,157.59954181497596,5.0,
AD1187,WinterSale,Google,2024-01-18,2363,58,206.16966083633596,14.0,0.0245450698264917
AD1188,WinterSale,Meta,2024-01-18,4713,383,387.60596888356713,14.0,0.081264587311691
AD1189,ProductLaunch,LinkedIn,01/11/2024,2247,92,211.056112193876,8.0,0.0409434801958166
AD1190,SpringPromo,Meta,01/01/2024,2361,169,214.9595465126751,16.0,0.0715798390512494
AD1191,WinterSale,Meta,2024-13-01,2742,230,279.7965471746311,18.0,0.0838803792851932
AD1192,ProductLaunch,Meta,01/05/2024,2918,146,USD96.82,3.0,0.050034270047978
AD1193,ProductLaunch,LinkedIn,01/13/2024,1140,114,260.89688275791457,19.0,0.1
AD1194,ProductLaunch,Meta,2024-01-30,999,49,245.33572618038633,3.0,0.049049049049049
AD1195,WinterSale,LinkedIn,01/03/2024,2894,102,-238.9706593334352,4.0,0.0352453351762266
AD1196,WinterSale,Google,2024-01-04,3388,227,116.28492372036548,9.0,0.0670011806375442
AD1197,SpringPromo,LinkedIn,01/12/2024,3010,69,200.2117085521015,11.0,0.0229235880398671
AD1198,WinterSale,Meta,2024-01-23,4372,371,461.7661386656785,5.0,0.0848581884720951
AD1199,WinterSale,Meta,01/09/2024,1929,191,408.9885119642072,12.0,0.0990150336962156
AD1200,SpringPromo,LinkedIn,2024-01-04,2533,101,409.7901369192499,13.0,0.0398736675878405
AD1201,SpringPromo,LinkedIn,2024-01-14,2774,189,399.1688053207105,17.0,0.0681326604181687
AD1202,ProductLaunch,Meta,01/29/2024,969,74,159.77447550400865,12.0,0.0763673890608875
AD1203,SpringPromo,Google,01/22/2024,3726,285,249.22012437675448,16.0,0.0764895330112721
AD1204,ProductLaunch,LinkedIn,2024-01-14,1276,4,346.5468332214821,1.0,0.0031347962382445
AD1205,WinterSale,LinkedIn,2024-01-17,3719,41,499.4906394624607,19.0,0.0110244689432643
AD1206,ProductLaunch,Meta,2024-01-10,2810,26,484.2194752608027,11.0,0.0092526690391459
AD1207,WinterSale,LinkedIn,01/15/2024,4270,358,419.1455241038095,6.0,0.0838407494145199
AD1208,SpringPromo,LinkedIn,01/07/2024,1502,48,359.7120411577682,13.0,
AD1209,ProductLaunch,Meta,2024-01-27,4434,229,144.62295296109727,13.0,0.0516463689670726
AD1210,WinterSale,Meta,2024-13-01,684,19,474.9777304117816,20.0,0.0277777777777777
AD1211,WinterSale,linkedin,2024-01-04,3528,175,96.05750622870048,9.0,0.0496031746031746
AD1212,ProductLaunch,Meta,01/17/2024,3968,320,214.88259615398457,6.0,0.0806451612903225
AD1213,SpringPromo,Meta,01/15/2024,2075,52,249.67255589350566,16.0,0.0250602409638554
AD1214,ProductLaunch,Google,01/21/2024,1524,83,265.98936579343535,2.0,0.0544619422572178
AD1215,WinterSale,Meta,2024-01-26,3955,131,302.657385203923,4.0,0.0331226295828065
AD1216,SpringPromo,Meta,2024-01-15,4549,195,132.96954806501572,,0.0428665640800175
AD1217,SpringPromo,Facebook,01/01/2024,4822,159,392.5134013573361,0.0,0.0329738697635835
AD1218,SpringPromo,Google,01/11/2024,918,14,408.31580183690414,,0.0152505446623093
AD1219,SpringPromo,Meta,2024-01-15,4450,347,498.6165884347596,6.0,0.0779775280898876
AD1220,SpringPromo,Meta,2024-01-21,4417,289,111.98359012140143,0.0,0.0654290242245868
AD1221,WinterSale,Meta,01/08/2024,3875,213,415.7167450063583,10.0,0.0549677419354838
AD1222,SpringPromo,LinkedIn,2024-01-03,846,65,275.31561532213834,10.0,0.0768321513002364
AD1223,SpringPromo,LinkedIn,2024-01-25,3147,50,59.256612818550295,14.0,0.0158881474420082
AD1224,WinterSale,Meta,2024-01-05,0,8,199.58909531641035,,
AD1225,WinterSale,meta,01/14/2024,2001,113,412.31950805003214,3.0,
AD1226,ProductLaunch,Meta,01/24/2024,3260,12,163.0588568297203,4.0,0.003680981595092
AD1227,ProductLaunch,LinkedIn,01/10/2024,1010,22,73.26047718838072,19.0,0.0217821782178217
AD1228,WinterSale,LinkedIn,2024-01-31,4143,211,202.67853714677113,5.0,0.0509292783007482
AD1229,WinterSale,LinkedIn,2024-01-09,4741,183,398.2817850271563,20.0,0.038599451592491
AD1230,ProductLaunch,Google,2024-01-12,2865,143,121.87618584597546,3.0,0.0499127399650959
AD1231,SpringPromo,Google,2024-01-04,3672,24,419.95043895739343,,0.0065359477124183
AD1232,SpringPromo,Meta,01/12/2024,2069,200,$53.95,17.0,0.0966650555824069
AD1233,WinterSale,Meta,2024-01-24,1653,162,203.0023440524298,5.0,
AD1234,WinterSale,meta,01/11/2024,785,12,412.8218982361928,9.0,0.0152866242038216
AD1235,SpringPromo,LinkedIn,01/13/2024,1277,28,-267.1211563499393,6.0,0.0219263899765074
AD1236,WinterSale,Google,01/01/2024,1164,36,429.5331873524964,12.0,0.0309278350515463
AD1237,WinterSale,Meta,01/10/2024,1583,57,266.5293358481172,,0.0360075805432722
AD1238,ProductLaunch,Meta,2024-01-20,2134,108,426.1177325863374,1.0,0.0506091846298031
AD1239,SpringPromo,Meta,2024-01-09,1467,98,176.06380753174028,9.0,0.0668029993183367
AD1240,SpringPromo,Google,01/24/2024,4682,26,342.45175656424715,4.0,0.0055531824006834
AD1241,WinterSale,LinkedIn,2024-01-22,3025,213,56.307045423120414,8.0,0.0704132231404958
AD1242,SpringPromo,Meta,01/02/2024,758,67,434.030954404643,10.0,0.0883905013192612
AD1243,ProductLaunch,LinkedIn,2024-01-07,1559,74,393.90727638734313,6.0,0.0474663245670301
AD1244,ProductLaunch,Meta,01/31/2024,2468,133,300.5225807383208,0.0,0.0538897893030794
AD1245,SpringPromo,LinkedIn,2024-01-13,3594,262,384.22405892386763,20.0,0.0728992765720645
AD1246,ProductLaunch,Google,2024-01-05,3016,3,255.2459774383829,10.0,0.0009946949602122
AD1247,SpringPromo,Meta,2024-01-21,4234,352,319.7944805580315,13.0,0.0831365139348134
AD1248,WinterSale,Google,2024-01-09,1518,139,318.36008217804255,11.0,0.0915678524374176
AD1249,ProductLaunch,Meta,01/13/2024,4372,86,207.67011155112715,4.0,0.0196706312900274
AD1250,WinterSale,Meta,01/22/2024,4129,42,285.8169923753807,10.0,0.0101719544683942
AD1251,SpringPromo,Google,2024-01-05,1312,33,379.7364467936608,8.0,0.0251524390243902
AD1252,SpringPromo,Meta,01/14/2024,600,60,410.2232214149832,,0.1
AD1253,SpringPromo,Google,01/06/2024,3591,36,340.01144517629155,2.0,0.0100250626566416
AD1254,ProductLaunch,Google,2024-01-27,3696,71,346.0703834596496,1.0,0.0192099567099567
AD1255,ProductLaunch,FB,2024-01-30,3066,110,252.57418079457878,14.0,0.0358773646444879
AD1256,ProductLaunch,LinkedIn,2024-01-31,1043,79,325.94004316096573,,0.0757430488974113
AD1257,ProductLaunch,LinkedIn,2024-01-04,1577,116,322.678317270809,19.0,0.0735573874445149
AD1258,SpringPromo,Meta,01/22/2024,2880,216,309.089452625053,4.0,0.075
AD1259,ProductLaunch,Meta,2024-01-05,4551,89,468.72823430682615,11.0,0.019556141507361
AD1260,WinterSale,Meta,2024-01-15,1840,159,64.69953418939674,14.0,
AD1261,WinterSale,Meta,01/14/2024,4619,141,126.93158007214701,10.0,0.0305260878978133
AD1262,WinterSale,Meta,01/25/2024,1389,109,133.8682215142093,16.0,0.0784737221022318
AD1263,WinterSale,Meta,01/28/2024,3430,336,464.642164271899,1.0,0.0979591836734693
AD1264,WinterSale,Google,01/05/2024,1639,63,355.5574982471291,13.0,0.0384380719951189
AD1265,SpringPromo,Google,2024-01-30,4514,306,141.35570507923447,6.0,
AD1266,ProductLaunch,Meta,01/18/2024,2770,133,115.27833537788406,8.0,0.048014440433213
AD1267,SpringPromo,Meta,2024-01-31,1218,53,120.32311830257635,6.0,0.0435139573070607
AD1268,ProductLaunch,LinkedIn,2024-01-24,4395,393,320.6175188838905,19.0,0.089419795221843
AD1269,ProductLaunch,LinkedIn,01/18/2024,1161,112,175.79785049636897,3.0,
AD1270,ProductLaunch,LinkedIn,2024-01-29,1940,139,314.07901355158936,,0.0716494845360824
AD1271,ProductLaunch,Meta,2024-01-02,2822,262,187.66045936380482,16.0,0.0928419560595322
AD1272,ProductLaunch,Google,01/11/2024,809,4,164.60269328114572,13.0,0.0049443757725587
AD1273,WinterSale,Google,2024-13-01,2374,201,173.2210156918571,2.0,0.0846672283066554
AD1274,ProductLaunch,LinkedIn,2024-01-14,2906,25,298.4681603283791,8.0,0.0086028905712319
AD1275,SpringPromo,Google,2024-01-06,553,30,89.49338696312734,0.0,0.0542495479204339
AD1276,WinterSale,Google,01/08/2024,3892,104,463.03011290576626,1.0,0.02672147995889
AD1277,ProductLaunch,Google,01/04/2024,2798,104,470.3885820572537,2.0,
AD1278,SpringPromo,LinkedIn,2024-01-03,1713,113,237.0909978147178,14.0,0.0659661412726211
AD1279,SpringPromo,LinkedIn,2024-01-29,1934,42,235.57571638088788,4.0,0.0217166494312306
AD1280,WinterSale,LinkedIn,01/14/2024,3575,34,246.55373495671182,17.0,0.0095104895104895
AD1281,WinterSale,Google,01/29/2024,1184,24,239.96858870713527,10.0,0.0202702702702702
AD1282,ProductLaunch,Google,2024-01-06,1283,94,62.00475124035368,8.0,0.0732657833203429
AD1283,ProductLaunch,Meta,2024-01-20,2908,44,205.51107627818587,19.0,0.015130674002751
AD1284,SpringPromo,LinkedIn,2024-01-25,2769,163,190.45745539366462,20.0,0.0588660166124954
AD1285,SpringPromo,Google,01/18/2024,3981,138,155.39596746258024,13.0,0.0346646571213263
AD1286,ProductLaunch,Meta,2024-01-27,3040,20,499.62478014241697,9.0,0.006578947368421
AD1287,SpringPromo,Google,01/12/2024,798,64,64.57345183791034,19.0,0.0802005012531328
AD1288,SpringPromo,LinkedIn,2024-01-28,813,73,258.12897372157283,3.0,
AD1289,WinterSale,Meta,2024-01-17,3422,145,181.01197274873127,9.0,0.0423728813559322
AD1290,ProductLaunch,LinkedIn,01/05/2024,4717,313,87.00210835986624,20.0,0.0663557345770616
AD1291,WinterSale,Google,2024-01-26,1541,63,226.2679656097433,13.0,0.0408825438027255
AD1292,WinterSale,Google,2024-01-16,3889,341,71.29516233060212,8.0,0.0876832090511699
AD1293,WinterSale,Meta,01/08/2024,1675,41,497.39833650087206,2.0,0.0244776119402985
AD1294,ProductLaunch,LinkedIn,01/08/2024,3437,248,230.58976395158646,16.0,0.0721559499563572
AD1295,SpringPromo,Meta,01/11/2024,4900,182,383.4703677215696,13.0,0.0371428571428571
AD1296,ProductLaunch,LinkedIn,2024-01-10,2605,197,421.8227536637959,16.0,0.0756238003838771
AD1297,SpringPromo,LinkedIn,01/17/2024,1763,107,310.55262369297884,20.0,0.0606920022688598
AD1298,SpringPromo,LinkedIn,2024-01-22,3075,269,213.95705741368354,15.0,
AD1299,WinterSale,LinkedIn,2024-01-12,2228,5,196.38755403145294,11.0,0.0022441651705565
AD1300,WinterSale,Google,01/21/2024,3480,203,122.64063013266946,8.0,0.0583333333333333
AD1301,ProductLaunch,Google,01/26/2024,3250,108,408.2240458322024,8.0,0.0332307692307692
AD1302,SpringPromo,Google,2024-01-07,1855,84,192.7205718575341,3.0,
AD1303,WinterSale,Meta,2024-01-28,2698,190,315.1480971945721,16.0,0.0704225352112676
AD1304,SpringPromo,LinkedIn,2024-01-25,4660,317,408.8926324822349,8.0,
AD1305,WinterSale,LinkedIn,01/05/2024,4475,366,466.3232802207368,6.0,0.0817877094972067
AD1306,WinterSale,Google,2024-01-18,2537,45,387.2882297935917,8.0,
AD1307,SpringPromo,Meta,2024-01-29,1256,29,110.38884341257472,1.0,0.0230891719745222
AD1308,ProductLaunch,FB,2024-01-21,3335,103,84.4716872848974,,0.0308845577211394
AD1309,WinterSale,Google,2024-01-09,2245,3,368.8651174668426,,0.0013363028953229
AD1310,WinterSale,LinkedIn,2024-01-19,2170,173,360.1823440830267,17.0,0.0797235023041474
AD1311,ProductLaunch,LinkedIn,01/04/2024,1942,160,361.63453756047267,3.0,0.082389289392379
AD1312,WinterSale,Meta,2024-01-10,3536,236,370.8796509356945,10.0,
AD1313,SpringPromo,Meta,2024-01-13,1988,83,305.882364253519,20.0,0.0417505030181086
AD1314,WinterSale,Google,2024-01-14,4125,221,121.89169675709466,9.0,0.0535757575757575
AD1315,SpringPromo,Google,01/09/2024,1175,49,146.30571830737884,,0.0417021276595744
AD1316,WinterSale,Meta,01/23/2024,3123,225,-278.0824951065462,18.0,0.0720461095100864
AD1317,WinterSale,Google,2024-01-11,2877,16,USD56.99,11.0,0.005561348627042
AD1318,WinterSale,LinkedIn,2024-01-30,3834,226,192.11476199356187,18.0,0.0589462702138758
AD1319,SpringPromo,Meta,01/05/2024,2918,12,389.5982541527385,12.0,0.004112405757368
AD1320,SpringPromo,LinkedIn,2024-13-01,3701,330,83.69065336213524,18.0,0.0891650905160767
AD1321,SpringPromo,Google,01/24/2024,3965,373,346.9223949257235,17.0,0.0940731399747793
AD1322,SpringPromo,Google,2024-01-02,2814,170,399.39729647486615,4.0,
AD1323,WinterSale,Google,01/24/2024,2724,32,100.50045709776279,15.0,0.0117474302496328
AD1324,WinterSale,LinkedIn,2024-01-10,689,33,161.01488088117407,13.0,0.0478955007256894
AD1325,WinterSale,Meta,01/27/2024,3119,248,229.28368459074247,11.0,0.0795126643154857
AD1326,WinterSale,LinkedIn,01/14/2024,4591,374,370.35467962110755,3.0,0.0814637333914179
AD1327,ProductLaunch,Meta,2024-01-19,2726,145,87.52453031772136,5.0,0.0531914893617021
AD1328,WinterSale,LinkedIn,01/11/2024,2803,218,219.6115387590929,20.0,0.0777738137709596
AD1329,ProductLaunch,google,2024-01-15,1420,49,357.2229631391255,5.0,0.0345070422535211
AD1330,SpringPromo,Google,2024-01-08,2309,208,317.24755780414176,,0.0900822867042009
AD1331,ProductLaunch,Meta,2024-01-13,4881,33,381.01550614837646,17.0,0.0067609096496619
AD1332,WinterSale,Meta,01/07/2024,849,22,151.30109896255925,12.0,0.0259128386336866
AD1333,ProductLaunch,Google,01/02/2024,2953,196,220.59304376766713,18.0,0.0663731798171351
AD1334,SpringPromo,Meta,01/31/2024,4663,267,182.11902098539207,5.0,0.0572592751447565
AD1335,WinterSale,Meta,2024-01-04,4483,58,385.1398185800013,13.0,0.0129377648895828
AD1336,ProductLaunch,Meta,2024-01-05,2678,13,129.60606251701643,7.0,0.0048543689320388
AD1337,ProductLaunch,Meta,01/01/2024,3347,62,USD155.41,8.0,0.0185240513893038
AD1338,SpringPromo,Google,01/24/2024,1929,160,USD58.17,15.0,0.0829445308449974
AD1339,WinterSale,Meta,2024-01-01,2320,93,259.15002214257714,17.0,0.0400862068965517
AD1340,ProductLaunch,Google,01/19/2024,3196,33,201.64093847913213,2.0,0.010325406758448
AD1341,SpringPromo,Google,01/27/2024,2920,151,425.2702028004615,12.0,0.0517123287671232
AD1342,SpringPromo,Google,01/19/2024,1520,106,163.7292313344401,19.0,0.0697368421052631
AD1343,ProductLaunch,LinkedIn,2024-01-03,4043,320,292.15013740728165,6.0,0.0791491466732624
AD1344,SpringPromo,LinkedIn,01/27/2024,2807,129,-219.80150446240899,0.0,0.0459565372283576
AD1345,SpringPromo,Meta,2024-01-05,1118,111,440.33574909815883,,0.0992844364937388
AD1346,WinterSale,LinkedIn,2024-01-21,1547,93,135.87653188453294,14.0,0.0601163542340012
AD1347,SpringPromo,Meta,2024-01-15,3298,0,140.86040495016243,5.0,0.0
AD1348,SpringPromo,Google,01/16/2024,4346,11,174.39987784800235,17.0,0.0025310630464795
AD1349,WinterSale,LinkedIn,2024-01-06,3843,29,150.02529265877587,13.0,0.0075461878740567
AD1350,ProductLaunch,LinkedIn,2024-01-23,1648,128,190.97106979520933,20.0,0.0776699029126213
AD1351,ProductLaunch,Meta,2024-01-26,3199,227,139.6370443331346,16.0,0.0709596748984057
AD1352,SpringPromo,Meta,2024-01-09,3967,73,404.65963665289576,14.0,0.0184018149735316
AD1353,SpringPromo,Google,01/31/2024,595,25,104.40952400438216,,0.042016806722689
AD1354,WinterSale,LinkedIn,01/20/2024,4760,247,156.41830719944465,1.0,0.051890756302521
AD1355,ProductLaunch,Google,01/05/2024,1922,77,440.0422893857845,17.0,
AD1356,SpringPromo,Google,2024-01-24,4810,361,-180.70082904046455,1.0,0.075051975051975
AD1357,WinterSale,LinkedIn,2024-01-08,4319,175,205.8159840118724,2.0,0.0405186385737439
AD1358,WinterSale,Google,2024-01-06,2418,12,57.74145991923615,5.0,0.0049627791563275
AD1359,SpringPromo,Google,01/26/2024,1434,65,253.05474471745322,4.0,0.0453277545327754
AD1360,ProductLaunch,Google,2024-01-22,1805,46,479.91291602955584,1.0,0.0254847645429362
AD1361,SpringPromo,Google,2024-01-19,765,2,165.95877028272724,0.0,0.0026143790849673
AD1362,WinterSale,Meta,01/01/2024,614,51,328.7905317032706,6.0,0.0830618892508143
AD1363,ProductLaunch,LinkedIn,2024-01-20,1979,105,181.3082635586674,9.0,0.0530570995452248
AD1364,SpringPromo,Google,01/31/2024,2257,18,188.4795166085852,13.0,0.0079751883030571
AD1365,WinterSale,Google,2024-13-01,4385,49,309.15035070373557,13.0,0.0111744583808437
AD1366,ProductLaunch,LinkedIn,2024-01-13,2243,48,438.1610964924414,12.0,0.0213999108337048
AD1367,SpringPromo,Meta,01/11/2024,2273,152,340.9080902672851,5.0,0.0668719753629564
AD1368,ProductLaunch,Google,2024-01-28,1339,42,349.87791473361466,13.0,0.0313666915608663
AD1369,ProductLaunch,Meta,01/26/2024,929,59,318.688141142098,8.0,
AD1370,SpringPromo,Meta,2024-01-22,4810,217,467.5807274011383,,
AD1371,WinterSale,LinkedIn,01/07/2024,4422,57,454.12214487082133,3.0,0.0128900949796472
AD1372,WinterSale,Meta,01/17/2024,4888,399,182.6357509429198,16.0,0.0816284779050736
AD1373,WinterSale,LinkedIn,2024-01-19,3682,362,120.72556352898943,,0.0983161325366648
AD1374,SpringPromo,Google,01/23/2024,2557,3,386.1414061151268,13.0,
AD1375,WinterSale,LinkedIn,2024-01-28,3025,103,390.78870555453335,,0.0340495867768595
AD1376,WinterSale,LinkedIn,01/26/2024,4352,319,122.09539470291234,0.0,0.0732996323529411
AD1377,WinterSale,Google,2024-13-01,1071,71,494.6807424076844,14.0,0.0662931839402427
AD1378,ProductLaunch,LinkedIn,2024-01-21,1163,51,262.9256616297601,,0.0438521066208082
AD1379,SpringPromo,Meta,01/26/2024,3678,350,164.41022931244746,12.0,0.0951604132680804
AD1380,ProductLaunch,Meta,2024-01-12,3133,176,199.54016162399608,16.0,0.0561761889562719
AD1381,WinterSale,Meta,2024-01-17,1785,102,234.15136748122978,2.0,0.0571428571428571
AD1382,WinterSale,LinkedIn,01/23/2024,4869,178,115.54825675623319,13.0,0.0365578147463544
AD1383,SpringPromo,Google,2024-01-31,1444,31,433.95618820075276,17.0,0.0214681440443213
AD1384,ProductLaunch,Meta,01/09/2024,874,7,90.4251946968425,19.0,0.0080091533180778
AD1385,ProductLaunch,LinkedIn,2024-01-11,1385,97,365.5659857263607,7.0,0.0700361010830324
AD1386,ProductLaunch,Google,01/29/2024,3220,317,451.8502501994264,19.0,0.0984472049689441
AD1387,WinterSale,Meta,2024-01-31,1361,115,254.69765156252703,1.0,0.0844966936076414
AD1388,SpringPromo,Google,01/07/2024,4071,168,313.59342892009875,5.0,0.0412675018422991
AD1389,ProductLaunch,Google,01/17/2024,731,65,122.70556399024514,,0.0889192886456908
AD1390,ProductLaunch,Google,01/02/2024,2413,117,483.831991677346,6.0,0.048487360132615
AD1391,SpringPromo,Meta,2024-01-10,1985,88,181.2264558727202,14.0,0.0443324937027707
AD1392,ProductLaunch,LinkedIn,2024-01-11,1318,124,214.4674005218375,19.0,0.094081942336874
AD1393,SpringPromo,Google,2024-01-24,3863,269,75.76850138532646,20.0,0.0696349987056691
AD1394,ProductLaunch,Meta,2024-01-18,0,1,147.31522083192135,,
AD1395,SpringPromo,LinkedIn,2024-01-22,3382,148,399.2864056963351,20.0,0.0437610881135422
AD1396,WinterSale,LinkedIn,01/31/2024,2125,156,85.66604001564428,0.0,0.0734117647058823
AD1397,WinterSale,Google,2024-01-25,2659,228,103.06675269768701,15.0,0.0857465212485897
AD1398,SpringPromo,LinkedIn,2024-01-19,1448,67,$231.04,16.0,0.0462707182320442
AD1399,ProductLaunch,LinkedIn,2024-01-20,1737,84,278.541745809961,,0.0483592400690846
AD1400,WinterSale,Google,01/08/2024,1337,115,174.46325552341565,0.0,0.0860134629768137
AD1401,SpringPromo,LinkedIn,2024-01-16,3939,106,261.02932046955465,14.0,0.0269103833460269
AD1402,WinterSale,LinkedIn,2024-01-23,3211,88,461.26392286031967,7.0,0.0274057925879788
AD1403,WinterSale,LinkedIn,01/08/2024,2889,128,406.2168295982703,10.0,0.0443059882312218
AD1404,WinterSale,Google,2024-13-01,4743,31,296.2987902309827,14.0,0.0065359477124183
AD1405,ProductLaunch,Google,01/13/2024,4015,160,479.05807687255185,1.0,0.0398505603985056
AD1406,SpringPromo,LinkedIn,01/03/2024,746,13,361.12166769884794,19.0,0.017426273458445
AD1407,SpringPromo,LinkedIn,2024-01-30,1791,150,393.9902047279304,13.0,0.083752093802345
AD1408,SpringPromo,LinkedIn,01/11/2024,2874,219,394.21509452408367,,0.0762004175365344
AD1409,WinterSale,Meta,01/08/2024,2923,121,297.8859260960518,8.0,0.0413958262059527
AD1410,SpringPromo,LinkedIn,01/07/2024,2553,156,304.0748542389938,12.0,0.0611045828437132
AD1411,SpringPromo,Google,2024-01-23,4366,223,453.2625959565919,10.0,0.0510765002290426
AD1412,ProductLaunch,Google,2024-01-06,1123,83,481.59929480445953,18.0,0.0739091718610863
AD1413,WinterSale,LinkedIn,01/03/2024,1625,107,456.6589721684799,5.0,0.0658461538461538
AD1414,WinterSale,LinkedIn,2024-01-29,3231,306,144.69512752516698,0.0,0.0947075208913649
AD1415,ProductLaunch,Meta,01/24/2024,3743,369,382.08852252833555,14.0,0.098584023510553
AD1416,ProductLaunch,Google,01/11/2024,2973,140,396.71020190203996,7.0,0.0470904809956273
AD1417,WinterSale,Google,01/03/2024,637,25,423.2249329657617,20.0,0.0392464678178963
AD1418,WinterSale,Google,01/15/2024,2409,164,222.8405040812152,5.0,0.0680780406807804
AD1419,WinterSale,Meta,2024-01-03,1456,120,427.86066214307795,12.0,0.0824175824175824
AD1420,SpringPromo,Google,01/10/2024,3123,134,USD337.68,1.0,0.0429074607748959
AD1421,ProductLaunch,LinkedIn,2024-01-01,1664,22,244.9198456686858,12.0,0.0132211538461538
AD1422,ProductLaunch,LinkedIn,2024-01-25,1747,173,54.96243551696977,17.0,0.0990269032627361
AD1423,ProductLaunch,Google,2024-13-01,4906,393,137.57595127050234,7.0,0.0801059926620464
AD1424,WinterSale,LinkedIn,2024-01-10,4885,263,312.5009233082621,19.0,0.0538382804503582
AD1425,SpringPromo,LinkedIn,01/10/2024,1683,56,242.8176937899829,15.0,0.0332739156268568
AD1426,SpringPromo,Google,01/04/2024,4741,148,451.6054809783964,16.0,0.0312170428179708
AD1427,ProductLaunch,LinkedIn,01/16/2024,1952,74,443.01073669555353,9.0,0.0379098360655737
AD1428,SpringPromo,Meta,01/12/2024,4623,18,86.52467358465152,2.0,0.0038935756002595
AD1429,ProductLaunch,LinkedIn,2024-01-08,3700,279,91.57697376617014,13.0,0.0754054054054054
AD1430,WinterSale,LinkedIn,2024-01-03,4799,409,128.13630692238848,1.0,0.0852260887684934
AD1431,ProductLaunch,LinkedIn,2024-01-05,4242,326,249.6150514049555,16.0,0.0768505421970768
AD1432,WinterSale,Google,01/30/2024,2108,192,345.11496245663244,3.0,0.0910815939278937
AD1433,ProductLaunch,Google,01/28/2024,1693,32,470.1646315821118,,0.0189013585351447
AD1434,SpringPromo,FB,2024-01-01,3322,248,267.1691509399642,0.0,0.0746538229981938
AD1435,WinterSale,Meta,01/10/2024,3818,57,414.1065104094625,10.0,0.0149292823467784
AD1436,ProductLaunch,Google,01/21/2024,4229,240,269.2833085653781,8.0,0.0567510049657129
AD1437,WinterSale,Google,01/23/2024,1827,47,67.21813371984084,16.0,0.0257252326217843
AD1438,WinterSale,Meta,2024-01-27,1106,15,345.16045229797743,15.0,0.0135623869801084
AD1439,SpringPromo,LinkedIn,2024-01-12,827,70,334.5977683113171,13.0,0.0846432889963724
AD1440,WinterSale,Google,2024-01-09,3963,198,396.6305792117519,,0.0499621498864496
AD1441,WinterSale,Google,01/07/2024,2304,99,372.15037105058184,14.0,0.04296875
AD1442,ProductLaunch,Google,01/06/2024,3204,112,369.82011696911087,20.0,0.0349563046192259
AD1443,SpringPromo,Google,01/16/2024,2892,289,331.0849666643775,1.0,0.0999308437067773
AD1444,WinterSale,LinkedIn,2024-01-20,3673,277,189.35039824948444,10.0,0.0754151919411924
AD1445,ProductLaunch,LinkedIn,01/01/2024,1682,36,382.64840557224016,,
AD1446,ProductLaunch,Meta,2024-01-03,3680,273,368.1140870186879,0.0,0.0741847826086956
AD1447,SpringPromo,Google,2024-01-05,3615,78,401.0853176147349,7.0,0.0215767634854771
AD1448,SpringPromo,Google,2024-01-22,1738,44,385.63297082805093,6.0,0.0253164556962025
AD1449,SpringPromo,Facebook,2024-01-06,4261,286,348.1318818945575,7.0,0.0671203942736446
AD1450,SpringPromo,LinkedIn,01/06/2024,1346,15,205.03510768197705,16.0,0.0111441307578008
AD1451,SpringPromo,Google,2024-01-10,4708,342,128.80083890463408,13.0,0.0726423109600679
AD1452,ProductLaunch,Google,01/11/2024,3395,89,376.9329220476485,5.0,0.0262150220913107
AD1453,ProductLaunch,Google,2024-01-10,601,27,227.19053014231744,20.0,
AD1454,WinterSale,FB,01/11/2024,4171,211,158.90506851991142,8.0,0.05058738911532
AD1455,WinterSale,Meta,01/24/2024,784,48,464.5381117754755,17.0,0.0612244897959183
AD1456,SpringPromo,Google,01/10/2024,0,10,281.3233582216202,1.0,
AD1457,SpringPromo,LinkedIn,01/01/2024,2715,230,84.26875097436067,1.0,0.0847145488029466
AD1458,WinterSale,Google,01/27/2024,2725,146,372.29014978169215,17.0,0.0535779816513761
AD1459,ProductLaunch,Meta,01/21/2024,2646,176,493.26886193325436,11.0,0.0665154950869236
AD1460,ProductLaunch,Google,01/01/2024,4168,191,238.74315397832922,4.0,0.0458253358925144
AD1461,ProductLaunch,Meta,2024-01-30,4918,109,106.0603205177527,11.0,
AD1462,SpringPromo,LinkedIn,2024-01-08,3929,313,463.3042408227749,7.0,
AD1463,WinterSale,Google,01/30/2024,1272,38,56.6942137317299,6.0,0.0298742138364779
AD1464,SpringPromo,LinkedIn,2024-01-23,3338,128,180.95541637660654,,0.0383463151587777
AD1465,ProductLaunch,Facebook,01/01/2024,2355,9,498.966765644711,1.0,0.0038216560509554
AD1466,SpringPromo,Meta,01/20/2024,2415,230,256.64731819706327,15.0,0.0952380952380952
AD1467,SpringPromo,LinkedIn,2024-01-23,4669,361,178.51885991674814,17.0,0.0773184836153351
AD1468,WinterSale,LinkedIn,01/20/2024,2148,35,325.50532667530007,18.0,0.0162942271880819
AD1469,WinterSale,Meta,01/15/2024,2195,49,170.2532350001049,8.0,0.0223234624145785
AD1470,ProductLaunch,Google,2024-01-17,3430,218,292.64485850099345,12.0,0.0635568513119533
AD1471,WinterSale,Meta,01/30/2024,664,46,213.6792374603396,16.0,0.0692771084337349
AD1472,ProductLaunch,Google,2024-01-06,766,63,379.69011963088826,2.0,0.0822454308093994
AD1473,WinterSale,Meta,2024-01-22,2449,116,263.096421264009,14.0,0.0473662719477337
AD1474,SpringPromo,Google,01/02/2024,2070,174,152.96135306216274,17.0,0.0840579710144927
AD1475,WinterSale,google,2024-01-13,2557,204,192.06382917222786,13.0,0.0797809933515838
AD1476,WinterSale,LinkedIn,2024-01-03,3263,91,88.84523910097496,13.0,0.0278884462151394
AD1477,WinterSale,LinkedIn,01/31/2024,919,76,50.237664292367015,8.0,0.0826985854189336
AD1478,WinterSale,Google,01/08/2024,4243,288,162.38789528321416,,0.0678765024746641
AD1479,ProductLaunch,LinkedIn,2024-01-15,800,50,374.24451690441725,0.0,0.0625
AD1480,WinterSale,Meta,01/14/2024,4363,373,156.33563361541152,7.0,0.0854916341966536
AD1481,SpringPromo,Google,2024-01-12,3983,229,165.3278089227274,4.0,0.0574943509917147
AD1482,ProductLaunch,Meta,01/26/2024,633,45,136.71003650500163,7.0,
AD1483,WinterSale,LinkedIn,2024-01-26,3779,91,148.74442888950068,0.0,0.0240804445620534
AD1484,WinterSale,Google,2024-01-01,2659,211,170.1132760012724,19.0,0.0793531402783001
AD1485,WinterSale,LinkedIn,2024-01-02,2052,39,462.294376912897,10.0,0.0190058479532163
AD1486,ProductLaunch,Google,01/30/2024,1368,0,114.63979282398437,,0.0
AD1487,ProductLaunch,LinkedIn,01/30/2024,3858,261,302.75844287703296,0.0,0.067651632970451
AD1488,SpringPromo,LinkedIn,01/07/2024,3306,251,345.92437965571764,3.0,0.0759225650332728
AD1489,ProductLaunch,Meta,2024-01-08,1731,153,439.5064103923038,11.0,
AD1490,ProductLaunch,Google,2024-01-13,2211,49,364.9494760363863,,0.0221619176843057
AD1491,WinterSale,Meta,2024-01-02,3268,108,444.58324338398455,,0.033047735618115
AD1492,ProductLaunch,LinkedIn,01/02/2024,4568,120,149.61043362457002,2.0,0.0262697022767075
AD1493,WinterSale,Google,01/01/2024,2362,167,136.83507195206948,,0.0707027942421676
AD1494,WinterSale,Google,01/28/2024,4941,447,128.5396884840154,,0.0904675166970249
AD1495,WinterSale,Meta,2024-01-08,1923,2,202.7111481093025,19.0,0.001040041601664
AD1496,ProductLaunch,Google,2024-01-09,4101,165,267.7928571192579,15.0,0.0402340892465252
AD1497,WinterSale,Meta,2024-01-27,3773,312,$246.38,11.0,
AD1498,SpringPromo,Google,01/21/2024,2910,86,269.0355819832881,3.0,
AD1499,ProductLaunch,LinkedIn,2024-01-16,3987,315,486.47481881286535,14.0,0.0790067720090293
AD1500,SpringPromo,LinkedIn,01/11/2024,2698,118,378.28232343230496,0.0,0.0437361008154188
AD1501,WinterSale,LinkedIn,01/30/2024,3608,69,494.8993210283375,3.0,0.0191241685144124
AD1502,WinterSale,Meta,01/15/2024,4767,166,347.41975648654636,9.0,0.0348227396685546
AD1503,ProductLaunch,Meta,01/24/2024,4297,129,314.8335253963161,6.0,0.0300209448452408
AD1504,SpringPromo,Meta,01/26/2024,3246,75,442.21859064768654,17.0,0.0231053604436229
AD1505,WinterSale,Meta,2024-01-29,4414,433,408.0249796412207,,0.0980969642048029
AD1506,WinterSale,Meta,2024-13-01,1883,93,413.10170780482747,2.0,
AD1507,SpringPromo,Meta,01/22/2024,4622,172,149.41000490879026,18.0,0.0372133275638251
AD1508,WinterSale,LinkedIn,01/03/2024,4337,429,269.1137824675145,14.0,0.0989163015909615
AD1509,SpringPromo,LinkedIn,01/13/2024,2200,146,464.6107558698749,17.0,0.0663636363636363
AD1510,ProductLaunch,Meta,2024-13-01,4363,190,115.00120560719284,7.0,0.0435480174192069
AD1511,SpringPromo,LinkedIn,2024-01-28,2681,247,113.65523127992236,3.0,0.0921298023125699
AD1512,ProductLaunch,LinkedIn,2024-01-20,3076,79,256.1950910107999,4.0,0.0256827048114434
AD1513,ProductLaunch,LinkedIn,01/08/2024,551,13,228.41207530478292,5.0,0.0235934664246823
AD1514,SpringPromo,Meta,2024-01-12,2826,50,90.64323838201985,3.0,0.0176928520877565
AD1515,ProductLaunch,Meta,2024-13-01,1931,73,192.16548881973938,18.0,0.0378042465044018
AD1516,SpringPromo,Google,01/01/2024,4534,192,359.6464158536335,8.0,0.0423467137185708
AD1517,SpringPromo,Google,2024-01-26,1055,12,144.80518917206425,14.0,0.0113744075829383
AD1518,ProductLaunch,Google,01/19/2024,4471,320,261.20808806545324,0.0,0.0715723551778125
AD1519,ProductLaunch,Google,2024-01-29,4546,402,109.80308441334796,9.0,0.0884293884733831
AD1520,SpringPromo,Google,2024-01-17,4911,144,414.2324105995326,13.0,
AD1521,ProductLaunch,Meta,2024-13-01,4493,86,59.66113208004414,15.0,0.0191408858223903
AD1522,WinterSale,Meta,01/24/2024,3281,262,473.1126077384396,10.0,0.0798537031392868
AD1523,WinterSale,FB,2024-13-01,3712,280,410.399296181964,1.0,
AD1524,ProductLaunch,LinkedIn,2024-01-25,2063,145,340.0267152446762,8.0,0.0702859912748424
AD1525,ProductLaunch,Google,2024-01-01,4812,393,174.8888923609706,11.0,0.0816708229426434
AD1526,WinterSale,LinkedIn,2024-01-15,3492,134,252.27949195652636,18.0,0.0383734249713631
AD1527,SpringPromo,Google,01/24/2024,4565,231,156.9758780060921,1.0,0.0506024096385542
AD1528,ProductLaunch,Google,2024-01-21,4221,352,353.4748863123962,14.0,0.0833925610045013
AD1529,SpringPromo,LinkedIn,2024-01-10,3419,57,234.30621737352357,9.0,0.0166715413863702
AD1530,SpringPromo,Meta,2024-01-30,1670,113,118.14937177204372,15.0,0.0676646706586826
AD1531,SpringPromo,Google,01/31/2024,3480,208,455.38485312648805,7.0,0.0597701149425287
AD1532,WinterSale,Google,01/06/2024,2523,122,355.4250045647595,16.0,0.0483551327784383
AD1533,ProductLaunch,Google,01/14/2024,3677,166,143.63185494893904,14.0,0.045145499048137
AD1534,ProductLaunch,Meta,01/13/2024,4403,420,210.73403246489656,,0.095389507154213
AD1535,WinterSale,Google,2024-01-04,4967,420,160.5816984078433,14.0,0.0845580833501107
AD1536,SpringPromo,Meta,01/31/2024,4298,146,251.0034008260264,20.0,
AD1537,SpringPromo,Meta,2024-01-13,4217,159,352.7001993500883,1.0,0.0377045292862224
AD1538,WinterSale,Google,01/07/2024,2446,190,366.8694053664402,8.0,0.0776778413736713
AD1539,SpringPromo,LinkedIn,01/11/2024,559,41,147.0166666292618,13.0,0.073345259391771
AD1540,WinterSale,Meta,01/24/2024,3923,139,159.37207896533914,15.0,0.0354320672954371
AD1541,ProductLaunch,Meta,01/20/2024,3326,278,292.95041092350937,3.0,0.0835838845460012
AD1542,WinterSale,LinkedIn,2024-01-21,4062,135,383.1197471717463,0.0,0.0332348596750369
AD1543,WinterSale,Google,01/28/2024,4543,114,414.7846734557258,18.0,0.0250935505172793
AD1544,ProductLaunch,LinkedIn,2024-01-24,4258,410,54.55736537789007,13.0,0.0962893377172381
AD1545,ProductLaunch,LinkedIn,2024-01-03,3813,188,70.99635496647902,5.0,0.049305009179124
AD1546,WinterSale,Google,2024-01-08,1809,41,299.3134771725116,,0.0226644555002763
AD1547,ProductLaunch,Google,2024-13-01,725,21,285.2950190835886,4.0,0.0289655172413793
AD1548,SpringPromo,Google,01/25/2024,1722,2,283.5711396808807,16.0,0.0011614401858304
AD1549,ProductLaunch,Google,2024-13-01,901,43,122.42393112826203,19.0,0.0477247502774694
AD1550,WinterSale,Meta,01/24/2024,1203,46,168.27901759490084,13.0,0.0382377389858686
AD1551,ProductLaunch,LinkedIn,2024-01-10,1082,80,237.6701399087706,15.0,0.0739371534195933
AD1552,WinterSale,google,2024-01-19,4976,188,482.3122938689062,20.0,0.0377813504823151
AD1553,SpringPromo,Google,2024-01-01,2646,195,59.77962426893491,19.0,0.0736961451247165
AD1554,ProductLaunch,LinkedIn,2024-01-22,2526,252,238.58328348002385,2.0,0.0997624703087886
AD1555,WinterSale,LinkedIn,01/21/2024,554,40,189.12772287525974,,0.0722021660649819
AD1556,ProductLaunch,Meta,2024-01-18,2408,102,124.72048266020715,0.0,
AD1557,ProductLaunch,Facebook,01/20/2024,0,8,60.558919224843514,20.0,
AD1558,SpringPromo,Google,2024-01-15,2166,169,248.70045762510983,6.0,0.0780240073868882
AD1559,SpringPromo,Google,2024-01-17,1553,34,355.373642647653,18.0,0.0218931101094655
AD1560,SpringPromo,Meta,2024-01-11,2648,134,139.4663098382979,18.0,0.0506042296072507
AD1561,ProductLaunch,LinkedIn,2024-01-29,4754,150,74.58591796752259,,0.0315523769457299
AD1562,WinterSale,LinkedIn,01/14/2024,4228,281,373.0048598271518,9.0,0.0664616840113528
AD1563,ProductLaunch,Meta,01/24/2024,1648,30,338.1436204621989,2.0,0.0182038834951456
AD1564,SpringPromo,Meta,01/24/2024,2525,211,131.83812140830736,12.0,0.0835643564356435
AD1565,WinterSale,Meta,2024-01-15,2238,26,236.0531534434252,,0.0116175156389633
AD1566,WinterSale,LinkedIn,2024-01-20,3537,31,256.4003223568742,18.0,0.0087644896805202
AD1567,WinterSale,Meta,2024-01-21,3616,235,336.67839248594174,10.0,0.0649889380530973
AD1568,WinterSale,LinkedIn,2024-01-30,3346,126,487.75904180096074,8.0,0.0376569037656903
AD1569,SpringPromo,Meta,01/09/2024,3770,319,85.97550353393717,1.0,0.0846153846153846
AD1570,SpringPromo,Google,2024-01-02,1023,3,120.82037030771212,10.0,0.002932551319648
AD1571,ProductLaunch,LinkedIn,2024-01-11,1992,73,195.78208428459936,,0.0366465863453815
AD1572,WinterSale,Meta,01/18/2024,4989,259,454.53492214001324,10.0,0.0519142112647825
AD1573,SpringPromo,Google,2024-01-14,4835,48,206.12017326400428,15.0,0.0099276111685625
AD1574,SpringPromo,LinkedIn,2024-01-09,2444,18,139.7568317881,15.0,0.0073649754500818
AD1575,ProductLaunch,LinkedIn,2024-01-16,1134,39,197.3107894111877,7.0,
AD1576,WinterSale,Meta,2024-01-15,3017,8,106.11245222897621,8.0,0.0026516407026847
AD1577,ProductLaunch,Meta,2024-01-06,4900,168,396.08947396750864,,0.0342857142857142
AD1578,ProductLaunch,Meta,2024-01-06,1757,88,430.2780374801421,2.0,0.0500853727945361
AD1579,SpringPromo,LinkedIn,01/26/2024,2232,156,350.1174170880286,5.0,0.0698924731182795
AD1580,SpringPromo,LinkedIn,01/17/2024,4161,194,116.14807708218693,,0.0466234078346551
AD1581,ProductLaunch,Meta,01/25/2024,2241,67,132.73636025101268,8.0,0.0298973672467648
AD1582,ProductLaunch,Meta,2024-01-17,3937,232,480.775178836948,12.0,0.0589281178562357
AD1583,ProductLaunch,Meta,2024-01-23,1925,119,186.81238084857742,9.0,0.0618181818181818
AD1584,SpringPromo,Meta,2024-01-30,3322,293,190.981916057816,2.0,0.088199879590608
AD1585,WinterSale,LinkedIn,01/07/2024,3008,239,340.31633985185283,7.0,0.0794547872340425
AD1586,ProductLaunch,Meta,2024-01-30,3288,320,61.881855262633714,4.0,0.097323600973236
AD1587,SpringPromo,Google,2024-01-11,3710,235,$275.22,16.0,0.0633423180592991
AD1588,SpringPromo,Google,01/30/2024,1250,24,339.48220636816416,3.0,0.0192
AD1589,SpringPromo,Meta,2024-01-29,4213,382,120.29507465936098,2.0,0.0906717303584144
AD1590,SpringPromo,LinkedIn,01/29/2024,4508,150,408.37907776135137,,
AD1591,ProductLaunch,Meta,2024-01-13,3577,290,299.7910086652731,6.0,0.0810735253005311
AD1592,ProductLaunch,Meta,2024-01-31,2092,104,478.98816746523244,6.0,0.0497131931166348
AD1593,SpringPromo,Meta,2024-01-22,3891,39,313.41272224633366,12.0,0.0100231303006939
AD1594,ProductLaunch,Google,01/24/2024,3589,90,333.44879629980375,7.0,0.0250766230147673
AD1595,WinterSale,Google,2024-01-15,4717,452,113.86607734581159,14.0,0.0958236167055331
AD1596,SpringPromo,FB,01/11/2024,4355,153,498.6947021208223,7.0,0.0351320321469575
AD1597,SpringPromo,Google,2024-01-16,3605,167,270.7245099920266,19.0,0.0463245492371705
AD1598,SpringPromo,Google,01/26/2024,1344,30,479.20014324758245,,0.0223214285714285
AD1599,ProductLaunch,LinkedIn,2024-01-17,2366,224,207.04957383280546,13.0,0.0946745562130177
AD1600,WinterSale,LinkedIn,01/28/2024,503,36,341.9055741469224,19.0,0.0715705765407554
AD1601,ProductLaunch,LinkedIn,2024-01-20,4198,49,292.73538980555406,16.0,0.0116722248689852
AD1602,ProductLaunch,Google,01/15/2024,1301,51,141.6423520210172,16.0,0.0392006149116064
AD1603,ProductLaunch,Google,2024-01-08,2643,155,68.65766714170215,1.0,0.0586454786227771
AD1604,ProductLaunch,LinkedIn,2024-01-07,2316,14,434.91936164533604,1.0,0.0060449050086355
AD1605,WinterSale,LinkedIn,2024-01-23,617,49,213.2224297661856,5.0,0.079416531604538
AD1606,SpringPromo,LinkedIn,01/29/2024,1910,173,247.30172200746566,11.0,0.0905759162303665
AD1607,WinterSale,Meta,2024-01-15,3418,131,461.7878800622745,12.0,0.0383265067290813
AD1608,SpringPromo,Meta,2024-13-01,1750,6,468.5253139780703,4.0,0.0034285714285714
AD1609,WinterSale,Google,01/25/2024,4585,73,469.5329160350787,8.0,0.0159214830970556
AD1610,WinterSale,LinkedIn,2024-13-01,1931,138,241.96438763384876,,
AD1611,ProductLaunch,Google,01/11/2024,1864,117,312.48279550005435,0.0,
AD1612,WinterSale,Google,2024-01-09,1010,85,237.7674429992093,13.0,0.0841584158415841
AD1613,SpringPromo,Google,01/05/2024,2277,126,129.45480533195587,1.0,0.0553359683794466
AD1614,SpringPromo,Google,01/29/2024,2400,227,216.41418891683176,7.0,0.0945833333333333
AD1615,ProductLaunch,LinkedIn,01/30/2024,4681,326,326.8735239556389,2.0,0.0696432386242256
AD1616,WinterSale,Meta,2024-01-02,1170,113,456.5443302721224,6.0,0.0965811965811965
AD1617,WinterSale,LinkedIn,01/19/2024,4935,418,300.52544240737996,19.0,0.0847011144883485
AD1618,WinterSale,Meta,01/26/2024,1308,91,168.79706687275967,5.0,0.069571865443425
AD1619,ProductLaunch,LinkedIn,2024-01-09,4198,197,-89.60874174041817,3.0,
AD1620,ProductLaunch,Google,01/07/2024,1655,152,343.82570795635746,18.0,0.0918429003021148
AD1621,SpringPromo,Google,2024-01-28,610,51,243.39798921649606,4.0,0.0836065573770491
AD1622,WinterSale,LinkedIn,01/06/2024,974,36,207.36558685434292,17.0,0.0369609856262833
AD1623,ProductLaunch,LinkedIn,01/14/2024,3063,74,124.00280784949739,7.0,0.0241593209271955
AD1624,WinterSale,Meta,01/20/2024,661,12,408.0489439625044,19.0,0.0181543116490166
AD1625,ProductLaunch,Google,01/05/2024,4372,332,$110.99,2.0,0.0759377859103385
AD1626,ProductLaunch,LinkedIn,2024-01-05,4784,470,109.52544551822264,,0.0982441471571906
AD1627,WinterSale,Google,01/03/2024,3256,243,469.2292929941582,13.0,0.0746314496314496
AD1628,WinterSale,LinkedIn,2024-13-01,4283,373,480.66376718854116,8.0,0.0870884893766051
AD1629,ProductLaunch,LinkedIn,01/22/2024,1532,31,374.8198585921954,4.0,0.0202349869451697
AD1630,SpringPromo,Meta,01/16/2024,1628,135,483.58820195453256,10.0,0.0829238329238329
AD1631,ProductLaunch,Google,01/04/2024,4296,195,369.41916061081673,2.0,0.0453910614525139
AD1632,WinterSale,Google,01/04/2024,2244,85,280.10531423895475,17.0,0.0378787878787878
AD1633,ProductLaunch,Google,2024-01-11,3943,55,USD305.40,,0.0139487699721024
AD1634,SpringPromo,Meta,2024-01-07,1324,116,218.6159763206529,18.0,0.0876132930513595
AD1635,ProductLaunch,Google,2024-01-10,1830,164,154.07744220852766,11.0,0.0896174863387978
AD1636,ProductLaunch,LinkedIn,2024-13-01,2882,261,313.3968765444286,0.0,0.0905621096460791
AD1637,SpringPromo,LinkedIn,2024-01-25,4479,295,408.84431286828135,19.0,0.0658629158294262
AD1638,SpringPromo,Meta,01/09/2024,4044,369,324.26037032842385,0.0,0.0912462908011869
AD1639,WinterSale,Facebook,01/11/2024,752,47,89.61574469987515,4.0,0.0625
AD1640,SpringPromo,LinkedIn,2024-01-29,1633,141,224.36319635673007,1.0,0.0863441518677281
AD1641,ProductLaunch,meta,2024-01-23,701,47,452.08221437137246,7.0,0.0670470756062767
AD1642,WinterSale,Meta,01/15/2024,3698,161,362.6051931377776,10.0,0.0435370470524607
AD1643,WinterSale,Google,2024-01-14,660,7,279.00478688732414,,0.0106060606060606
AD1644,SpringPromo,Google,01/22/2024,1276,77,376.67538486596493,12.0,0.0603448275862069
AD1645,WinterSale,Google,2024-01-09,2598,147,188.17105818759475,,0.056581986143187
AD1646,SpringPromo,Google,2024-01-13,1995,117,64.174104457088,12.0,0.0586466165413533
AD1647,ProductLaunch,Google,2024-01-22,4334,183,433.81089446313445,,0.0422242731887402
AD1648,SpringPromo,LinkedIn,2024-01-22,822,0,450.1945454047347,4.0,0.0
AD1649,WinterSale,Google,01/29/2024,4886,230,125.34778158329264,14.0,0.0470732705689725
AD1650,ProductLaunch,LinkedIn,01/11/2024,1679,124,154.9855588861094,6.0,0.0738534842167957
AD1651,SpringPromo,Meta,2024-01-17,3698,261,461.1762285973001,10.0,0.070578691184424
AD1652,ProductLaunch,LinkedIn,01/07/2024,2737,83,321.36931792040536,0.0,0.0303251735476799
AD1653,ProductLaunch,linkedin,01/16/2024,2678,56,355.9605272148482,18.0,0.0209111277072442
AD1654,WinterSale,LinkedIn,2024-01-18,2235,176,52.82311689777887,20.0,0.0787472035794183
AD1655,SpringPromo,Meta,01/20/2024,1223,55,349.4735003656199,18.0,0.0449713818479149
AD1656,WinterSale,Meta,2024-01-10,4082,292,119.831615320314,8.0,0.0715335619794218
AD1657,WinterSale,Google,01/04/2024,4582,378,384.9467422146946,6.0,0.0824967263203841
AD1658,ProductLaunch,linkedin,01/07/2024,3525,158,-53.646166426517226,4.0,0.0448226950354609
AD1659,WinterSale,Meta,01/21/2024,4499,322,221.69332403152066,15.0,
AD1660,ProductLaunch,Google,2024-01-31,2165,177,72.64099778317907,12.0,0.0817551963048498
AD1661,SpringPromo,Meta,2024-01-23,4355,180,476.3659736302384,13.0,0.0413318025258323
AD1662,SpringPromo,LinkedIn,01/24/2024,2587,81,468.0124893946859,2.0,0.031310398144569
AD1663,WinterSale,LinkedIn,2024-01-31,2495,50,75.29543436674916,19.0,0.0200400801603206
AD1664,SpringPromo,Google,2024-01-29,4581,46,92.26775772228405,15.0,0.0100414756603361
AD1665,SpringPromo,Google,2024-01-03,4883,465,348.56896830151055,16.0,0.0952283432316199
AD1666,ProductLaunch,Google,01/22/2024,2199,183,180.51729350366324,2.0,0.0832196452933151
AD1667,ProductLaunch,LinkedIn,2024-01-16,2585,239,131.04621820578024,2.0,0.0924564796905222
AD1668,ProductLaunch,Meta,2024-01-21,1644,98,479.8591908538874,11.0,0.059610705596107
AD1669,WinterSale,Meta,2024-01-24,2281,194,424.9098178884253,8.0,0.0850504164839982
AD1670,WinterSale,Meta,2024-01-21,1730,24,96.24655974717517,16.0,0.0138728323699421
AD1671,SpringPromo,google,2024-01-21,1371,74,-368.1481121093273,3.0,0.0539752005835156
AD1672,SpringPromo,Google,2024-01-12,2697,212,374.683223246821,4.0,0.078605858361142
AD1673,SpringPromo,Meta,01/10/2024,4197,279,91.92717102693136,11.0,0.0664760543245175
AD1674,ProductLaunch,Meta,2024-13-01,3850,124,64.01196241295854,18.0,0.0322077922077922
AD1675,ProductLaunch,LinkedIn,01/07/2024,1703,16,-140.69545524709662,12.0,0.009395184967704
AD1676,SpringPromo,Google,01/15/2024,3222,95,51.68410156742107,0.0,0.0294847920546244
AD1677,ProductLaunch,FB,01/29/2024,4317,120,196.45259931256962,19.0,0.0277970813064628
AD1678,WinterSale,Google,2024-01-29,3883,282,337.63503189348035,0.0,0.0726242595930981
AD1679,ProductLaunch,Google,2024-13-01,4493,381,177.54741800410838,19.0,0.0847985755619853
AD1680,ProductLaunch,LinkedIn,01/06/2024,4671,358,455.8136163622694,8.0,0.0766431171055448
AD1681,WinterSale,Meta,2024-01-21,3135,71,350.88100255355954,15.0,
AD1682,SpringPromo,Google,01/25/2024,3770,34,344.3308825530555,17.0,0.0090185676392572
AD1683,SpringPromo,Meta,2024-01-25,3190,146,407.151685968936,12.0,0.0457680250783699
AD1684,ProductLaunch,Meta,2024-01-05,4827,83,227.27478303939236,19.0,0.0171949451004764
AD1685,WinterSale,Google,2024-01-12,1348,116,436.59353054159345,,0.086053412462908
AD1686,WinterSale,Google,01/05/2024,4628,199,293.39644429037537,14.0,
AD1687,ProductLaunch,LinkedIn,01/06/2024,3281,21,54.98850607828868,7.0,
AD1688,WinterSale,google,2024-01-09,3085,198,110.0696165788783,17.0,
AD1689,SpringPromo,Meta,2024-01-27,1112,13,$346.70,9.0,0.0116906474820143
AD1690,SpringPromo,Meta,2024-13-01,1989,50,87.97537353289644,5.0,0.025138260432378
AD1691,ProductLaunch,Meta,2024-01-14,662,50,260.20412747947296,0.0,0.0755287009063444
AD1692,WinterSale,Google,2024-01-22,2805,251,137.86634316101936,14.0,0.0894830659536541
AD1693,WinterSale,Facebook,01/24/2024,2708,44,256.51771782913335,4.0,0.0162481536189069
AD1694,ProductLaunch,LinkedIn,2024-13-01,2344,21,434.8432750182125,16.0,0.0089590443686006
AD1695,SpringPromo,LinkedIn,01/30/2024,1610,105,101.07310702430433,16.0,0.0652173913043478
AD1696,WinterSale,Meta,01/31/2024,2039,92,263.2969672812467,15.0,0.0451201569396763
AD1697,ProductLaunch,Google,2024-01-13,3335,86,53.47997807271763,2.0,0.0257871064467766
AD1698,SpringPromo,LinkedIn,01/24/2024,4661,10,421.3598668639646,20.0,0.0021454623471358
AD1699,SpringPromo,Google,01/22/2024,2056,107,357.9559055738634,17.0,0.0520428015564202
AD1700,ProductLaunch,LinkedIn,2024-01-26,3318,173,268.27995998930487,15.0,0.0521398432790837
AD1701,SpringPromo,LinkedIn,01/05/2024,912,36,55.17039814659374,2.0,0.0394736842105263
AD1702,ProductLaunch,Meta,01/24/2024,1069,7,196.08175203720188,20.0,0.0065481758652946
AD1703,SpringPromo,LinkedIn,01/19/2024,1103,41,410.86178366546255,4.0,0.0371713508612874
AD1704,SpringPromo,Google,01/24/2024,4376,78,64.92819587373131,10.0,0.0178244972577696
AD1705,SpringPromo,Meta,01/14/2024,4238,193,492.67141751097046,15.0,0.0455403492213308
AD1706,WinterSale,Google,2024-01-24,2891,87,259.6128009626892,1.0,0.0300933932895191
AD1707,WinterSale,LinkedIn,2024-13-01,1961,69,448.23556762022884,9.0,0.0351861295257521
AD1708,WinterSale,Meta,2024-01-19,2208,106,468.5332961189618,,0.0480072463768115
AD1709,ProductLaunch,Google,01/16/2024,1364,4,194.1218316520968,3.0,0.002932551319648
AD1710,ProductLaunch,Google,2024-01-18,1095,39,485.44818735880904,8.0,0.0356164383561643
AD1711,ProductLaunch,LinkedIn,2024-01-20,3669,27,$364.83,,0.0073589533932951
AD1712,SpringPromo,LinkedIn,2024-01-10,0,6,93.70615149495514,1.0,
AD1713,WinterSale,LinkedIn,01/15/2024,2305,83,233.62372487753117,3.0,0.0360086767895878
AD1714,WinterSale,Meta,01/05/2024,4336,20,230.84166236444867,,0.0046125461254612
AD1715,WinterSale,LinkedIn,01/27/2024,1411,137,81.79156117614134,1.0,0.0970942593905031
AD1716,SpringPromo,Google,2024-01-24,3499,318,304.9620287937668,10.0,0.0908831094598456
AD1717,SpringPromo,Google,2024-01-27,906,31,430.1756939982837,17.0,0.0342163355408388
AD1718,WinterSale,Meta,2024-01-02,3963,392,-165.28496878430448,4.0,0.0989149634115569
AD1719,SpringPromo,Meta,01/10/2024,3981,118,238.7517310126562,17.0,0.0296407937704094
AD1720,SpringPromo,Meta,01/11/2024,2472,48,276.6698184603423,3.0,0.0194174757281553
AD1721,WinterSale,Meta,2024-01-12,1675,103,118.61710761238184,19.0,0.0614925373134328
AD1722,WinterSale,Meta,2024-01-30,2716,263,465.97153888251717,12.0,0.0968335787923416
AD1723,ProductLaunch,Google,2024-01-15,2306,185,51.20336424946982,18.0,0.0802254986990459
AD1724,WinterSale,Meta,01/23/2024,3635,60,110.42946462392298,12.0,0.0165061898211829
AD1725,ProductLaunch,LinkedIn,2024-01-26,4384,139,464.58531082776653,13.0,0.031706204379562
AD1726,ProductLaunch,Meta,2024-01-28,3618,218,97.08628359279012,7.0,0.0602542841348811
AD1727,WinterSale,LinkedIn,01/05/2024,4503,377,384.33273477011755,0.0,0.0837219631356873
AD1728,WinterSale,google,01/26/2024,3562,44,329.7989179809522,16.0,0.0123526108927568
AD1729,WinterSale,Meta,01/25/2024,846,55,62.13100553134362,11.0,0.0650118203309692
AD1730,WinterSale,Google,2024-01-19,3892,123,307.26681416987424,19.0,0.0316032887975334
AD1731,SpringPromo,LinkedIn,01/03/2024,1845,40,198.3811540476882,20.0,0.021680216802168
AD1732,SpringPromo,Meta,01/23/2024,1780,143,237.5306582444354,17.0,0.0803370786516853
AD1733,WinterSale,LinkedIn,01/22/2024,2958,144,97.39061640329867,9.0,0.0486815415821501
AD1734,SpringPromo,Meta,01/19/2024,1009,10,497.70591958064944,20.0,0.0099108027750247
AD1735,WinterSale,Google,01/30/2024,2034,24,228.1763858787386,19.0,0.0117994100294985
AD1736,SpringPromo,Meta,2024-01-16,3498,8,477.6018698654123,3.0,0.0022870211549456
AD1737,WinterSale,Google,2024-01-09,3259,45,56.83953832648463,19.0,0.0138079165388155
AD1738,ProductLaunch,Google,01/25/2024,1344,81,111.66133455512139,20.0,0.0602678571428571
AD1739,ProductLaunch,LinkedIn,01/13/2024,1233,25,246.11659006521552,10.0,0.0202757502027575
AD1740,ProductLaunch,LinkedIn,01/11/2024,3721,9,365.6968832367939,10.0,0.0024187046492878
AD1741,SpringPromo,Meta,01/26/2024,608,32,444.4867383743274,6.0,0.0526315789473684
AD1742,ProductLaunch,LinkedIn,01/19/2024,3362,18,458.16124683064686,17.0,0.0053539559785841
AD1743,WinterSale,Meta,2024-01-26,4037,238,434.55922172427717,7.0,0.0589546693088927
AD1744,WinterSale,LinkedIn,01/09/2024,2942,250,USD250.58,11.0,0.0849762066621346
AD1745,ProductLaunch,LinkedIn,2024-01-15,3903,168,142.47392193968864,19.0,0.04304381245196
AD1746,SpringPromo,Meta,2024-01-02,4420,257,235.63450896363523,11.0,
AD1747,SpringPromo,Google,2024-01-08,1193,86,348.6434542990307,4.0,0.0720871751886001
AD1748,ProductLaunch,Meta,2024-01-12,1295,67,64.67060823664039,7.0,0.0517374517374517
AD1749,SpringPromo,Google,01/02/2024,4790,229,52.39825437751423,13.0,0.0478079331941544
AD1750,ProductLaunch,Meta,01/24/2024,4724,264,224.74320292519135,13.0,0.0558848433530906
AD1751,SpringPromo,Google,2024-01-29,1221,65,$423.43,17.0,0.0532350532350532
AD1752,WinterSale,Google,2024-01-24,4059,14,307.6892674169367,9.0,0.0034491254003449
AD1753,WinterSale,LinkedIn,2024-01-30,790,77,474.38759440970995,1.0,0.0974683544303797
AD1754,SpringPromo,Google,2024-01-15,3464,157,199.05062601802845,12.0,0.0453233256351039
AD1755,ProductLaunch,Meta,2024-01-14,1572,75,303.99642121542877,1.0,0.0477099236641221
AD1756,WinterSale,LinkedIn,01/29/2024,2218,126,197.17622219675349,,0.0568079350766456
AD1757,ProductLaunch,Meta,2024-01-03,3037,205,285.5788410804188,,0.0675008231807705
AD1758,SpringPromo,Google,2024-01-10,599,47,249.22051326505382,9.0,0.0784641068447412
AD1759,ProductLaunch,Google,01/30/2024,940,41,168.41550411343778,2.0,0.0436170212765957
AD1760,WinterSale,Google,2024-01-14,3481,259,306.3757915701723,13.0,0.0744039069232979
AD1761,ProductLaunch,Google,2024-01-06,2002,97,442.20975298713677,20.0,0.0484515484515484
AD1762,SpringPromo,Meta,2024-01-13,3180,53,176.45771035536603,,0.0166666666666666
AD1763,WinterSale,LinkedIn,2024-01-25,1163,13,$321.83,15.0,0.0111779879621668
AD1764,SpringPromo,Meta,01/05/2024,4471,303,336.33664876687936,4.0,
AD1765,SpringPromo,Meta,2024-01-28,4344,159,382.8393555149807,18.0,0.0366022099447513
AD1766,ProductLaunch,Google,01/01/2024,1014,39,298.235106080271,0.0,0.0384615384615384
AD1767,WinterSale,Meta,01/30/2024,3295,18,-495.8962317809734,16.0,0.0054628224582701
AD1768,ProductLaunch,LinkedIn,01/22/2024,1188,117,353.77520041791547,2.0,0.0984848484848484
AD1769,ProductLaunch,Google,2024-01-11,1297,78,391.7010969061228,4.0,0.0601387818041634
AD1770,ProductLaunch,Meta,01/06/2024,2172,27,388.93369119604483,5.0,0.0124309392265193
AD1771,SpringPromo,Meta,01/16/2024,2308,74,$423.09,8.0,0.0320623916811091
AD1772,WinterSale,LinkedIn,01/01/2024,2125,152,115.10505174276908,5.0,0.0715294117647058
AD1773,WinterSale,Meta,2024-01-02,3979,364,227.92489114106135,2.0,0.0914802714249811
AD1774,WinterSale,Google,2024-01-16,3666,47,129.66654805432978,2.0,0.0128205128205128
AD1775,ProductLaunch,Google,01/08/2024,2820,192,236.07068482038906,8.0,0.0680851063829787
AD1776,SpringPromo,LinkedIn,01/17/2024,4450,438,-91.46233179373273,16.0,0.0984269662921348
AD1777,SpringPromo,Meta,2024-01-09,4111,265,462.1583901955623,17.0,0.0644612016540987
AD1778,SpringPromo,Google,2024-01-01,2251,118,137.23029239197768,7.0,0.0524211461572634
AD1779,WinterSale,Meta,01/06/2024,620,33,170.03816346978962,19.0,0.0532258064516129
AD1780,ProductLaunch,Google,2024-01-23,3557,37,222.48437620843248,4.0,0.0104020241776778
AD1781,ProductLaunch,Meta,01/07/2024,977,44,225.6135969498814,6.0,0.04503582395087
AD1782,WinterSale,Meta,01/11/2024,3917,383,441.8868105283091,12.0,
AD1783,ProductLaunch,Meta,2024-01-12,4263,282,355.7315257877406,14.0,0.0661505981703026
AD1784,ProductLaunch,LinkedIn,2024-13-01,3142,98,111.77034490596972,18.0,0.031190324633991
AD1785,ProductLaunch,LinkedIn,01/07/2024,4319,229,433.6030688852089,1.0,0.0530215327622134
AD1786,WinterSale,Google,01/09/2024,4196,20,182.81471366910694,4.0,0.0047664442326024
AD1787,SpringPromo,google,2024-01-11,685,40,388.35050589522393,,0.0583941605839416
AD1788,SpringPromo,LinkedIn,01/18/2024,2615,117,94.26204382354615,5.0,0.0447418738049713
AD1789,WinterSale,LinkedIn,01/18/2024,1068,102,291.5909406388139,7.0,0.095505617977528
AD1790,WinterSale,Google,01/02/2024,4484,395,191.02347431256584,10.0,0.0880909901873327
AD1791,SpringPromo,Google,01/01/2024,4561,374,298.43169090489744,14.0,0.0819995614996711
AD1792,WinterSale,LinkedIn,01/27/2024,2607,61,264.8686963300607,13.0,0.0233985423858841
AD1793,ProductLaunch,Google,01/05/2024,1242,11,464.22716961276393,8.0,0.0088566827697262
AD1794,WinterSale,Meta,2024-01-23,0,1,187.78159406573866,4.0,
AD1795,SpringPromo,Google,2024-13-01,4328,225,234.15085779745775,6.0,0.0519870609981515
AD1796,WinterSale,Meta,2024-13-01,1097,18,264.8292312135716,8.0,0.0164083865086599
AD1797,SpringPromo,Meta,2024-13-01,2303,105,279.3379176329347,16.0,0.0455927051671732
AD1798,SpringPromo,Meta,2024-01-21,1414,34,219.70621846968362,11.0,0.024045261669024
AD1799,WinterSale,Meta,2024-01-11,4198,396,124.85299606161725,0.0,0.0943306336350643
AD1800,WinterSale,Meta,2024-01-08,3621,146,263.81103917496773,,0.04032035349351
AD1801,WinterSale,Google,01/09/2024,3585,150,-377.61861210215056,19.0,0.0418410041841004
AD1802,ProductLaunch,Meta,2024-01-05,3065,100,208.80144168029935,18.0,
AD1803,ProductLaunch,LinkedIn,01/05/2024,2998,75,285.90012496734096,13.0,0.0250166777851901
AD1804,WinterSale,Google,01/21/2024,2491,106,494.39474062313775,12.0,0.0425531914893617
AD1805,WinterSale,Google,01/31/2024,3586,290,$470.40,20.0,0.0808700501952035
AD1806,WinterSale,LinkedIn,2024-01-12,4078,163,214.90460478394925,10.0,
AD1807,SpringPromo,LinkedIn,01/17/2024,2264,220,270.2109471721601,16.0,0.097173144876325
AD1808,WinterSale,Google,01/04/2024,3765,75,199.14250566396905,20.0,0.0199203187250996
AD1809,SpringPromo,LinkedIn,01/08/2024,1173,71,247.92674714123552,10.0,0.0605285592497868
AD1810,SpringPromo,Google,01/14/2024,3504,321,418.5737630187126,0.0,0.0916095890410959
AD1811,WinterSale,LinkedIn,2024-01-15,592,34,230.6541980279281,8.0,0.0574324324324324
AD1812,ProductLaunch,LinkedIn,2024-01-03,3638,102,446.60452777705643,10.0,0.02803738317757
AD1813,ProductLaunch,LinkedIn,2024-01-31,2044,127,327.06458655092456,10.0,0.062133072407045
AD1814,SpringPromo,Meta,01/11/2024,0,2,418.15163734633285,14.0,
AD1815,WinterSale,Meta,01/30/2024,2418,67,318.443577624031,,0.0277088502894954
AD1816,WinterSale,LinkedIn,01/05/2024,691,37,467.471796271963,7.0,0.0535455861070911
AD1817,ProductLaunch,LinkedIn,01/08/2024,3749,250,60.63219670767256,18.0,0.0666844491864497
AD1818,WinterSale,Meta,2024-01-06,2617,125,296.6903310947463,6.0,0.0477646159724875
AD1819,WinterSale,LinkedIn,01/25/2024,1975,156,435.72482029897185,12.0,0.0789873417721519
AD1820,SpringPromo,Google,2024-01-13,2559,171,488.3169668141169,9.0,0.0668229777256741
AD1821,SpringPromo,Meta,2024-01-01,2454,43,437.97913090068903,1.0,
AD1822,WinterSale,Meta,01/17/2024,2450,81,88.63329604518646,7.0,0.0330612244897959
AD1823,SpringPromo,Google,2024-01-11,1780,136,459.48087111079826,9.0,0.0764044943820224
AD1824,SpringPromo,Google,2024-01-22,790,68,103.24729165563781,17.0,0.0860759493670886
AD1825,ProductLaunch,Google,2024-13-01,2403,235,273.31048376949315,14.0,0.0977944236371202
AD1826,ProductLaunch,Google,01/11/2024,4014,394,203.84550294774144,14.0,0.0981564524165421
AD1827,ProductLaunch,Google,2024-01-14,2499,131,157.12627308981823,18.0,0.0524209683873549
AD1828,SpringPromo,Meta,01/19/2024,1785,3,283.48291490700035,0.0,0.0016806722689075
AD1829,SpringPromo,FB,2024-01-31,2249,135,498.99449879051133,14.0,0.0600266785237883
AD1830,SpringPromo,LinkedIn,2024-01-11,2622,211,140.44155982700048,4.0,0.0804729214340198
AD1831,ProductLaunch,Meta,2024-01-07,3523,335,USD367.35,1.0,
AD1832,ProductLaunch,LinkedIn,01/11/2024,4890,325,136.20057572171328,9.0,0.0664621676891615
AD1833,ProductLaunch,Google,2024-01-09,2797,244,121.65744256648442,18.0,
AD1834,SpringPromo,FB,2024-13-01,4229,293,129.2314239902373,4.0,0.0692835185623078
AD1835,ProductLaunch,LinkedIn,2024-01-28,2464,31,256.16052034910035,17.0,0.0125811688311688
AD1836,ProductLaunch,Meta,2024-01-14,2075,44,131.277248942619,12.0,0.0212048192771084
AD1837,ProductLaunch,Google,2024-01-12,1908,97,57.91225774152,12.0,0.05083857442348
AD1838,ProductLaunch,LinkedIn,2024-01-06,2713,111,420.02758873771836,7.0,0.0409141172134168
AD1839,SpringPromo,LinkedIn,2024-01-28,1305,77,487.04212214515695,0.0,
AD1840,ProductLaunch,LinkedIn,2024-01-19,1012,59,356.30399920489475,4.0,0.058300395256917
AD1841,WinterSale,Meta,01/01/2024,3397,106,76.54700103964169,0.0,0.0312040035325287
AD1842,WinterSale,LinkedIn,2024-01-09,1749,19,337.837528561478,0.0,
AD1843,ProductLaunch,LinkedIn,01/31/2024,1402,85,403.8036279697683,18.0,0.0606276747503566
AD1844,SpringPromo,Meta,01/08/2024,712,60,205.10020922850913,9.0,0.0842696629213483
AD1845,WinterSale,Google,01/06/2024,2827,37,373.288983136179,4.0,0.0130880792359391
AD1846,WinterSale,Google,2024-01-05,2377,24,93.80636025119344,17.0,0.0100967606226335
AD1847,SpringPromo,Google,01/13/2024,2723,155,142.8021358868744,8.0,0.0569225119353654
AD1848,ProductLaunch,Meta,2024-01-17,1736,58,183.98549595415815,5.0,0.0334101382488479
AD1849,WinterSale,Google,2024-01-14,2220,110,99.08915718291144,,0.0495495495495495
AD1850,WinterSale,google,2024-01-24,1817,38,USD180.88,15.0,0.0209135938359933
AD1851,ProductLaunch,Meta,2024-01-06,1290,39,171.61242794832043,7.0,0.0302325581395348
AD1852,SpringPromo,Meta,01/06/2024,645,43,336.25173498426756,1.0,0.0666666666666666
AD1853,WinterSale,Google,2024-01-12,2793,21,352.37754014698515,14.0,0.0075187969924812
AD1854,WinterSale,Google,2024-01-27,4857,82,68.13505602047671,11.0,0.0168828494955734
AD1855,ProductLaunch,Google,01/26/2024,2255,107,442.24942439817863,,0.047450110864745
AD1856,WinterSale,LinkedIn,01/07/2024,1463,79,341.1388120777547,10.0,0.0539986329460013
AD1857,SpringPromo,Meta,01/17/2024,1376,14,126.6258294151605,9.0,0.0101744186046511
AD1858,WinterSale,Google,01/09/2024,0,8,408.31151145398303,11.0,
AD1859,SpringPromo,Google,2024-01-31,693,46,174.71383812464032,0.0,0.0663780663780663
AD1860,SpringPromo,Google,01/09/2024,4845,156,USD220.78,0.0,0.0321981424148606
AD1861,ProductLaunch,Meta,2024-13-01,4146,15,103.30851311391022,4.0,0.0036179450072358
AD1862,WinterSale,Google,2024-01-24,4259,368,89.99551861420906,8.0,0.0864052594505752
AD1863,SpringPromo,LinkedIn,2024-01-30,4943,174,498.8852289509647,,0.035201294760267
AD1864,ProductLaunch,Meta,01/30/2024,2892,133,255.19594621237061,10.0,0.0459889349930843
AD1865,SpringPromo,Meta,01/22/2024,4730,195,279.16378346110196,10.0,0.0412262156448203
AD1866,ProductLaunch,Meta,2024-01-11,1593,50,247.19148549728476,12.0,0.0313873195229127
AD1867,WinterSale,Google,01/03/2024,4726,449,413.6800300349384,18.0,0.0950063478628861
AD1868,SpringPromo,LinkedIn,2024-01-15,1081,63,409.80965561638953,10.0,0.0582793709528214
AD1869,SpringPromo,Google,2024-01-29,3852,351,68.97060536543086,16.0,0.0911214953271028
AD1870,ProductLaunch,Google,2024-01-02,1213,46,399.49063222816983,9.0,0.0379225061830173
AD1871,SpringPromo,Google,01/24/2024,1753,40,336.9378551530933,19.0,0.0228180262407301
AD1872,SpringPromo,meta,01/20/2024,3938,180,438.5357899156925,9.0,0.0457084814626714
AD1873,WinterSale,Meta,2024-01-06,1308,37,413.7701449350345,4.0,0.0282874617737003
AD1874,WinterSale,Google,01/02/2024,4024,301,223.47378470288677,,
AD1875,ProductLaunch,Google,2024-01-03,4846,298,346.2417347448539,10.0,0.0614940156830375
AD1876,ProductLaunch,Meta,2024-01-28,1806,58,397.0714816930586,13.0,0.0321151716500553
AD1877,ProductLaunch,Meta,01/07/2024,3517,335,112.73237528628499,,0.0952516349161217
AD1878,SpringPromo,LinkedIn,2024-01-12,2407,62,418.8039157676833,12.0,
AD1879,WinterSale,Google,2024-01-26,1290,1,416.8128351396083,2.0,0.0007751937984496
AD1880,SpringPromo,Google,2024-01-13,2212,78,467.39455352349125,2.0,0.0352622061482821
AD1881,SpringPromo,Google,2024-01-22,680,3,401.4616891733309,1.0,0.0044117647058823
AD1882,WinterSale,Google,01/24/2024,2444,235,98.77545522305564,14.0,0.0961538461538461
AD1883,SpringPromo,LinkedIn,2024-01-15,2164,41,83.34938341162255,6.0,0.0189463955637707
AD1884,ProductLaunch,Meta,2024-01-02,2730,167,279.2293461833483,19.0,0.0611721611721611
AD1885,ProductLaunch,Meta,2024-01-29,3449,203,318.9675504966148,,0.0588576398956219
AD1886,SpringPromo,LinkedIn,2024-01-05,1512,144,124.84606126458908,20.0,0.0952380952380952
AD1887,SpringPromo,Google,01/14/2024,1131,80,390.504424560572,17.0,0.0707338638373121
AD1888,ProductLaunch,Meta,01/12/2024,1757,84,493.3799243983338,5.0,0.047808764940239
AD1889,WinterSale,Google,01/27/2024,3282,58,191.64164024281212,8.0,0.0176721511273613
AD1890,SpringPromo,LinkedIn,01/29/2024,2266,73,410.79780287693706,3.0,0.0322153574580759
AD1891,SpringPromo,LinkedIn,2024-01-09,3094,117,209.60716475865323,4.0,0.0378151260504201
AD1892,ProductLaunch,Google,2024-01-25,734,35,483.50087873663745,17.0,0.047683923705722
AD1893,WinterSale,Google,01/17/2024,3668,32,213.11596706461523,10.0,0.0087241003271537
AD1894,ProductLaunch,LinkedIn,01/22/2024,558,4,138.09110613531286,16.0,0.007168458781362
AD1895,WinterSale,Google,01/08/2024,1738,72,234.4382938091815,12.0,0.0414269275028768
AD1896,SpringPromo,Google,01/10/2024,4475,17,407.8026814150102,13.0,0.0037988826815642
AD1897,WinterSale,Meta,2024-01-14,3801,174,370.1238942684835,4.0,0.0457774269928966
AD1898,WinterSale,Meta,2024-13-01,4880,241,457.8281759400358,1.0,0.0493852459016393
AD1899,ProductLaunch,Meta,2024-01-05,3091,58,409.14212854969094,6.0,0.0187641539954707
AD1900,WinterSale,Meta,2024-01-16,3423,121,109.14485303694934,17.0,0.0353491089687408
AD1901,ProductLaunch,LinkedIn,01/29/2024,4982,377,123.58820587639975,9.0,0.0756724207145724
AD1902,ProductLaunch,LinkedIn,01/11/2024,3239,181,64.50150547709801,17.0,0.0558814448903982
AD1903,ProductLaunch,Google,01/01/2024,3256,63,415.74267260940167,15.0,0.0193488943488943
AD1904,ProductLaunch,Meta,01/07/2024,3587,168,52.451638362446474,15.0,0.0468357959297463
AD1905,WinterSale,LinkedIn,2024-01-22,679,63,404.111693743514,12.0,0.0927835051546391
AD1906,WinterSale,Meta,01/29/2024,2406,180,272.91213200853554,,0.0748129675810473
AD1907,WinterSale,LinkedIn,2024-01-20,4120,330,80.59610651330613,8.0,0.0800970873786407
AD1908,WinterSale,Google,01/02/2024,1346,99,394.9467193457868,5.0,0.0735512630014858
AD1909,WinterSale,LinkedIn,2024-01-11,837,53,104.36033696473052,11.0,0.063321385902031
AD1910,SpringPromo,LinkedIn,2024-01-11,2455,24,294.8830741578154,14.0,0.0097759674134419
AD1911,WinterSale,Meta,01/25/2024,2182,175,200.72619284704487,8.0,0.0802016498625114
AD1912,SpringPromo,LinkedIn,2024-13-01,4118,314,452.16344815886134,5.0,0.0762506070908208
AD1913,WinterSale,Google,01/14/2024,2079,136,153.72966993255284,12.0,0.0654160654160654
AD1914,SpringPromo,Google,01/09/2024,1212,81,89.14456399218369,19.0,0.0668316831683168
AD1915,WinterSale,Meta,2024-01-12,1212,4,191.21967498052555,,0.0033003300330033
AD1916,ProductLaunch,LinkedIn,2024-13-01,2706,136,206.17390201478705,13.0,0.0502586844050258
AD1917,SpringPromo,google,01/28/2024,4319,331,141.01008681458697,2.0,0.076638110673767
AD1918,SpringPromo,Google,2024-01-06,4415,392,318.1940597624745,13.0,
AD1919,ProductLaunch,Google,2024-01-02,4239,187,64.36361353343413,13.0,
AD1920,WinterSale,Meta,01/17/2024,1565,34,346.70241337209467,16.0,0.0217252396166134
AD1921,WinterSale,Meta,01/20/2024,4129,52,162.19361796129203,2.0,0.0125938483894405
AD1922,SpringPromo,Google,01/19/2024,4010,398,272.48156419647205,20.0,0.0992518703241895
AD1923,ProductLaunch,Google,2024-01-05,4868,8,227.87733885245373,15.0,
AD1924,SpringPromo,Google,2024-01-15,3553,131,248.52457820564868,19.0,
AD1925,SpringPromo,LinkedIn,2024-01-08,2332,152,434.1059737349711,10.0,0.0651801029159519
AD1926,SpringPromo,Meta,01/20/2024,629,29,371.0028685602647,5.0,
AD1927,ProductLaunch,Meta,01/29/2024,2839,163,145.58324148202726,7.0,0.0574145825995068
AD1928,WinterSale,Meta,01/16/2024,3783,76,321.3421568183621,0.0,0.0200898757599788
AD1929,SpringPromo,Google,01/21/2024,4924,325,163.58012882372213,7.0,0.0660032493907392
AD1930,ProductLaunch,Google,2024-01-23,1462,119,270.06092402783304,6.0,0.0813953488372093
AD1931,SpringPromo,Google,2024-01-15,3141,219,421.2824249300549,5.0,0.0697230181470869
AD1932,ProductLaunch,FB,2024-01-12,1101,80,366.1042821516366,9.0,0.072661217075386
AD1933,ProductLaunch,LinkedIn,01/18/2024,2801,44,371.5150148000454,,
AD1934,WinterSale,Meta,01/05/2024,2472,69,453.7405217808506,18.0,0.0279126213592233
AD1935,ProductLaunch,Google,2024-13-01,2700,162,455.2696496915471,12.0,
AD1936,SpringPromo,LinkedIn,2024-01-11,1796,95,281.315701749843,1.0,0.0528953229398663
AD1937,ProductLaunch,Meta,01/19/2024,1707,5,308.7594892390108,12.0,0.002929115407147
AD1938,SpringPromo,Meta,2024-01-12,680,19,364.68539041002236,8.0,0.0279411764705882
AD1939,ProductLaunch,LinkedIn,01/19/2024,4242,410,52.00055640422791,19.0,
AD1940,WinterSale,Google,2024-01-19,3709,83,186.2424991462999,15.0,0.022377999460771
AD1941,SpringPromo,Meta,2024-01-01,2866,94,125.55042592667641,8.0,0.032798325191905
AD1942,ProductLaunch,LinkedIn,01/15/2024,647,43,125.49280092481519,14.0,0.0664605873261205
AD1943,WinterSale,Meta,2024-01-17,595,25,318.69790727575315,13.0,0.042016806722689
AD1944,SpringPromo,Google,2024-13-01,1689,140,295.77851657401004,10.0,
AD1945,SpringPromo,Meta,01/18/2024,4634,180,192.62747161878715,5.0,0.0388433318946914
AD1946,SpringPromo,Google,2024-01-24,4670,322,264.4873774697839,5.0,0.068950749464668
AD1947,SpringPromo,LinkedIn,01/24/2024,2484,239,421.2387213906963,15.0,0.0962157809983896
AD1948,WinterSale,Meta,2024-13-01,2010,95,160.68149818198413,6.0,0.0472636815920398
AD1949,SpringPromo,Google,2024-01-16,4946,428,70.80244570239793,5.0,0.0865345733926405
AD1950,ProductLaunch,Google,01/13/2024,0,9,71.94672669386547,0.0,
AD1951,WinterSale,LinkedIn,01/18/2024,3578,302,189.05628962583583,19.0,
AD1952,WinterSale,Google,2024-01-27,4967,393,362.6111841280128,11.0,0.0791222065633178
AD1953,SpringPromo,Meta,01/07/2024,3128,149,124.55520064087384,13.0,0.0476342710997442
AD1954,SpringPromo,Meta,01/07/2024,2691,265,365.1877783720274,,0.0984764028242289
AD1955,WinterSale,Google,01/15/2024,1408,122,109.09006087891427,,0.0866477272727272
AD1956,WinterSale,Google,01/17/2024,2379,155,199.54141054570795,7.0,0.0651534258091635
AD1957,WinterSale,Meta,01/07/2024,1310,68,91.01883514712503,13.0,0.0519083969465648
AD1958,SpringPromo,Meta,2024-01-23,2560,31,466.6721019597896,15.0,0.012109375
AD1959,WinterSale,LinkedIn,01/02/2024,1163,27,166.92142678186462,,0.0232158211521926
AD1960,ProductLaunch,LinkedIn,01/16/2024,623,16,288.3994220879779,15.0,0.0256821829855537
AD1961,ProductLaunch,Meta,2024-01-18,2982,86,142.31204100635858,18.0,0.0288397048960429
AD1962,WinterSale,Google,2024-01-07,1603,77,159.5301669697569,10.0,0.0480349344978165
AD1963,WinterSale,Google,2024-13-01,4372,194,296.51733026821285,0.0,0.0443732845379688
AD1964,SpringPromo,LinkedIn,2024-01-01,3423,84,120.21586708831546,16.0,0.0245398773006134
AD1965,SpringPromo,FB,01/15/2024,3524,304,434.04468060851883,3.0,0.0862656072644721
AD1966,SpringPromo,LinkedIn,2024-01-14,3783,361,94.71959937882588,19.0,0.0954269098598995
AD1967,SpringPromo,Meta,2024-01-10,1302,122,154.97801929285566,20.0,0.0937019969278033
AD1968,ProductLaunch,Google,2024-01-11,4672,280,195.16199270306575,7.0,0.059931506849315
AD1969,WinterSale,LinkedIn,2024-01-17,4150,141,439.4712981592451,3.0,0.0339759036144578
AD1970,WinterSale,LinkedIn,2024-01-04,1014,22,326.7606364209595,,0.0216962524654832
AD1971,SpringPromo,Google,2024-01-13,3306,13,84.5840340835318,14.0,0.0039322444041137
AD1972,ProductLaunch,Google,2024-01-28,4916,430,87.48182074657265,4.0,0.0874694873881204
AD1973,SpringPromo,Google,01/04/2024,2287,109,244.3563138159905,13.0,0.0476606908613904
AD1974,SpringPromo,Google,01/15/2024,2261,97,161.8466266222576,4.0,0.0429013710747456
AD1975,WinterSale,Meta,01/06/2024,4763,188,445.21471317203554,8.0,0.0394709216880117
AD1976,WinterSale,Meta,2024-01-27,930,28,410.7611328213696,1.0,0.0301075268817204
AD1977,SpringPromo,FB,01/27/2024,2190,95,244.02498681344437,11.0,0.0433789954337899
AD1978,ProductLaunch,Meta,2024-01-27,2095,42,487.7075468675814,,0.0200477326968973
AD1979,WinterSale,Google,01/04/2024,1281,79,407.77532972345506,0.0,0.0616705698672911
AD1980,ProductLaunch,LinkedIn,2024-13-01,4284,308,167.45314319925967,16.0,0.0718954248366013
AD1981,WinterSale,LinkedIn,01/10/2024,3197,217,473.31196064239214,14.0,0.0678761338755082
AD1982,SpringPromo,LinkedIn,2024-01-02,1288,48,73.99455855208919,9.0,0.0372670807453416
AD1983,WinterSale,Google,2024-01-18,649,64,302.90361260110217,,0.098613251155624
AD1984,WinterSale,Google,01/31/2024,2542,95,327.97164293918814,3.0,0.0373721479150275
AD1985,SpringPromo,Google,01/21/2024,3992,372,277.3345560288902,13.0,
AD1986,SpringPromo,Google,01/22/2024,4861,58,119.72228369031667,10.0,0.0119317012960296
AD1987,SpringPromo,Google,01/27/2024,4387,7,143.74002192542133,11.0,0.0015956234328698
AD1988,WinterSale,Google,01/23/2024,3524,269,-181.48770729789595,11.0,0.0763337116912599
AD1989,WinterSale,FB,01/13/2024,1666,28,281.5529445250635,12.0,0.0168067226890756
AD1990,ProductLaunch,Meta,2024-01-16,1374,67,495.12401070859636,0.0,0.0487627365356623
AD1991,SpringPromo,Meta,01/29/2024,4244,17,355.335279565672,1.0,0.0040056550424128
AD1992,WinterSale,Meta,2024-01-01,646,53,308.01159169770597,,0.0820433436532507
AD1993,ProductLaunch,Google,2024-01-03,4133,95,498.9073459539902,19.0,0.0229857246552141
AD1994,ProductLaunch,LinkedIn,2024-01-16,1553,24,356.37990849827906,,0.0154539600772698
AD1995,SpringPromo,Google,01/02/2024,0,4,202.70136177387494,0.0,
AD1996,SpringPromo,LinkedIn,01/17/2024,3503,269,496.37609242564076,16.0,0.0767913217242363
AD1997,SpringPromo,LinkedIn,01/01/2024,3918,60,209.5395322201608,,0.0153139356814701
AD1998,ProductLaunch,LinkedIn,2024-01-16,3966,247,467.55177492334616,4.0,0.0622793746848209
AD1999,WinterSale,Meta,2024-01-16,3098,44,368.1841753175441,19.0,0.0142027114267269
AD2000,WinterSale,LinkedIn,2024-01-03,2083,39,364.5069271839073,6.0,0.0187229956793086
AD1522,WinterSale,Meta,01/24/2024,3281,262,473.1126077384396,10.0,0.0798537031392868
AD1738,ProductLaunch,Google,01/25/2024,1344,81,111.66133455512139,20.0,0.0602678571428571
AD1741,SpringPromo,Meta,01/26/2024,608,32,444.4867383743274,6.0,0.0526315789473684
AD1661,SpringPromo,Meta,2024-01-23,4355,180,476.3659736302384,13.0,0.0413318025258323
AD1412,ProductLaunch,Google,2024-01-06,1123,83,481.59929480445953,18.0,0.0739091718610863
AD1679,ProductLaunch,Google,2024-13-01,4493,381,177.54741800410838,19.0,0.0847985755619853
AD1627,WinterSale,Google,01/03/2024,3256,243,469.2292929941582,13.0,0.0746314496314496
AD1514,SpringPromo,Meta,2024-01-12,2826,50,90.64323838201985,3.0,0.0176928520877565
AD1860,SpringPromo,Google,01/09/2024,4845,156,USD220.78,0.0,0.0321981424148606
AD1137,SpringPromo,Google,2024-01-05,912,32,220.09962753956097,19.0,0.0350877192982456
AD1812,ProductLaunch,LinkedIn,2024-01-03,3638,102,446.60452777705643,10.0,0.02803738317757
AD1077,WinterSale,Meta,2024-01-16,1944,103,391.2297821925235,19.0,0.0529835390946502
AD1637,SpringPromo,LinkedIn,2024-01-25,4479,295,408.84431286828135,19.0,0.0658629158294262
AD1974,SpringPromo,Google,01/15/2024,2261,97,161.8466266222576,4.0,0.0429013710747456
AD1939,ProductLaunch,LinkedIn,01/19/2024,4242,410,52.00055640422791,19.0,
AD1900,WinterSale,Meta,2024-01-16,3423,121,109.14485303694934,17.0,0.0353491089687408
AD1281,WinterSale,Google,01/29/2024,1184,24,239.96858870713527,10.0,0.0202702702702702
AD1884,ProductLaunch,Meta,2024-01-02,2730,167,279.2293461833483,19.0,0.0611721611721611
AD1762,SpringPromo,Meta,2024-01-13,3180,53,176.45771035536603,,0.0166666666666666
AD1320,SpringPromo,LinkedIn,2024-13-01,3701,330,83.69065336213524,18.0,0.0891650905160767
