SessionID,UserID,Timestamp,PageURL,Referrer,DeviceType,TimeOnPage,Bounce
SESS1,USER156,2024-01-13 11:30:06,home,Direct,Desktop,60.980094392474925,Y
SESS2,USER79,01/11/2024 12:39:29,signup,Direct,Tablet,zero,No
SESS3,USER51,01/30/2024 07:05:02,home,Social,Desktop,161.73172703204807,No
SESS4,USER113,01/06/2024 03:20:11,blog,Direct,Desktop,246.33590621173215,Yes
SESS5,USER143,01/25/2024 11:29:49,pricing,Email,Tablet,281.7334252089031,Yes
SESS6,USER26,2024-01-06 03:03:18,signup,Google,Desktop,33.1462773285113,N
SESS7,USER88,2024-01-03 20:22:16,http:/page,Direct,Mobile,280.22193159590404,No
SESS8,USER196,2024-13-01 10:00:00,blog,Direct,Tablet,42.2591764929233,Y
SESS9,USER141,2024-01-18 10:30:26,home,Direct,Desktop,149.87517459954466,N
SESS10,,01/03/2024 09:19:58,pricing,Google,Desktop,252.80911858174704,No
SESS11,USER178,01/25/2024 17:14:43,pricing,Referral,Tablet,255.90192698328786,Y
SESS12,USER139,2024-01-09 07:22:02,home,Social,Desktop,164.14387278887676,Y
SESS13,USER181,2024-01-19 20:07:36,home,Google,Tablet,7.011203787980609,N
SESS14,USER134,01/12/2024 13:47:17,http:/page,Email,Desktop,119.40865654853607,No
SESS15,USER5,2024-01-18 01:31:18,pricing,Social,Tablet,15.788886449041652,N
SESS16,,01/05/2024 21:47:12,home,Referral,Desktop,-3.820217591889569,N
SESS17,USER57,2024-01-18 17:23:44,signup,Google,Mobile,204.94115705605006,Yes
SESS18,USER43,2024-01-23 19:11:40,blog,Referral,Mobile,32.61748025978571,Y
SESS19,USER134,2024-01-22 06:56:18,signup,Direct,Tablet,61.0554694676118,Y
SESS20,USER80,2024-01-23 12:53:21,http:/page,Email,Desktop,9.609106465323226,N
SESS21,USER115,01/02/2024 11:48:35,signup,Email,Desktop,20.957156704800745,No
SESS22,USER187,01/28/2024 07:54:14,signup,Direct,Tablet,66.17633789175028,No
SESS23,USER154,2024-01-15 17:07:28,signup,Social,Desktop,189.31778962313626,Yes
SESS24,USER135,2024-01-25 09:50:23,pricing,Social,Desktop,94.063615304291,N
SESS25,USER3,2024-01-15 01:10:17,blog,Direct,Mobile,192.27683133923603,Yes
SESS26,USER120,2024-01-28 19:59:27,http:/page,Referral,Mobile,167.1474525080221,Yes
SESS27,USER25,2024-01-17 15:56:30,blog,Direct,Tablet,212.5243414467241,
SESS28,USER199,01/19/2024 00:39:31,blog,Email,Desktop,108.73971643845192,Y
SESS29,USER58,01/05/2024 03:48:02,http:/page,Social,Mobile,189.8864038903446,N
SESS30,USER2,01/15/2024 22:24:09,pricing,Social,Desktop,165.6949031142359,Yes
SESS31,USER64,2024-01-05 02:44:26,blog,Email,Tablet,175.29953072656892,N
SESS32,USER90,01/12/2024 07:29:22,pricing,Google,Desktop,217.57879958246733,Y
SESS33,USER166,2024-01-12 13:42:56,home,,Mobile,24.77948044594722,N
SESS34,USER76,2024-01-29 11:44:55,signup,Referral,Mobile,51.16346841065252,No
SESS35,USER199,2024-01-17 08:51:04,home,Google,Mobile,282.52815901695976,N
SESS36,USER28,2024-01-26 12:34:52,blog,,Mobile,292.0240224377023,Y
SESS37,USER68,2024-01-10 07:36:13,home,Social,Tablet,169.08972604128732,N
SESS38,,01/26/2024 21:56:15,home,Referral,Tablet,137.5305379919539,N
SESS39,USER44,01/10/2024 14:43:50,blog,Social,Tablet,zero,Yes
SESS40,USER191,2024-01-23 16:54:41,blog,Referral,Mobile,32.331074228059535,Yes
SESS41,USER165,01/27/2024 00:01:54,blog,Email,Desktop,67.2055656820043,N
SESS42,USER180,01/18/2024 11:27:14,signup,Google,Mobile,48.08820409661066,N
SESS43,USER137,2024-01-11 02:32:22,signup,Social,Desktop,213.7076319296214,
SESS44,USER127,2024-01-08 12:25:07,pricing,Google,Mobile,283.0757250566071,N
SESS45,USER114,01/17/2024 21:34:07,pricing,Email,Tablet,5.3762401128477855,Yes
SESS46,USER50,2024-01-06 03:39:25,home,Email,Desktop,265.3808514211852,No
SESS47,USER94,01/02/2024 13:53:01,home,Referral,Tablet,-1.6169971621721189,Yes
SESS48,USER93,2024-01-09 06:29:53,blog,Google,Mobile,60.328663834401056,Yes
SESS49,USER172,2024-01-22 12:01:56,home,Direct,Mobile,142.7929573760062,No
SESS50,USER170,01/07/2024 03:28:26,pricing,Google,Mobile,128.59408419928621,No
SESS51,USER77,2024-01-24 03:51:31,home,Email,Mobile,77.96277276149816,
SESS52,USER79,2024-01-28 23:53:08,home,Referral,Desktop,230.87566931233502,Yes
SESS53,USER73,2024-01-22 20:12:30,signup,Direct,Desktop,-6.34514473278451,N
SESS54,USER98,01/28/2024 21:58:37,pricing,Direct,Desktop,74.99039333719759,Yes
SESS55,USER113,2024-01-23 19:16:51,signup,,Desktop,136.54660124479375,N
SESS56,USER149,2024-01-13 05:59:03,home,Email,Tablet,10.826296161575417,
SESS57,USER105,2024-01-05 14:50:48,home,Google,Tablet,122.24629279958776,N
SESS58,USER92,2024-01-24 21:06:24,home,,Mobile,199.88818116314238,
SESS59,USER11,01/30/2024 02:46:52,pricing,Google,Mobile,35.96357694377435,Y
SESS60,USER4,2024-01-01 03:49:07,pricing,Email,Tablet,247.81252335658348,Yes
SESS61,USER155,2024-01-13 22:14:29,blog,Referral,Mobile,242.83054128713738,Yes
SESS62,USER179,2024-01-20 08:51:20,pricing,Email,Mobile,180.53664101271994,Yes
SESS63,USER95,01/16/2024 02:04:47,blog,Google,Desktop,61.242481474717266,N
SESS64,USER46,01/13/2024 23:17:22,signup,Referral,Desktop,119.60315435104658,Yes
SESS65,USER158,2024-01-02 22:00:41,signup,Email,Desktop,156.57418821798075,Y
SESS66,USER16,2024-01-02 00:12:53,pricing,Referral,Tablet,150.01519783286997,N
SESS67,USER15,01/13/2024 05:44:59,home,Direct,Desktop,51.250222261445636,No
SESS68,USER10,01/12/2024 10:12:19,home,Google,Tablet,213.76777112578208,N
SESS69,USER22,2024-01-21 06:43:20,signup,Email,Tablet,142.36036910614496,No
SESS70,USER81,01/01/2024 04:32:12,http:/page,Social,Tablet,130.04198882955828,Yes
SESS71,USER53,01/11/2024 23:26:10,blog,Email,Tablet,29.591637009660737,N
SESS72,USER25,01/18/2024 12:06:02,pricing,Email,Desktop,187.2236815383292,Yes
SESS73,USER48,2024-01-08 14:19:53,http:/page,Social,Mobile,181.42904837787088,N
SESS74,,01/17/2024 16:11:57,blog,Email,Desktop,266.2046208864982,Y
SESS75,USER136,2024-01-10 12:37:21,blog,Google,Mobile,40.23082493580068,Y
SESS76,USER9,2024-13-01 10:00:00,signup,Direct,Tablet,49.92666800850265,No
SESS77,USER32,01/28/2024 08:09:13,home,Social,Desktop,33.036552312355255,Yes
SESS78,USER190,01/03/2024 10:50:36,signup,Google,Tablet,153.20748750444446,No
SESS79,USER141,01/27/2024 05:35:24,pricing,Referral,Tablet,38.029219204713975,Yes
SESS80,USER164,2024-01-27 13:05:01,home,Google,Tablet,75.4844389470374,Yes
SESS81,USER2,01/18/2024 12:42:30,pricing,Social,Tablet,83.90740054572655,No
SESS82,USER165,01/03/2024 05:42:12,pricing,,Tablet,120.17779272922974,N
SESS83,USER105,2024-01-24 05:05:22,home,Referral,Mobile,255.4484951291904,No
SESS84,USER14,2024-01-30 04:02:38,home,Google,Tablet,170.20145220009454,No
SESS85,,01/17/2024 22:30:38,blog,Google,Desktop,142.32202408008072,
SESS86,USER56,01/04/2024 23:24:23,signup,Direct,Mobile,16.241024519269843,No
SESS87,,2024-01-14 03:22:01,pricing,Referral,Tablet,298.7396479867802,
SESS88,USER143,01/23/2024 08:09:14,blog,Email,Tablet,232.42846774344142,N
SESS89,USER46,2024-01-27 20:50:00,blog,,Mobile,52.10289578446111,No
SESS90,USER102,2024-01-01 06:48:38,home,Social,Tablet,92.02106720248611,N
SESS91,USER28,2024-01-03 09:43:59,blog,,Mobile,236.77423531458084,Yes
SESS92,USER178,01/18/2024 00:45:29,http:/page,Referral,Tablet,136.15350375258416,N
SESS93,USER182,2024-01-28 16:49:41,blog,Google,Desktop,23.70809929814849,Y
SESS94,USER33,01/16/2024 17:06:25,http:/page,Google,Desktop,212.06192535365292,N
SESS95,USER127,2024-01-06 11:48:10,blog,Direct,Tablet,299.4038032264659,Y
SESS96,USER155,01/14/2024 18:30:36,http:/page,Google,Tablet,263.29476780694,N
SESS97,,2024-01-07 16:23:59,pricing,,Tablet,96.21633109815352,Y
SESS98,USER155,01/21/2024 21:09:55,blog,Direct,Desktop,268.3058144470153,N
SESS99,USER11,2024-01-16 14:33:10,blog,Direct,Mobile,179.66899779030587,N
SESS100,USER89,01/22/2024 08:39:32,home,Google,Tablet,240.5783421747681,
SESS101,USER72,2024-01-29 01:20:53,home,Social,Tablet,234.6638086514696,No
SESS102,USER168,2024-01-27 20:03:24,home,,Mobile,190.8338208076299,Yes
SESS103,USER162,01/07/2024 10:19:15,signup,Google,Tablet,157.2179768110989,Y
SESS104,USER134,2024-01-07 16:25:27,blog,Direct,Mobile,232.79043534901822,Yes
SESS105,USER132,2024-01-17 04:51:28,http:/page,Google,Tablet,45.99648631683388,No
SESS106,USER33,01/01/2024 23:27:17,blog,Social,Tablet,276.1443639790709,N
SESS107,USER109,2024-01-03 15:08:52,blog,Google,Desktop,-9.128616463804835,N
SESS108,USER29,2024-01-14 11:25:12,home,Google,Mobile,218.6768595900054,N
SESS109,USER130,2024-01-22 07:50:13,blog,Direct,Tablet,213.2548480131419,No
SESS110,USER35,2024-13-01 10:00:00,pricing,,Mobile,225.92268216271015,
SESS111,USER106,01/02/2024 20:11:05,home,Email,Mobile,264.5248413671338,N
SESS112,USER175,2024-01-24 16:51:41,home,Social,Desktop,224.18940048330245,N
SESS113,USER111,01/11/2024 00:03:26,home,Referral,Mobile,16.966262677821465,Y
SESS114,USER5,01/15/2024 00:50:50,pricing,Social,Mobile,7.6849050314545195,Y
SESS115,USER3,2024-01-02 22:48:16,signup,Direct,Mobile,60.29233094261596,No
SESS116,USER101,2024-01-24 11:49:42,pricing,Google,Tablet,170.60803550531836,N
SESS117,USER8,01/10/2024 11:27:08,home,Email,Desktop,25.98451890212194,No
SESS118,USER199,01/16/2024 19:12:33,pricing,Direct,Desktop,221.1931396569599,No
SESS119,USER27,2024-01-21 10:38:09,signup,Google,Mobile,5.880422613377615,No
SESS120,USER149,01/28/2024 14:31:53,signup,Social,Tablet,39.7303483733606,Yes
SESS121,USER164,01/09/2024 20:33:18,signup,Direct,Desktop,9.755075815832825,N
SESS122,USER165,2024-01-07 17:27:43,http:/page,Direct,Mobile,61.7501745611096,Yes
SESS123,USER37,01/14/2024 06:56:17,home,Direct,Desktop,92.55846792697072,N
SESS124,USER187,2024-01-24 01:57:22,home,,Tablet,153.46455771278485,Y
SESS125,USER49,01/25/2024 22:01:31,signup,Referral,Tablet,44.27857558443171,N
SESS126,USER62,2024-01-15 08:23:56,pricing,Social,Mobile,282.5079420633104,Y
SESS127,USER102,2024-01-24 09:07:14,http:/page,Email,Mobile,278.1522688450294,Y
SESS128,USER44,2024-01-07 22:01:37,blog,Direct,Mobile,54.53557810288237,Yes
SESS129,USER160,2024-01-07 04:16:08,pricing,Google,Tablet,211.60479682793624,No
SESS130,USER174,2024-01-06 02:02:52,pricing,Email,Mobile,292.8727606913717,Yes
SESS131,USER159,01/11/2024 17:58:30,pricing,Direct,Mobile,222.28134875080698,Y
SESS132,USER185,01/09/2024 04:03:23,signup,Direct,Tablet,182.8798306925756,Yes
SESS133,USER194,01/03/2024 07:37:02,home,Direct,Tablet,zero,Y
SESS134,USER186,01/13/2024 09:03:25,pricing,Referral,Tablet,146.87509055143727,Yes
SESS135,,01/15/2024 10:07:54,http:/page,Social,Desktop,213.90161838836914,N
SESS136,USER173,2024-13-01 10:00:00,home,Email,Mobile,284.54824256983187,Yes
SESS137,USER99,2024-01-05 18:15:21,blog,Email,Desktop,23.23651552956715,Yes
SESS138,,2024-01-22 23:43:25,http:/page,Direct,Tablet,82.83852757806395,No
SESS139,USER26,01/01/2024 02:04:51,signup,Google,Tablet,6.506802716249915,No
SESS140,USER129,2024-13-01 10:00:00,blog,Direct,Tablet,129.70614515780855,Y
SESS141,USER175,01/16/2024 16:35:16,blog,Google,Tablet,51.60823032268601,Y
SESS142,USER83,2024-01-16 15:49:46,http:/page,Social,Desktop,60.23954333548933,N
SESS143,USER128,2024-01-22 12:52:41,home,Referral,Mobile,249.63893049182377,Y
SESS144,USER95,2024-01-08 04:16:06,blog,Social,Tablet,207.29693769434581,Yes
SESS145,USER176,2024-01-30 14:28:03,home,Google,Desktop,zero,
SESS146,USER21,01/18/2024 14:30:27,signup,Email,Tablet,216.35881602869154,Y
SESS147,USER59,2024-01-24 08:57:16,http:/page,,Tablet,124.99622608215333,N
SESS148,USER9,2024-01-14 05:01:35,blog,Direct,Tablet,248.634935404639,No
SESS149,USER186,2024-01-20 22:07:39,home,Social,Tablet,21.449524881691815,Yes
SESS150,USER78,2024-01-27 03:04:15,pricing,Email,Desktop,172.7488283901731,No
SESS151,USER34,01/26/2024 18:13:02,http:/page,Email,Mobile,193.79190800526877,Yes
SESS152,USER30,2024-01-19 22:01:31,blog,Direct,Desktop,108.92667480293588,N
SESS153,USER57,2024-01-20 08:07:05,home,Direct,Mobile,201.08418830959818,Y
SESS154,USER151,2024-01-11 06:02:33,home,Social,Tablet,289.0029323067099,Y
SESS155,USER99,01/02/2024 02:27:43,pricing,Social,Desktop,zero,Yes
SESS156,USER124,01/16/2024 16:41:21,http:/page,Email,Desktop,zero,No
SESS157,USER32,2024-01-07 16:36:38,blog,Email,Mobile,109.43635258602414,N
SESS158,USER5,01/04/2024 11:29:48,pricing,Direct,Tablet,zero,N
SESS159,USER66,2024-01-16 18:16:23,signup,Google,Tablet,-6.306576364557043,N
SESS160,,2024-01-28 08:10:56,pricing,Social,Mobile,ten,N
SESS161,USER183,2024-01-06 08:58:15,signup,Google,Mobile,141.47169137636925,No
SESS162,,2024-01-21 11:19:09,http:/page,Direct,Tablet,ten,Yes
SESS163,USER119,2024-01-18 14:49:56,pricing,Google,Tablet,78.587604471938,No
SESS164,USER22,2024-01-15 04:44:21,pricing,Referral,Tablet,-6.300586755973505,No
SESS165,USER39,2024-01-15 12:58:57,pricing,Social,Mobile,183.22960841743762,Yes
SESS166,USER8,2024-01-04 12:51:41,pricing,Email,Desktop,3.3638751773843225,N
SESS167,USER61,2024-01-14 17:36:21,signup,Direct,Mobile,155.2736337308774,N
SESS168,USER89,2024-01-28 04:12:47,http:/page,,Desktop,71.37610267156137,Y
SESS169,USER68,01/16/2024 10:32:07,signup,Google,Tablet,107.80192246380129,Y
SESS170,USER34,2024-01-24 06:38:18,pricing,Direct,Mobile,146.13090909957162,Yes
SESS171,USER61,2024-01-15 04:11:35,home,Direct,Mobile,105.89502334191886,No
SESS172,USER81,2024-01-13 08:05:04,pricing,Social,Mobile,98.90238061136161,Y
SESS173,USER72,01/17/2024 01:03:12,pricing,Email,Mobile,91.6090922031787,Y
SESS174,USER60,01/02/2024 10:49:59,home,Direct,Mobile,43.20947543811906,
SESS175,USER151,2024-01-03 05:06:47,pricing,Social,Desktop,95.5476430132862,No
SESS176,USER59,01/21/2024 06:44:18,home,Google,Tablet,173.0398191284171,No
SESS177,USER90,01/21/2024 00:04:48,signup,,Tablet,267.55870229002664,Y
SESS178,USER126,2024-01-03 17:23:37,signup,Direct,Mobile,227.1864489780826,Y
SESS179,USER146,2024-01-07 03:11:32,signup,Google,Mobile,55.42738533634024,N
SESS180,USER58,01/28/2024 21:32:12,http:/page,Social,Tablet,ten,No
SESS181,USER65,2024-01-17 19:18:32,http:/page,Direct,Mobile,9.915186630287394,Y
SESS182,USER144,01/06/2024 12:33:11,blog,Email,Tablet,87.88958259463895,N
SESS183,USER147,01/13/2024 08:20:57,blog,Email,Tablet,61.29237759451202,N
SESS184,USER65,2024-01-20 22:02:21,pricing,,Tablet,231.861836551768,No
SESS185,USER138,01/02/2024 23:31:53,http:/page,Google,Mobile,7.776308752154858,No
SESS186,USER179,01/16/2024 06:55:12,home,Google,Mobile,222.31441711847737,Y
SESS187,USER73,01/25/2024 12:43:43,signup,Social,Mobile,6.410372625165852,Yes
SESS188,USER38,01/19/2024 13:41:32,blog,,Mobile,176.07186991537318,N
SESS189,USER126,2024-01-07 22:22:21,blog,Email,Mobile,73.57273251737051,Yes
SESS190,USER102,2024-13-01 10:00:00,blog,Google,Mobile,3.8307737637430908,N
SESS191,USER53,2024-01-19 05:15:07,pricing,Email,Tablet,124.15807840099421,N
SESS192,USER151,2024-01-15 09:14:39,http:/page,Referral,Tablet,97.25766870790517,
SESS193,USER39,01/04/2024 03:10:09,signup,Referral,Tablet,3.201322579278095,Yes
SESS194,USER128,01/02/2024 18:09:14,home,Referral,Desktop,111.90727750739073,Y
SESS195,USER24,2024-01-18 13:53:35,signup,Google,Desktop,299.68399225625825,Yes
SESS196,USER81,01/01/2024 10:46:28,signup,Referral,Tablet,238.43542108575488,Y
SESS197,USER183,01/01/2024 06:56:17,blog,Referral,Tablet,100.13912115618426,Yes
SESS198,USER92,2024-01-13 20:40:45,pricing,,Mobile,27.38444199876109,No
SESS199,USER125,01/06/2024 13:43:46,pricing,Direct,Tablet,247.57288522534958,No
SESS200,USER140,2024-01-12 01:02:47,signup,Referral,Tablet,249.00218392207597,Y
SESS201,USER79,2024-01-09 15:34:07,signup,Social,Tablet,67.14744874642504,Yes
SESS202,USER64,01/02/2024 22:50:51,pricing,Email,Mobile,104.26612529964889,Yes
SESS203,USER149,01/24/2024 11:49:38,http:/page,Direct,Desktop,154.59926990632226,No
SESS204,USER144,2024-01-21 19:53:00,http:/page,Email,Tablet,47.430473225146024,No
SESS205,USER97,2024-01-07 23:13:30,http:/page,Direct,Tablet,216.62758937083603,No
SESS206,USER61,2024-01-10 13:49:56,signup,Referral,Tablet,194.75400138428594,N
SESS207,USER171,01/29/2024 03:02:36,signup,Referral,Tablet,9.380064867143695,Yes
SESS208,USER181,01/10/2024 16:34:50,pricing,,Tablet,257.81259109791705,No
SESS209,USER124,01/28/2024 10:02:10,blog,Referral,Mobile,174.1010782992121,
SESS210,USER89,2024-01-22 03:16:22,signup,Google,Tablet,176.2264704048553,No
SESS211,USER49,01/28/2024 16:16:21,signup,Referral,Desktop,ten,
SESS212,USER152,01/18/2024 03:55:34,signup,,Desktop,177.0605109917369,Yes
SESS213,USER25,2024-01-10 04:45:07,home,Referral,Desktop,4.830326369830061,
SESS214,USER113,2024-01-13 05:46:18,blog,Direct,Tablet,59.22444576586196,No
SESS215,USER85,2024-01-18 23:40:49,blog,Email,Mobile,54.2319248612049,No
SESS216,USER183,01/28/2024 22:03:31,signup,Direct,Mobile,226.29292482230633,No
SESS217,USER82,2024-01-27 01:50:12,blog,Referral,Mobile,87.8763649575122,Y
SESS218,USER18,2024-01-10 22:45:49,pricing,Direct,Tablet,64.86197148801513,No
SESS219,USER164,01/09/2024 09:23:12,blog,Social,Mobile,5.152149727955663,N
SESS220,USER146,01/11/2024 16:02:05,blog,Social,Tablet,0.3975668294062391,
SESS221,USER107,01/22/2024 22:50:42,blog,Direct,Tablet,-6.1559532123556355,Yes
SESS222,USER112,01/27/2024 19:48:56,pricing,Social,Tablet,116.89144900229276,N
SESS223,USER70,2024-01-11 16:17:11,blog,Direct,Tablet,82.95094862290712,N
SESS224,USER194,01/22/2024 20:05:21,pricing,Email,Mobile,73.96277692836989,No
SESS225,USER111,01/19/2024 08:31:56,home,Email,Mobile,228.62760902162975,Y
SESS226,USER123,2024-01-16 11:41:09,pricing,Google,Desktop,243.90022585290995,Y
SESS227,USER71,2024-01-09 12:36:17,blog,Social,Mobile,135.3598925063096,N
SESS228,USER121,2024-01-13 05:49:36,http:/page,Direct,Tablet,242.02363302822616,Y
SESS229,USER84,01/04/2024 00:15:12,pricing,,Mobile,-3.010028773870771,Yes
SESS230,USER113,01/09/2024 22:46:21,pricing,Google,Mobile,146.07079343193158,N
SESS231,USER199,2024-01-17 14:02:02,blog,Email,Tablet,179.11680239488098,No
SESS232,USER93,2024-01-22 16:28:22,home,,Tablet,299.4596657575015,Yes
SESS233,USER70,01/16/2024 08:18:44,home,Referral,Mobile,65.37067120061465,Yes
SESS234,USER7,2024-01-27 03:04:40,blog,Direct,Mobile,191.46345185211476,Yes
SESS235,USER17,01/20/2024 09:10:19,signup,Direct,Tablet,87.49063500811823,N
SESS236,USER28,2024-01-14 14:28:58,signup,Social,Desktop,291.57582231569603,Yes
SESS237,USER194,2024-01-13 22:15:47,blog,Google,Mobile,74.27903693904696,Yes
SESS238,USER90,01/14/2024 04:53:15,pricing,Referral,Desktop,202.17589723045901,Yes
SESS239,USER30,2024-01-01 18:40:44,blog,Email,Mobile,241.69096997409812,Y
SESS240,USER24,01/30/2024 15:53:40,pricing,Email,Desktop,235.7865678030308,Y
SESS241,USER170,2024-01-18 23:25:51,signup,Social,Mobile,21.263045523560603,Y
SESS242,USER187,2024-01-19 21:26:14,home,Email,Tablet,169.13084725815688,Y
SESS243,USER69,2024-13-01 10:00:00,pricing,Google,Desktop,181.45569980749877,Yes
SESS244,,01/17/2024 22:18:15,blog,,Mobile,122.19304497679127,Yes
SESS245,USER164,2024-01-30 12:55:26,pricing,Social,Desktop,223.88782282752862,Y
SESS246,USER95,2024-01-01 00:06:15,signup,Email,Desktop,231.81356854119952,Yes
SESS247,USER81,2024-01-26 21:46:51,signup,Google,Tablet,71.17881959278841,No
SESS248,USER47,2024-01-17 04:12:53,signup,Direct,Desktop,167.63864870678552,Yes
SESS249,USER63,01/29/2024 06:25:43,http:/page,Social,Mobile,252.97892669347704,No
SESS250,USER40,2024-01-03 22:04:13,blog,Referral,Desktop,170.76565249976977,No
SESS251,USER95,01/02/2024 22:24:18,home,Google,Tablet,206.37426030057878,Y
SESS252,USER55,2024-01-24 17:15:27,home,Referral,Tablet,287.4667660344059,Y
SESS253,USER97,01/28/2024 14:43:00,pricing,Direct,Desktop,97.78700608597997,
SESS254,USER80,2024-01-16 14:56:04,signup,,Desktop,92.34241925762316,N
SESS255,USER96,01/26/2024 04:40:32,home,Direct,Desktop,33.577304347366876,No
SESS256,USER39,2024-01-02 08:30:33,blog,Direct,Desktop,267.6521201636533,N
SESS257,USER84,2024-01-15 20:07:14,home,Email,Desktop,155.50063949930785,N
SESS258,USER70,2024-01-01 17:57:15,pricing,Social,Tablet,20.959239628380512,N
SESS259,USER62,2024-01-21 21:13:37,blog,Direct,Desktop,22.00822696370947,N
SESS260,USER155,01/04/2024 11:34:55,http:/page,Referral,Mobile,287.84856627124384,No
SESS261,USER20,2024-01-17 17:28:21,blog,Social,Mobile,-4.007908951770332,Yes
SESS262,USER181,01/18/2024 07:34:14,blog,Direct,Desktop,78.30234854172072,N
SESS263,USER45,01/22/2024 19:07:59,signup,Email,Desktop,54.638310703462466,Yes
SESS264,USER196,2024-01-19 16:35:08,pricing,Google,Tablet,233.29240517646647,Y
SESS265,USER177,2024-01-04 18:47:04,home,Google,Mobile,191.43094169544716,No
SESS266,USER93,2024-01-09 08:45:43,pricing,Referral,Desktop,90.8144326662039,Y
SESS267,USER129,01/15/2024 13:14:50,home,Email,Desktop,205.75224516654805,No
SESS268,USER20,2024-01-17 04:04:11,blog,Email,Tablet,91.14473347671299,N
SESS269,USER198,01/15/2024 11:34:59,home,Direct,Tablet,20.220323239905024,
SESS270,USER138,01/01/2024 04:06:19,signup,Google,Tablet,296.65456694166556,No
SESS271,USER179,01/16/2024 13:45:07,pricing,Referral,Desktop,91.04220351087618,Yes
SESS272,USER124,01/09/2024 22:43:42,pricing,Google,Mobile,98.42203136202743,N
SESS273,USER113,01/12/2024 02:08:29,http:/page,Google,Mobile,71.87833467914854,Yes
SESS274,USER139,2024-01-20 23:14:03,pricing,,Tablet,232.80969889142918,
SESS275,USER41,01/22/2024 23:16:53,blog,Direct,Desktop,109.45399596057617,
SESS276,USER97,2024-01-12 01:01:39,pricing,Email,Mobile,271.520010115273,Yes
SESS277,USER152,01/20/2024 11:20:18,signup,Referral,Mobile,281.10725017112424,
SESS278,USER69,2024-01-25 10:24:31,home,Referral,Desktop,104.06249306218575,N
SESS279,USER15,01/22/2024 05:17:02,home,Google,Tablet,216.3651554984731,Y
SESS280,USER22,2024-01-25 06:19:14,signup,Google,Mobile,127.55340085019358,Y
SESS281,USER136,01/19/2024 18:29:35,pricing,Social,Mobile,165.57785756795244,
SESS282,USER105,2024-01-15 05:31:03,blog,Google,Desktop,58.84679540879684,Y
SESS283,USER87,01/10/2024 08:59:53,pricing,Direct,Desktop,288.6149869237714,Y
SESS284,USER15,2024-01-25 05:48:29,signup,Referral,Desktop,97.99305454035742,Y
SESS285,USER36,01/12/2024 10:20:28,http:/page,Social,Tablet,zero,Y
SESS286,USER6,2024-01-30 10:15:25,signup,,Desktop,148.7417735435635,N
SESS287,USER56,2024-01-10 01:53:19,signup,,Desktop,14.007197705088728,Y
SESS288,USER19,2024-13-01 10:00:00,home,Social,Mobile,283.86895704586664,N
SESS289,USER32,2024-01-01 02:47:01,home,Email,Mobile,131.850929154804,No
SESS290,USER35,01/04/2024 21:23:32,home,Google,Mobile,251.93705182855945,N
SESS291,USER12,2024-01-07 07:37:12,pricing,Google,Tablet,49.162667481305384,N
SESS292,USER181,01/01/2024 06:51:20,home,Social,Mobile,254.09543461412403,Yes
SESS293,USER69,01/06/2024 16:58:15,blog,Referral,Tablet,260.1338859293853,No
SESS294,USER131,01/09/2024 20:08:35,blog,Direct,Desktop,152.33434094065709,Yes
SESS295,USER28,2024-01-17 00:41:56,home,Google,Tablet,167.21888235175743,
SESS296,USER83,2024-01-28 21:54:11,pricing,Direct,Mobile,75.52955244037372,N
SESS297,USER44,01/27/2024 06:45:42,blog,Google,Desktop,80.63592778730488,N
SESS298,USER132,01/24/2024 13:15:47,home,,Tablet,190.2171528268964,
SESS299,USER165,2024-01-30 21:55:56,signup,Google,Tablet,276.22223444133726,No
SESS300,USER158,01/27/2024 16:57:13,home,Direct,Desktop,255.20141480455663,N
SESS301,USER183,01/06/2024 16:51:09,http:/page,Social,Desktop,42.807864625528126,N
SESS302,USER152,2024-01-29 19:14:35,pricing,Email,Mobile,149.05876809077606,N
SESS303,USER60,01/17/2024 03:59:38,home,Social,Tablet,40.53549936620811,No
SESS304,USER15,01/26/2024 10:48:50,home,Social,Desktop,130.71898536968612,Yes
SESS305,USER44,01/27/2024 00:41:47,pricing,,Desktop,295.05784551741834,Y
SESS306,USER67,2024-01-21 10:01:13,blog,Email,Desktop,200.57830888801436,Yes
SESS307,USER28,2024-01-24 00:19:06,home,Direct,Tablet,209.655313647058,No
SESS308,USER33,2024-13-01 10:00:00,blog,Google,Mobile,275.0531734721055,Y
SESS309,USER8,01/28/2024 03:28:56,pricing,Email,Mobile,199.30596407805498,No
SESS310,USER170,01/09/2024 17:41:48,blog,Referral,Tablet,115.84886731725595,Yes
SESS311,USER133,2024-01-14 22:27:36,home,Google,Mobile,62.82106328916632,No
SESS312,USER81,2024-01-18 04:25:17,home,Google,Tablet,299.381914018467,
SESS313,USER91,01/20/2024 17:32:45,pricing,Social,Tablet,73.01737311999516,Yes
SESS314,USER108,01/20/2024 23:37:21,home,Google,Desktop,251.05721115145155,
SESS315,USER71,01/23/2024 14:54:43,http:/page,Google,Desktop,169.6327356215913,
SESS316,USER180,01/19/2024 19:22:46,home,,Mobile,126.28133761833718,Yes
SESS317,USER21,2024-01-30 16:49:49,signup,Google,Tablet,202.20267542269173,Yes
SESS318,USER3,01/10/2024 05:43:57,pricing,Direct,Desktop,291.82348002703753,N
SESS319,USER129,2024-01-22 14:46:54,home,Google,Tablet,117.29179001368335,Y
SESS320,USER52,2024-01-30 21:10:31,blog,Direct,Tablet,265.10708971020773,N
SESS321,USER154,01/21/2024 02:26:17,http:/page,,Desktop,154.29153067962199,N
SESS322,USER54,2024-01-30 16:08:20,http:/page,Referral,Desktop,164.3816964301771,Y
SESS323,USER83,2024-01-13 22:29:49,blog,Google,Mobile,269.1726561792321,Y
SESS324,USER42,01/09/2024 10:53:25,blog,Email,Tablet,7.949585896119668,Y
SESS325,USER158,01/04/2024 14:32:30,home,Email,Tablet,68.50696542399248,
SESS326,USER126,2024-01-15 03:32:27,home,Referral,Tablet,264.28137344115913,N
SESS327,USER117,01/02/2024 09:08:55,signup,,Tablet,60.515885528645,Y
SESS328,USER77,01/06/2024 21:11:12,signup,Google,Mobile,245.07425890400398,Yes
SESS329,,2024-01-11 16:47:37,pricing,Email,Mobile,273.6210356456603,No
SESS330,USER42,2024-01-28 19:46:56,home,Google,Tablet,89.93559360831786,Yes
SESS331,USER67,01/09/2024 07:02:02,home,Social,Desktop,49.40360123765629,No
SESS332,USER25,2024-01-05 07:43:17,home,Email,Tablet,-9.264767614571333,Y
SESS333,USER126,2024-01-02 13:13:56,blog,Referral,Tablet,104.10558719158954,Yes
SESS334,USER149,2024-01-06 23:04:11,blog,Social,Desktop,137.6659866777393,Yes
SESS335,USER157,2024-01-05 15:38:03,blog,Social,Tablet,234.64295693102432,No
SESS336,USER126,2024-01-02 17:31:17,pricing,Referral,Mobile,268.0573135947456,Y
SESS337,USER57,2024-01-01 08:20:08,http:/page,Social,Tablet,ten,Yes
SESS338,USER27,01/19/2024 12:07:36,signup,Google,Desktop,25.040747762206884,No
SESS339,USER184,01/24/2024 04:51:35,pricing,Direct,Mobile,106.99201183767761,Y
SESS340,USER37,2024-01-26 16:41:22,blog,Referral,Mobile,283.01368203986067,N
SESS341,USER111,2024-01-30 06:56:52,http:/page,Email,Mobile,230.4437416452038,No
SESS342,USER127,01/04/2024 23:47:12,pricing,Referral,Mobile,87.45099867786648,N
SESS343,USER170,2024-01-19 06:21:52,blog,Referral,Mobile,292.1873927348464,Y
SESS344,USER54,01/09/2024 07:31:34,blog,Email,Mobile,20.23434184641822,N
SESS345,USER25,01/30/2024 22:16:52,signup,Referral,Tablet,277.0984166307571,Yes
SESS346,USER76,2024-01-27 09:08:27,home,Direct,Mobile,ten,N
SESS347,USER118,2024-01-25 20:24:28,http:/page,Referral,Tablet,28.327950763520917,N
SESS348,USER40,01/27/2024 04:06:55,home,,Mobile,296.87885852759564,Yes
SESS349,USER179,01/18/2024 02:54:17,signup,Social,Tablet,198.61187204025077,No
SESS350,USER131,2024-01-27 12:06:07,pricing,Social,Desktop,6.9971284116280685,N
SESS351,USER125,2024-01-20 05:32:02,pricing,Email,Tablet,185.36280322035634,No
SESS352,USER143,01/02/2024 06:58:07,home,Direct,Mobile,119.03428244125047,N
SESS353,USER30,01/15/2024 18:43:20,pricing,Google,Desktop,83.27512661089531,No
SESS354,USER110,01/12/2024 08:50:58,blog,Email,Desktop,256.5120049273723,Y
SESS355,USER68,2024-01-06 12:21:28,home,Email,Desktop,197.277260785611,No
SESS356,USER154,01/11/2024 14:34:28,http:/page,Google,Desktop,2.944925184483102,N
SESS357,USER62,01/21/2024 12:08:52,http:/page,,Desktop,95.50501751117227,No
SESS358,USER41,01/03/2024 17:39:15,home,Email,Mobile,60.11724383273814,N
SESS359,USER61,01/14/2024 06:42:20,pricing,Email,Desktop,65.59525758189976,
SESS360,USER45,2024-01-29 12:49:54,pricing,Direct,Mobile,270.07441985804036,Yes
SESS361,USER33,01/10/2024 01:22:49,home,Email,Mobile,131.00302905351145,N
SESS362,USER178,01/10/2024 19:55:23,home,Google,Mobile,294.4193957800043,Y
SESS363,USER92,01/20/2024 02:18:52,home,Referral,Mobile,291.745054853458,Yes
SESS364,USER27,01/01/2024 17:44:08,blog,Social,Tablet,22.798814506426332,Y
SESS365,USER21,01/09/2024 12:55:50,signup,Social,Desktop,zero,Y
SESS366,USER11,01/22/2024 15:02:01,home,Email,Desktop,111.16149613138623,No
SESS367,USER101,2024-01-14 20:29:11,pricing,Email,Mobile,44.60438581464796,No
SESS368,,2024-13-01 10:00:00,pricing,Email,Desktop,169.04669249556846,N
SESS369,USER15,01/15/2024 02:25:46,http:/page,Direct,Tablet,223.2544861174511,Y
SESS370,USER49,2024-01-30 03:42:18,home,Email,Desktop,124.23293107363588,N
SESS371,USER57,2024-01-01 23:25:10,blog,Direct,Mobile,132.38374216961606,N
SESS372,USER21,2024-13-01 10:00:00,home,Referral,Tablet,254.89521410048093,N
SESS373,USER91,01/22/2024 23:05:59,http:/page,Email,Mobile,90.23687085649709,No
SESS374,USER56,01/18/2024 22:33:48,home,Google,Tablet,26.678744294410293,No
SESS375,USER94,2024-01-28 21:21:17,signup,Google,Mobile,65.83455520324915,N
SESS376,USER22,01/15/2024 05:19:59,signup,Referral,Tablet,69.54074962014785,No
SESS377,USER87,01/22/2024 07:03:29,http:/page,Google,Tablet,108.14285898774912,No
SESS378,USER139,01/16/2024 13:06:31,http:/page,Social,Mobile,22.066049950964334,Y
SESS379,USER90,2024-01-23 21:13:54,home,,Tablet,146.3814582652841,Y
SESS380,USER108,01/24/2024 08:22:27,http:/page,Direct,Desktop,276.49765490026124,
SESS381,USER34,01/17/2024 18:16:15,home,Social,Desktop,215.42751565855286,Y
SESS382,USER144,01/12/2024 16:54:29,pricing,Social,Tablet,240.98238434513152,Yes
SESS383,USER26,01/05/2024 22:43:37,pricing,Google,Tablet,203.75729405860514,No
SESS384,USER53,01/19/2024 08:37:44,pricing,Social,Desktop,48.68100344851656,
SESS385,USER130,01/27/2024 05:54:21,pricing,Social,Mobile,266.7718105497838,Yes
SESS386,,01/11/2024 18:29:32,blog,,Tablet,14.604402960427816,Yes
SESS387,USER111,01/22/2024 11:34:26,http:/page,Google,Tablet,173.75268746269293,Yes
SESS388,USER30,01/28/2024 19:36:01,http:/page,Google,Mobile,280.8171082830485,Y
SESS389,USER194,01/30/2024 20:24:26,pricing,Google,Tablet,122.43114176810306,No
SESS390,USER26,01/14/2024 05:10:09,blog,Google,Tablet,282.50812536315686,No
SESS391,USER26,01/03/2024 02:35:37,blog,Direct,Desktop,ten,N
SESS392,USER96,2024-01-08 04:24:32,blog,Direct,Tablet,229.47984983221056,N
SESS393,USER46,2024-01-21 19:15:09,home,Social,Desktop,196.03420949427203,N
SESS394,USER27,2024-01-10 08:56:15,home,Referral,Desktop,124.10008861523016,Y
SESS395,USER85,01/04/2024 14:45:00,pricing,Email,Mobile,72.04256428559229,Yes
SESS396,USER162,01/29/2024 19:55:38,signup,Direct,Tablet,213.963263778964,No
SESS397,USER197,2024-01-18 19:04:41,pricing,Referral,Desktop,46.32156760535361,Y
SESS398,USER132,01/28/2024 10:33:34,pricing,Google,Desktop,118.65504575077003,No
SESS399,USER81,01/06/2024 11:10:36,home,Direct,Tablet,27.071876563713488,No
SESS400,USER12,2024-01-26 12:27:14,signup,Social,Desktop,23.63028209661885,N
SESS401,USER95,2024-01-25 01:08:21,blog,Email,Tablet,86.11895923979202,No
SESS402,USER90,2024-01-22 23:30:42,signup,Google,Desktop,81.88466824353807,N
SESS403,USER93,2024-01-06 09:12:13,http:/page,Social,Tablet,153.72452381604555,Yes
SESS404,USER77,2024-01-27 13:17:53,pricing,Social,Mobile,84.14980329246902,Y
SESS405,USER60,01/11/2024 11:29:17,blog,Direct,Desktop,173.5818830031427,No
SESS406,USER171,2024-01-24 17:43:25,blog,,Tablet,182.06661100030374,No
SESS407,USER13,01/19/2024 11:12:22,pricing,Google,Desktop,163.98167262050228,Y
SESS408,USER86,01/27/2024 23:26:23,pricing,Email,Desktop,219.72777936284794,Y
SESS409,USER52,2024-01-10 22:10:43,http:/page,Social,Mobile,38.17602800404367,Y
SESS410,USER143,2024-01-27 09:11:53,home,Social,Tablet,113.1564544215223,No
SESS411,USER178,2024-01-11 22:22:37,blog,Referral,Mobile,92.74678573499054,No
SESS412,USER157,01/08/2024 08:50:50,pricing,Social,Desktop,zero,No
SESS413,USER49,2024-01-27 17:39:55,signup,Google,Tablet,-0.22627925980481933,N
SESS414,USER122,01/13/2024 17:48:07,http:/page,Google,Tablet,94.71552755133818,N
SESS415,USER103,2024-01-03 11:10:40,home,Google,Mobile,254.31764595982702,Yes
SESS416,USER74,01/05/2024 08:31:55,http:/page,Referral,Mobile,51.3016700157526,N
SESS417,USER15,2024-01-18 16:27:28,pricing,Referral,Desktop,149.51488191086392,
SESS418,USER49,01/28/2024 05:48:26,home,Social,Desktop,245.59596896962915,No
SESS419,USER8,01/24/2024 10:08:54,pricing,Social,Tablet,190.3202490689753,Y
SESS420,,2024-01-22 20:21:44,signup,Direct,Mobile,128.18654243559732,Y
SESS421,USER80,01/08/2024 00:10:11,signup,Google,Tablet,237.00458025139858,Y
SESS422,USER46,2024-01-17 01:23:14,blog,Referral,Mobile,203.54649941816757,Y
SESS423,USER45,01/18/2024 13:55:54,blog,Email,Mobile,77.02100871661071,No
SESS424,USER90,2024-01-29 18:36:59,http:/page,Email,Tablet,ten,N
SESS425,USER112,01/09/2024 02:09:19,blog,Google,Mobile,51.782293764180224,Yes
SESS426,USER100,2024-01-21 03:00:25,signup,Google,Tablet,266.2285594758155,No
SESS427,USER155,01/01/2024 19:01:50,http:/page,Referral,Tablet,137.46232323558425,Y
SESS428,USER126,2024-01-02 13:58:45,signup,,Mobile,207.16176491314866,Yes
SESS429,USER88,01/08/2024 02:59:32,blog,Direct,Tablet,22.97134173935099,Yes
SESS430,USER82,01/23/2024 05:10:22,pricing,Referral,Desktop,94.05370632200795,No
SESS431,USER139,2024-01-20 06:09:07,blog,Direct,Desktop,136.50703246605974,No
SESS432,USER121,2024-01-14 16:21:51,pricing,Referral,Mobile,52.652681405389515,Y
SESS433,,01/23/2024 19:32:04,blog,Google,Tablet,56.88567498896025,Y
SESS434,USER24,01/23/2024 16:26:42,pricing,Direct,Mobile,15.107772952549347,Y
SESS435,USER93,01/02/2024 06:36:12,pricing,Social,Tablet,48.9773728718199,N
SESS436,USER75,01/17/2024 13:52:52,home,Referral,Tablet,7.619934285338918,Y
SESS437,USER152,01/10/2024 15:09:27,pricing,Social,Mobile,138.1122161037354,Yes
SESS438,,2024-01-22 17:33:02,blog,,Desktop,103.69896931186335,N
SESS439,USER185,01/02/2024 22:08:39,home,Google,Tablet,140.0325801288924,No
SESS440,USER27,01/15/2024 12:06:41,http:/page,Social,Tablet,157.9299794629139,Yes
SESS441,USER170,01/25/2024 22:37:56,home,Email,Mobile,245.74856357832027,N
SESS442,USER44,01/09/2024 20:05:13,signup,Referral,Desktop,2.999243387605585,No
SESS443,USER55,2024-01-02 17:51:06,home,Referral,Desktop,95.4069653298944,N
SESS444,USER198,2024-01-17 11:31:36,signup,Email,Tablet,82.51743545546273,
SESS445,USER11,01/29/2024 01:34:49,signup,Google,Tablet,97.36279896264944,No
SESS446,USER93,01/03/2024 14:09:51,blog,Social,Desktop,4.496656761279974,N
SESS447,USER161,2024-01-02 18:49:41,pricing,Social,Desktop,250.03636204036178,Y
SESS448,USER179,2024-01-02 05:44:53,home,,Mobile,125.74171643232572,Y
SESS449,USER29,2024-01-25 07:29:23,blog,Direct,Tablet,252.6366360735355,No
SESS450,USER171,2024-01-11 14:58:48,blog,Google,Mobile,196.11371544676214,Yes
SESS451,USER146,01/12/2024 16:02:02,home,Email,Desktop,18.356615531787824,Yes
SESS452,USER166,2024-01-13 08:04:17,blog,Referral,Desktop,263.18150125648674,No
SESS453,USER156,01/10/2024 13:58:14,pricing,Referral,Mobile,95.2810440542044,Y
SESS454,USER151,01/02/2024 08:34:34,blog,Direct,Tablet,69.5373101438101,N
SESS455,USER187,2024-01-26 10:28:28,home,Google,Tablet,51.59470382615297,No
SESS456,USER16,01/02/2024 09:22:58,pricing,,Mobile,0.45809791426866653,N
SESS457,USER141,01/25/2024 02:42:37,pricing,Referral,Mobile,113.93413564909659,No
SESS458,USER20,01/19/2024 12:09:13,pricing,Referral,Mobile,160.45690178559937,N
SESS459,USER87,2024-01-17 14:46:13,pricing,Email,Tablet,299.5789058473193,No
SESS460,USER56,01/08/2024 00:58:29,signup,,Tablet,10.24761291162767,Y
SESS461,USER161,2024-01-25 10:17:47,signup,Google,Tablet,159.62940134436352,Y
SESS462,USER187,2024-01-10 09:03:07,signup,Google,Mobile,273.3617279799799,No
SESS463,USER46,01/09/2024 18:20:54,pricing,Email,Tablet,74.29924447945743,No
SESS464,USER2,01/04/2024 19:15:29,blog,Email,Tablet,51.194638081841504,Yes
SESS465,USER114,2024-01-18 20:59:21,blog,Referral,Tablet,76.39098726550945,Yes
SESS466,USER120,01/23/2024 09:58:14,blog,Referral,Desktop,203.6371299793701,Y
SESS467,USER184,01/02/2024 18:06:02,http:/page,Email,Tablet,27.687530372261428,Yes
SESS468,USER173,01/25/2024 17:04:31,pricing,Social,Tablet,ten,N
SESS469,USER9,01/30/2024 17:18:09,home,Email,Mobile,41.99476757577133,N
SESS470,USER72,01/26/2024 06:07:52,http:/page,Social,Mobile,-0.3565078375382065,Yes
SESS471,USER29,2024-01-08 10:58:17,signup,Email,Tablet,210.94365884233585,Yes
SESS472,USER149,2024-01-16 02:47:50,pricing,Social,Mobile,112.70945608920094,N
SESS473,USER118,2024-01-04 14:10:03,home,Direct,Desktop,121.22851112673942,Y
SESS474,,01/23/2024 22:20:12,blog,Email,Desktop,243.6140076542073,Y
SESS475,USER119,2024-01-29 17:43:09,blog,Direct,Mobile,126.20054214046408,Yes
SESS476,USER76,01/07/2024 00:21:01,blog,Social,Mobile,232.3433475456493,
SESS477,USER79,2024-01-01 16:40:36,pricing,Referral,Mobile,174.9096930758945,Yes
SESS478,USER89,01/08/2024 01:07:51,home,Referral,Tablet,175.2625914056305,Y
SESS479,USER118,2024-01-20 11:21:22,blog,,Desktop,25.69061735047685,Yes
SESS480,USER199,2024-01-15 13:36:47,home,Email,Mobile,65.8424924241341,N
SESS481,USER55,2024-01-06 12:17:25,blog,Google,Mobile,142.1829913155058,N
SESS482,USER1,2024-01-27 13:17:03,pricing,Google,Mobile,166.49735731756056,Y
SESS483,USER116,2024-01-23 07:10:44,http:/page,Referral,Mobile,131.76130241357302,
SESS484,USER45,01/12/2024 19:47:25,pricing,Referral,Mobile,252.13381999408597,Y
SESS485,USER72,2024-01-18 16:46:28,blog,Social,Tablet,16.852719065635082,Y
SESS486,USER143,2024-01-13 00:07:38,home,Social,Tablet,51.44503851934417,N
SESS487,USER15,01/04/2024 08:22:21,blog,Direct,Desktop,149.89391748467773,Y
SESS488,USER110,2024-01-04 20:58:10,http:/page,Direct,Desktop,209.26269222578853,Y
SESS489,USER64,2024-01-21 23:20:01,http:/page,Email,Desktop,250.4951162577069,No
SESS490,USER10,01/28/2024 05:57:06,http:/page,Google,Tablet,292.57788573440286,No
SESS491,USER11,2024-01-18 15:10:19,signup,Social,Tablet,168.3723465581001,Yes
SESS492,USER137,2024-01-30 23:38:14,signup,Referral,Mobile,ten,No
SESS493,USER96,01/13/2024 08:09:15,signup,Social,Desktop,118.59022431362857,N
SESS494,USER195,2024-01-21 21:31:25,pricing,,Mobile,198.39948583692845,N
SESS495,USER119,2024-01-14 08:50:51,signup,Social,Tablet,-2.0865893483809224,N
SESS496,USER135,2024-01-05 11:15:44,signup,,Tablet,212.26089645024632,N
SESS497,,2024-01-08 18:25:11,signup,,Desktop,106.52144959796196,N
SESS498,USER53,2024-01-25 19:11:34,blog,Direct,Tablet,55.31967527854569,Y
SESS499,USER134,01/25/2024 16:47:01,pricing,Referral,Mobile,73.40916654739067,Yes
SESS500,USER112,01/26/2024 00:56:09,blog,Referral,Tablet,53.33322657706584,Yes
SESS501,USER167,01/13/2024 12:30:29,pricing,,Desktop,18.949975293954264,Y
SESS502,USER56,2024-01-26 17:20:43,pricing,Email,Mobile,220.94378676531656,
SESS503,USER60,01/07/2024 10:46:55,blog,Google,Mobile,30.67874591247177,N
SESS504,USER48,01/01/2024 13:19:15,home,Social,Tablet,281.4756782431249,No
SESS505,USER168,01/30/2024 03:26:35,http:/page,Direct,Desktop,78.20597523793413,No
SESS506,USER162,2024-01-22 06:29:47,pricing,Direct,Mobile,68.18024957394806,N
SESS507,USER12,01/18/2024 00:14:11,http:/page,Social,Mobile,133.58024168971235,Y
SESS508,USER142,2024-01-01 23:44:35,pricing,Social,Desktop,101.64158672849986,Y
SESS509,USER199,01/24/2024 15:43:35,home,Direct,Tablet,192.05364123865954,Yes
SESS510,USER43,01/09/2024 12:14:35,blog,Social,Mobile,115.65623435844482,Yes
SESS511,USER54,2024-01-15 21:14:06,signup,Social,Mobile,263.38048256634437,N
SESS512,USER37,2024-01-06 20:35:17,blog,,Tablet,47.07806435591594,N
SESS513,,2024-01-09 04:00:47,http:/page,Direct,Mobile,129.3875336861269,N
SESS514,USER162,2024-01-01 23:13:06,blog,Referral,Tablet,170.93232954647712,N
SESS515,USER175,2024-01-14 19:02:49,home,Google,Mobile,206.9897572107598,No
SESS516,USER18,01/12/2024 18:09:45,pricing,Social,Tablet,109.0653669590915,Y
SESS517,USER194,01/26/2024 21:39:24,http:/page,Direct,Mobile,144.79799178370075,N
SESS518,USER114,01/17/2024 01:02:42,http:/page,Google,Mobile,7.432061864452091,N
SESS519,USER88,01/30/2024 15:54:00,signup,Email,Desktop,93.45049798556681,Yes
SESS520,USER179,2024-01-10 01:06:31,pricing,Direct,Desktop,134.64949614839736,No
SESS521,USER53,2024-01-04 17:04:32,pricing,Email,Desktop,135.02421110069383,Yes
SESS522,USER198,01/27/2024 12:16:24,blog,,Mobile,52.50644806818613,Y
SESS523,USER68,01/13/2024 19:56:55,http:/page,Google,Mobile,294.76669680031694,Y
SESS524,USER47,01/03/2024 00:03:16,blog,Direct,Desktop,40.63239725846904,N
SESS525,,2024-01-23 12:59:04,signup,Referral,Desktop,ten,No
SESS526,USER171,01/17/2024 07:04:55,pricing,Direct,Mobile,298.0353916778011,Y
SESS527,USER25,2024-01-27 23:19:17,pricing,Google,Tablet,185.89953842211168,No
SESS528,USER35,01/25/2024 02:24:55,blog,Referral,Tablet,75.14858404037817,No
SESS529,USER97,01/08/2024 22:04:36,home,Referral,Desktop,259.17543497648376,Y
SESS530,USER50,01/14/2024 04:00:25,blog,Google,Desktop,149.67372292555143,Y
SESS531,,2024-01-13 04:17:35,signup,Referral,Tablet,285.8098485430667,No
SESS532,USER95,2024-01-12 08:47:08,signup,Direct,Desktop,67.77469635252744,Y
SESS533,USER149,01/08/2024 23:45:28,pricing,Social,Mobile,146.10549599488556,Yes
SESS534,USER129,2024-01-18 16:44:42,signup,Direct,Mobile,ten,No
SESS535,USER43,2024-01-21 06:13:10,signup,,Mobile,2.340383941386186,No
SESS536,USER127,2024-01-28 22:48:00,blog,Social,Tablet,100.28631492218439,Yes
SESS537,USER196,01/30/2024 14:19:00,http:/page,Social,Mobile,97.43891547926695,No
SESS538,USER189,2024-01-15 01:24:22,signup,,Desktop,194.2454142606979,N
SESS539,USER50,2024-01-27 08:57:52,pricing,,Tablet,106.33283752509166,N
SESS540,USER175,01/17/2024 16:28:56,signup,Referral,Mobile,69.69277552905557,Y
SESS541,USER156,01/17/2024 13:30:50,home,Social,Mobile,276.767883021615,N
SESS542,USER165,01/29/2024 22:50:42,blog,Direct,Mobile,254.45942590167869,No
SESS543,USER28,01/30/2024 11:34:06,pricing,Email,Tablet,65.6171331606366,Yes
SESS544,USER136,2024-13-01 10:00:00,signup,Email,Tablet,67.53553387465236,No
SESS545,USER40,01/14/2024 01:11:43,pricing,Social,Mobile,39.3043600414661,No
SESS546,USER29,01/08/2024 02:32:55,pricing,Social,Desktop,158.43045777699183,Y
SESS547,USER109,2024-01-29 07:08:42,home,Google,Tablet,41.78288868768827,Yes
SESS548,USER45,01/10/2024 04:03:06,pricing,Google,Desktop,ten,
SESS549,USER161,01/18/2024 22:30:47,blog,Email,Mobile,221.5508650825586,Y
SESS550,USER88,2024-01-04 18:57:46,blog,Referral,Desktop,290.27666017686903,Yes
SESS551,USER96,2024-01-08 08:22:57,home,Social,Desktop,264.0931097015511,Y
SESS552,USER156,2024-01-09 23:00:30,pricing,Direct,Desktop,18.51114389674319,Y
SESS553,USER200,2024-01-08 18:38:43,http:/page,Social,Tablet,101.13891463995476,Yes
SESS554,USER153,2024-01-14 12:57:27,blog,Email,Mobile,114.25274566182864,N
SESS555,USER44,2024-13-01 10:00:00,signup,Google,Tablet,135.75138392778132,Yes
SESS556,USER73,01/06/2024 01:18:27,blog,Referral,Tablet,11.779741476381162,Y
SESS557,USER72,2024-01-20 19:07:06,signup,Email,Tablet,126.36972520627643,Y
SESS558,USER170,01/30/2024 08:13:46,signup,Referral,Mobile,43.20200635162551,No
SESS559,USER57,2024-01-09 17:20:12,http:/page,Email,Desktop,100.44555569328442,N
SESS560,USER200,01/09/2024 09:01:00,signup,Referral,Mobile,269.77395068925944,Y
SESS561,USER174,2024-01-21 03:37:36,http:/page,Email,Mobile,273.21710894128995,Y
SESS562,USER3,01/25/2024 02:09:18,home,Referral,Desktop,179.16680311525516,Y
SESS563,USER160,01/15/2024 18:48:52,signup,Direct,Tablet,206.52925749777643,No
SESS564,USER159,01/11/2024 06:04:01,signup,Direct,Mobile,64.91384088892248,Yes
SESS565,USER169,2024-01-25 00:34:57,blog,Email,Mobile,124.38238217642501,N
SESS566,USER157,2024-01-26 15:11:27,pricing,Email,Tablet,90.72318444625935,Yes
SESS567,,01/20/2024 20:08:01,pricing,Social,Mobile,91.32290139189801,Y
SESS568,USER89,01/21/2024 11:08:03,blog,Google,Mobile,219.90896230906387,N
SESS569,USER158,2024-01-28 05:29:16,pricing,Referral,Mobile,237.90096063060446,No
SESS570,USER163,2024-01-23 16:20:28,home,Social,Mobile,zero,Yes
SESS571,USER65,01/02/2024 17:27:56,pricing,Email,Desktop,264.54658464373483,No
SESS572,USER106,01/06/2024 17:39:17,blog,,Desktop,59.37493727482129,Y
SESS573,USER151,2024-01-18 15:46:22,blog,Email,Mobile,22.115747561053183,Yes
SESS574,USER123,2024-01-21 12:48:06,pricing,Direct,Desktop,57.404534814294536,No
SESS575,USER197,01/02/2024 16:27:59,pricing,,Tablet,137.5589513805615,No
SESS576,USER73,2024-01-20 22:31:49,signup,Google,Desktop,63.70592172633066,Yes
SESS577,,01/05/2024 02:19:34,blog,,Mobile,241.70487964326432,
SESS578,USER157,01/19/2024 13:28:45,blog,Google,Desktop,57.703195468964566,Y
SESS579,USER173,2024-13-01 10:00:00,pricing,,Desktop,238.27082658401494,
SESS580,USER140,01/03/2024 10:51:48,signup,,Mobile,223.19121204580267,Yes
SESS581,USER121,01/20/2024 01:18:37,signup,Direct,Mobile,211.98417430130317,No
SESS582,USER71,2024-01-23 09:17:54,home,Social,Mobile,203.83047615084342,N
SESS583,USER175,01/12/2024 04:55:53,pricing,Email,Desktop,62.46004914576177,Yes
SESS584,USER26,2024-01-03 09:33:15,signup,Direct,Mobile,193.04434160571375,Y
SESS585,USER80,01/27/2024 22:39:16,signup,Referral,Desktop,176.22889411604805,N
SESS586,USER192,01/15/2024 03:39:45,blog,Google,Mobile,196.57780644992573,No
SESS587,USER109,01/06/2024 09:22:41,blog,,Tablet,177.90663779074535,N
SESS588,USER48,01/28/2024 16:32:34,pricing,Referral,Mobile,97.45315110303602,Y
SESS589,USER173,2024-13-01 10:00:00,home,Social,Desktop,264.3667646597625,Y
SESS590,USER43,01/06/2024 02:43:02,http:/page,Direct,Mobile,78.44686605659699,Yes
SESS591,USER37,01/29/2024 17:07:56,blog,Referral,Tablet,97.27260258001616,Yes
SESS592,USER69,2024-01-30 19:17:17,pricing,,Tablet,244.60504212628817,N
SESS593,USER164,01/25/2024 08:01:09,pricing,Social,Mobile,296.7187607005061,Y
SESS594,USER187,01/22/2024 16:44:53,pricing,Direct,Mobile,235.3531550477942,Yes
SESS595,USER72,2024-01-25 13:23:29,home,Referral,Desktop,137.63978637481833,Y
SESS596,USER121,01/16/2024 02:51:46,home,Direct,Mobile,201.05584858412766,Y
SESS597,USER23,01/01/2024 01:31:16,signup,Email,Mobile,298.3988266349021,Y
SESS598,USER76,01/11/2024 16:25:47,signup,Google,Desktop,ten,
SESS599,USER29,2024-01-08 21:27:27,pricing,,Desktop,50.852851860404876,No
SESS600,USER188,2024-01-02 15:27:04,blog,Email,Desktop,234.96082737955143,Y
SESS601,USER17,2024-01-02 18:12:22,home,Direct,Tablet,99.41611102106121,N
SESS602,USER46,2024-01-15 11:15:59,blog,Google,Tablet,6.238195967796919,
SESS603,USER140,2024-01-04 02:27:39,blog,Email,Tablet,104.2077831654778,No
SESS604,USER146,01/24/2024 10:33:14,blog,,Mobile,32.98168566855131,Yes
SESS605,USER44,2024-01-27 08:10:57,http:/page,Google,Tablet,27.389122676373326,Yes
SESS606,,2024-01-22 19:30:59,blog,Google,Mobile,190.2092671626747,
SESS607,USER7,2024-01-08 17:13:31,signup,Direct,Mobile,216.71801803526878,Yes
SESS608,USER70,01/14/2024 20:50:47,signup,Email,Tablet,21.38897280592412,Y
SESS609,USER71,01/17/2024 04:03:26,home,Referral,Tablet,255.51340969983926,No
SESS610,USER24,01/21/2024 19:10:21,blog,Direct,Desktop,ten,Yes
SESS611,USER170,2024-01-26 20:59:43,pricing,Direct,Desktop,173.36161551431258,N
SESS612,USER75,2024-01-12 10:02:16,signup,,Mobile,130.90622064046255,N
SESS613,,01/24/2024 04:07:26,signup,Referral,Desktop,104.42554277727984,No
SESS614,USER187,01/06/2024 20:48:08,home,,Desktop,214.3996871024315,Y
SESS615,USER186,01/24/2024 09:09:17,signup,Referral,Desktop,198.62043050262096,N
SESS616,USER122,2024-01-23 16:39:19,pricing,Referral,Desktop,253.26163579989145,Yes
SESS617,USER95,01/10/2024 09:39:29,home,Social,Tablet,52.863956215773605,
SESS618,USER5,2024-01-27 12:25:41,home,Google,Tablet,57.06633522159727,N
SESS619,USER24,01/30/2024 21:50:42,blog,Referral,Mobile,229.80387911119777,Y
SESS620,USER145,2024-01-24 07:38:46,home,,Desktop,30.270370105884,
SESS621,USER126,2024-13-01 10:00:00,blog,,Desktop,147.2321295166347,N
SESS622,,2024-01-07 18:52:38,pricing,Google,Desktop,56.99146053842291,Y
SESS623,USER135,01/26/2024 20:29:15,pricing,Google,Desktop,167.3056465209506,Y
SESS624,USER113,01/10/2024 10:54:26,signup,Google,Desktop,90.68710125789407,No
SESS625,USER144,2024-01-08 16:53:02,pricing,Referral,Tablet,260.18164735166295,N
SESS626,USER77,01/09/2024 12:10:48,home,Social,Mobile,239.14842797921844,No
SESS627,USER16,2024-01-15 08:01:56,signup,Google,Desktop,226.75998421271962,Y
SESS628,USER125,01/10/2024 08:03:00,pricing,Google,Mobile,177.50743628951162,Y
SESS629,USER32,2024-01-30 16:41:04,pricing,Direct,Mobile,196.37273891522503,Y
SESS630,USER65,2024-01-06 21:41:25,pricing,Referral,Desktop,71.6959618369186,No
SESS631,USER110,2024-01-19 14:51:45,home,Referral,Mobile,249.2946393021562,Y
SESS632,USER78,2024-01-26 16:21:49,pricing,Social,Tablet,132.9624660344012,Y
SESS633,USER176,2024-01-11 03:23:12,home,Social,Mobile,272.5543805684565,No
SESS634,USER96,2024-01-23 22:50:42,blog,Referral,Tablet,62.71901310717318,
SESS635,USER71,2024-01-10 00:51:23,blog,Referral,Desktop,43.2018805683876,Y
SESS636,USER14,01/20/2024 15:23:18,http:/page,Google,Mobile,204.67917190752846,Y
SESS637,USER139,01/07/2024 18:21:12,signup,Email,Tablet,220.27457107875537,Y
SESS638,USER60,01/24/2024 02:19:09,pricing,Email,Desktop,14.35310236534563,
SESS639,USER60,2024-01-22 08:27:56,pricing,Referral,Tablet,-1.3769238800177384,Yes
SESS640,USER20,01/28/2024 21:21:14,signup,Social,Desktop,233.13226467607683,No
SESS641,USER109,2024-01-30 07:40:49,blog,Referral,Mobile,215.15417952081842,No
SESS642,USER159,2024-01-29 22:13:36,signup,Google,Tablet,112.79735106415649,Y
SESS643,USER99,2024-01-19 15:46:08,blog,Direct,Tablet,259.2568520149223,N
SESS644,USER183,01/12/2024 14:10:18,blog,Referral,Mobile,218.2594404346303,
SESS645,USER25,2024-01-20 06:00:56,http:/page,Referral,Desktop,169.42703225398373,N
SESS646,USER190,2024-01-03 14:00:52,http:/page,Referral,Tablet,99.43196398319328,Y
SESS647,USER171,2024-01-05 00:00:30,home,Direct,Desktop,221.8537646421768,Y
SESS648,,2024-01-18 13:59:40,http:/page,Google,Mobile,16.00704651924626,Yes
SESS649,USER175,2024-01-06 04:53:16,blog,Referral,Tablet,108.72267302461805,Y
SESS650,USER42,01/11/2024 14:30:45,http:/page,Email,Desktop,56.19579128502883,Y
SESS651,USER88,2024-13-01 10:00:00,blog,,Mobile,183.56795026532592,N
SESS652,USER3,2024-01-30 06:41:10,home,Email,Tablet,170.68119948798923,Y
SESS653,USER108,2024-01-01 16:40:32,home,Email,Desktop,99.44418375485029,No
SESS654,USER114,2024-01-26 04:02:17,pricing,Social,Desktop,138.9672356257932,N
SESS655,USER3,2024-01-05 01:50:47,home,Email,Desktop,221.38902551615817,N
SESS656,USER5,01/14/2024 07:58:06,pricing,Google,Mobile,129.2579855779829,No
SESS657,USER83,01/22/2024 22:39:40,signup,,Tablet,250.70827164689274,Yes
SESS658,USER157,01/23/2024 20:43:26,blog,Direct,Tablet,118.27366194611093,No
SESS659,USER7,2024-01-20 13:40:34,blog,Referral,Desktop,216.47657783934903,Y
SESS660,,2024-01-27 05:47:25,home,Referral,Mobile,288.26251169781085,N
SESS661,USER120,2024-13-01 10:00:00,home,Referral,Desktop,112.18386316860985,No
SESS662,USER193,2024-01-03 18:36:26,http:/page,Referral,Tablet,82.82163625495227,N
SESS663,USER27,2024-13-01 10:00:00,home,,Tablet,248.0276964788696,N
SESS664,USER92,01/19/2024 23:16:44,http:/page,Email,Desktop,165.6233407728359,Y
SESS665,USER181,2024-01-26 20:33:06,signup,Email,Desktop,73.27025460149721,
SESS666,USER71,2024-01-17 11:36:25,pricing,Social,Mobile,203.18216010498622,N
SESS667,USER91,01/04/2024 01:08:02,pricing,,Mobile,49.36135017102688,Y
SESS668,,01/10/2024 09:08:17,pricing,Referral,Tablet,294.87554691460576,Yes
SESS669,USER163,01/13/2024 10:33:28,http:/page,Email,Desktop,22.467292973712816,Yes
SESS670,USER34,01/26/2024 12:25:07,home,Email,Desktop,ten,Y
SESS671,USER94,01/09/2024 08:01:03,signup,Social,Desktop,146.99434454780902,No
SESS672,USER191,2024-01-27 12:53:32,pricing,,Tablet,113.32451811764844,No
SESS673,USER45,2024-01-15 04:06:38,pricing,Social,Mobile,219.16422158423157,No
SESS674,USER157,01/05/2024 06:21:39,blog,Referral,Mobile,184.28190158785026,N
SESS675,,01/20/2024 21:10:36,home,Google,Desktop,125.06141747225527,No
SESS676,USER152,2024-01-13 12:54:43,home,,Tablet,148.78665276396632,N
SESS677,USER197,2024-01-05 06:00:33,pricing,Email,Tablet,26.291966271346766,Yes
SESS678,USER166,01/14/2024 20:55:07,blog,Direct,Desktop,160.36405782430722,N
SESS679,USER72,2024-01-14 12:09:23,signup,Direct,Mobile,89.31382707456576,No
SESS680,USER27,2024-01-09 05:34:47,pricing,Social,Tablet,160.47382954576597,N
SESS681,USER73,2024-01-13 00:41:38,blog,Referral,Tablet,243.5812727638089,Y
SESS682,USER165,2024-01-13 14:06:34,home,Google,Mobile,268.70610262799306,No
SESS683,USER72,01/29/2024 06:55:27,home,Referral,Desktop,-7.763519469619867,Y
SESS684,USER61,2024-01-05 15:52:20,blog,Google,Desktop,170.06782208923264,
SESS685,USER181,2024-01-29 00:22:35,blog,Social,Mobile,150.4268312302834,No
SESS686,USER63,2024-01-25 04:16:14,pricing,Social,Tablet,144.16819516635363,Y
SESS687,USER174,2024-01-04 10:35:57,home,Referral,Mobile,-3.6417261497076545,Y
SESS688,USER193,01/25/2024 11:42:30,home,Direct,Tablet,296.18257950022155,No
SESS689,USER18,2024-01-30 08:07:25,home,Social,Mobile,154.24813436508862,N
SESS690,USER142,2024-01-28 09:51:40,signup,Email,Tablet,12.475099918726158,N
SESS691,USER43,01/09/2024 00:12:11,blog,Referral,Desktop,261.52963762457694,Yes
SESS692,USER72,2024-01-13 06:28:24,blog,Social,Tablet,zero,Y
SESS693,USER109,01/06/2024 23:58:05,signup,Referral,Mobile,40.126254735131816,Yes
SESS694,USER182,2024-01-16 19:06:05,blog,,Desktop,217.96161380203895,Yes
SESS695,USER149,2024-01-03 18:28:04,blog,Direct,Tablet,232.58640926968621,No
SESS696,USER68,2024-01-06 23:19:48,home,Email,Desktop,219.54189085351126,Y
SESS697,USER113,01/09/2024 18:13:42,blog,,Mobile,274.68566814144947,N
SESS698,USER92,01/28/2024 19:30:59,signup,Social,Mobile,38.10830984877232,No
SESS699,USER136,01/19/2024 07:11:54,home,Direct,Mobile,35.68364041721294,N
SESS700,USER167,2024-01-03 17:19:43,blog,Google,Desktop,135.36449519950858,Y
SESS701,USER159,2024-01-23 14:14:55,http:/page,Email,Desktop,61.44718866548578,Y
SESS702,USER142,2024-01-09 05:59:57,home,Email,Tablet,256.8128998423053,Yes
SESS703,USER126,01/09/2024 22:43:42,signup,Social,Desktop,56.96239158477174,
SESS704,USER105,2024-01-06 18:37:00,signup,Google,Tablet,10.009770886320396,N
SESS705,USER163,2024-01-08 19:40:19,pricing,Social,Mobile,209.28489580854583,No
SESS706,USER92,01/09/2024 22:05:03,blog,Google,Mobile,292.084015191635,No
SESS707,USER79,2024-01-07 23:16:03,pricing,,Desktop,219.37697694542413,Yes
SESS708,USER166,01/23/2024 09:39:52,home,Social,Desktop,225.4178427106336,N
SESS709,USER121,01/27/2024 17:53:10,pricing,Social,Tablet,56.69854486520096,Yes
SESS710,USER78,01/26/2024 12:56:54,home,Email,Mobile,172.35293662258258,No
SESS711,USER129,01/28/2024 15:24:30,pricing,,Desktop,ten,Y
SESS712,USER181,2024-01-06 16:59:35,signup,Referral,Mobile,ten,N
SESS713,USER100,01/09/2024 02:52:45,home,Email,Desktop,-0.8214707787219311,No
SESS714,USER83,01/15/2024 11:28:40,signup,,Desktop,128.45900184060477,Y
SESS715,USER107,2024-01-07 10:08:43,pricing,Social,Mobile,78.77759883635417,No
SESS716,USER168,01/02/2024 04:45:34,blog,Email,Tablet,97.48291804211257,
SESS717,USER168,2024-01-04 22:09:03,signup,Referral,Tablet,54.01926453452448,
SESS718,USER136,2024-01-04 10:55:42,blog,Email,Tablet,289.7002229491426,Y
SESS719,USER3,01/20/2024 15:39:07,pricing,Email,Tablet,296.7758604469165,Y
SESS720,USER167,01/10/2024 18:10:33,pricing,Direct,Tablet,22.619751781804275,Yes
SESS721,USER141,2024-01-14 15:26:37,signup,Referral,Desktop,289.88630583440306,No
SESS722,USER173,01/28/2024 12:44:30,pricing,Referral,Desktop,146.46390374341948,No
SESS723,USER79,2024-01-21 07:31:38,blog,,Desktop,185.0960964601037,N
SESS724,USER78,01/06/2024 12:16:42,pricing,Direct,Mobile,11.146398824758002,N
SESS725,,01/17/2024 19:40:36,blog,,Desktop,151.2747183069244,N
SESS726,USER58,2024-01-14 02:40:16,signup,Google,Mobile,51.10181592683981,No
SESS727,USER96,2024-01-07 18:08:22,home,Direct,Mobile,3.8344144781096894,No
SESS728,USER60,2024-01-21 17:46:40,http:/page,Direct,Mobile,257.27391594096366,N
SESS729,USER88,2024-01-13 06:37:57,pricing,Referral,Desktop,85.74800768240763,Yes
SESS730,USER131,01/02/2024 20:41:14,pricing,Google,Desktop,122.78070578842826,
SESS731,USER161,01/23/2024 23:52:48,signup,Email,Tablet,-2.7057935341293398,Yes
SESS732,USER42,2024-01-11 04:06:46,pricing,Google,Desktop,138.06295260085878,Yes
SESS733,USER78,2024-01-24 22:19:26,home,Email,Desktop,87.86845385499417,No
SESS734,USER92,2024-01-27 05:43:27,signup,Referral,Mobile,221.4092847073447,No
SESS735,USER59,2024-01-13 20:20:00,signup,Google,Tablet,170.61029803975435,No
SESS736,USER87,01/23/2024 05:50:50,pricing,Email,Tablet,200.0205532648532,Yes
SESS737,USER65,01/24/2024 23:10:09,home,Direct,Desktop,68.09377045087203,Y
SESS738,USER199,01/17/2024 04:13:24,blog,Google,Tablet,0.7388533566118678,No
SESS739,USER150,01/08/2024 07:44:06,signup,Direct,Desktop,48.396788362090106,Yes
SESS740,USER5,2024-01-01 22:28:19,signup,Google,Tablet,273.0119097616936,No
SESS741,USER53,2024-01-17 00:30:21,blog,Direct,Mobile,238.93523950347046,Yes
SESS742,USER172,01/01/2024 14:43:45,signup,Email,Mobile,238.1837874902146,Y
SESS743,USER13,01/03/2024 19:40:27,pricing,Email,Tablet,231.54945168849184,N
SESS744,USER99,01/23/2024 15:48:19,home,Referral,Desktop,166.9356280355558,No
SESS745,USER183,01/17/2024 18:13:51,home,Email,Tablet,192.7275850145988,No
SESS746,USER84,2024-01-02 16:59:40,signup,,Tablet,177.3266883263643,Yes
SESS747,USER132,01/30/2024 22:13:35,blog,Referral,Tablet,283.38808516166523,Y
SESS748,USER18,2024-01-17 12:52:47,http:/page,Social,Tablet,258.2880714764179,N
SESS749,USER140,2024-01-03 00:59:49,http:/page,Referral,Tablet,151.41362735395748,No
SESS750,USER145,01/20/2024 11:30:12,pricing,Social,Mobile,55.64332204022102,No
SESS751,,2024-01-21 07:28:13,signup,,Mobile,226.2804711358755,N
SESS752,USER133,2024-01-19 15:22:22,blog,Direct,Tablet,59.02682687887996,No
SESS753,USER7,01/25/2024 22:28:26,home,Email,Mobile,90.29481382686006,Yes
SESS754,USER17,2024-01-23 22:27:41,home,Direct,Tablet,222.95167837969336,N
SESS755,USER44,01/10/2024 22:36:50,pricing,Referral,Desktop,111.57898262277901,N
SESS756,USER28,01/07/2024 21:06:15,blog,Social,Tablet,-0.21228913615489908,No
SESS757,USER176,2024-01-02 06:37:18,home,Referral,Mobile,154.37324305869237,
SESS758,USER164,01/07/2024 21:18:06,signup,Google,Mobile,265.28455951612773,No
SESS759,USER91,01/08/2024 14:09:04,signup,Email,Mobile,254.10292888609405,Yes
SESS760,USER156,01/06/2024 23:04:29,http:/page,Referral,Tablet,214.12681716002072,Yes
SESS761,USER15,2024-01-14 22:46:19,pricing,,Desktop,46.340096553329055,Yes
SESS762,USER155,2024-01-30 08:12:54,blog,Google,Desktop,285.53002035770544,No
SESS763,USER63,01/20/2024 22:10:53,blog,Direct,Tablet,170.15609624428427,Y
SESS764,USER163,01/12/2024 18:09:37,http:/page,Referral,Desktop,113.6715623672062,
SESS765,USER128,2024-01-02 00:42:08,home,Referral,Mobile,255.594981120532,Y
SESS766,USER35,01/05/2024 01:06:28,pricing,Referral,Tablet,235.24225016001404,
SESS767,USER128,2024-01-10 04:10:10,home,Referral,Mobile,281.13103321039296,Yes
SESS768,,01/20/2024 18:29:20,blog,Direct,Tablet,ten,N
SESS769,USER152,01/25/2024 21:12:46,pricing,Direct,Desktop,36.7044944087165,N
SESS770,USER104,01/04/2024 17:18:31,home,Email,Desktop,201.31797259040306,Y
SESS771,USER134,01/10/2024 00:31:16,pricing,Referral,Mobile,27.090591340370224,Y
SESS772,USER127,01/16/2024 16:27:33,http:/page,Email,Tablet,62.631615331960575,Y
SESS773,USER116,2024-01-20 20:37:44,home,Direct,Desktop,297.8283899094819,Yes
SESS774,USER81,01/05/2024 10:18:45,blog,,Tablet,104.40403095316577,N
SESS775,USER160,01/05/2024 09:57:38,signup,Email,Desktop,279.1816193299045,No
SESS776,USER163,2024-01-01 20:08:08,home,Social,Desktop,240.21968536706177,Yes
SESS777,USER96,2024-01-06 13:47:19,blog,Referral,Mobile,3.270645412336398,Y
SESS778,USER159,01/02/2024 12:32:16,blog,Social,Mobile,198.7293366607802,Y
SESS779,,2024-01-04 00:19:16,home,Email,Mobile,34.50010794031827,N
SESS780,USER49,2024-01-11 00:42:16,http:/page,Social,Desktop,178.34194817346975,Yes
SESS781,USER74,01/14/2024 16:29:13,signup,Social,Tablet,69.32317644333664,Yes
SESS782,USER58,01/09/2024 14:43:09,signup,Google,Mobile,7.6446292416144885,Y
SESS783,USER42,2024-01-16 10:50:14,home,Referral,Tablet,-5.644457985651057,No
SESS784,USER97,2024-01-03 02:27:09,pricing,Referral,Mobile,229.2277865908095,Y
SESS785,USER134,2024-01-08 07:33:27,signup,Direct,Mobile,32.219682862657024,Y
SESS786,USER13,2024-01-16 02:10:12,blog,Email,Desktop,11.549074994655754,N
SESS787,,01/11/2024 08:31:28,pricing,Email,Mobile,195.41079700680012,N
SESS788,USER72,01/14/2024 04:37:22,home,,Mobile,231.12785850918453,N
SESS789,USER192,2024-01-08 20:38:06,pricing,Google,Tablet,102.02371196192499,Y
SESS790,USER58,2024-01-29 10:31:50,pricing,Referral,Mobile,94.04932810654579,Y
SESS791,USER191,2024-01-03 06:32:58,pricing,Google,Mobile,275.1217243177491,Yes
SESS792,USER137,01/12/2024 01:19:51,home,Google,Desktop,102.04717320031986,Y
SESS793,USER25,01/05/2024 21:08:00,home,Email,Tablet,296.117817867818,Yes
SESS794,USER118,2024-01-14 02:33:11,http:/page,Social,Desktop,90.15835878907981,No
SESS795,,2024-01-02 04:12:38,pricing,Referral,Tablet,59.90208523476085,No
SESS796,USER129,01/17/2024 23:23:19,signup,Email,Tablet,zero,Y
SESS797,USER154,2024-01-29 10:08:00,home,Social,Desktop,-2.5859097950292877,N
SESS798,USER161,01/29/2024 14:33:42,signup,Google,Mobile,177.5044402317735,No
SESS799,USER81,2024-01-08 16:04:28,signup,,Mobile,246.1804775908838,No
SESS800,,01/23/2024 02:19:12,signup,,Mobile,46.89632289802847,N
SESS801,USER153,2024-01-19 00:00:27,http:/page,Social,Desktop,256.51842239501985,Y
SESS802,USER191,01/02/2024 09:20:22,signup,Direct,Tablet,30.936913633458623,N
SESS803,USER196,2024-01-09 00:54:49,home,,Mobile,-6.608672580647746,Yes
SESS804,USER99,2024-01-06 03:02:02,pricing,Email,Desktop,152.83669376839026,Y
SESS805,USER93,01/14/2024 02:34:05,pricing,Direct,Mobile,17.783433248267013,N
SESS806,USER71,2024-01-19 12:31:03,home,Direct,Desktop,251.2671304970737,N
SESS807,USER181,2024-01-03 22:40:12,blog,Direct,Desktop,240.5401919163996,N
SESS808,USER133,01/23/2024 15:28:39,http:/page,,Mobile,167.31694753765876,N
SESS809,USER91,01/09/2024 00:28:22,blog,,Tablet,248.78129398478,No
SESS810,USER33,01/21/2024 21:03:26,blog,Direct,Tablet,186.54596077306036,
SESS811,USER183,01/29/2024 09:30:26,pricing,Email,Tablet,ten,N
SESS812,USER46,2024-01-27 19:38:43,blog,Social,Tablet,100.42613642306318,N
SESS813,USER15,2024-01-27 22:03:08,signup,Direct,Tablet,4.592933431368719,Yes
SESS814,USER36,2024-01-01 23:22:52,signup,,Mobile,142.2403836189615,
SESS815,USER67,01/09/2024 08:04:27,blog,Email,Tablet,227.9117120663451,No
SESS816,USER176,2024-01-29 16:20:07,http:/page,Email,Desktop,27.28356272374689,Y
SESS817,USER83,01/21/2024 00:12:37,signup,Google,Tablet,164.56462708069472,Y
SESS818,USER177,01/23/2024 14:09:20,pricing,Direct,Desktop,159.7109497684442,N
SESS819,USER175,2024-01-23 06:00:36,signup,Google,Desktop,279.69536850927955,N
SESS820,USER98,2024-01-28 07:41:33,blog,Social,Mobile,193.80830090493828,Y
SESS821,USER197,01/26/2024 06:55:19,signup,Social,Mobile,92.69012489897692,
SESS822,USER148,2024-01-04 20:19:22,signup,Social,Desktop,9.113140057706257,Yes
SESS823,USER196,2024-01-03 07:57:28,home,,Mobile,287.8356597510934,Yes
SESS824,USER150,01/13/2024 22:28:18,pricing,Google,Tablet,28.50056146971587,N
SESS825,USER147,2024-01-02 20:08:49,home,Referral,Tablet,143.15057065188446,No
SESS826,USER137,01/02/2024 02:22:07,signup,Referral,Tablet,112.77521400766078,
SESS827,USER11,2024-01-14 00:41:16,home,Email,Mobile,248.0784242709504,Y
SESS828,USER167,01/16/2024 18:08:11,signup,Referral,Mobile,292.65649397922795,N
SESS829,USER138,2024-01-30 20:07:59,http:/page,Direct,Desktop,37.28439321497589,Y
SESS830,USER91,01/13/2024 11:24:03,home,Social,Mobile,66.37218775757533,No
SESS831,USER182,2024-01-16 17:47:12,pricing,Direct,Desktop,61.729577707666664,Y
SESS832,USER45,01/05/2024 02:05:12,signup,Google,Desktop,zero,Y
SESS833,USER45,01/28/2024 17:14:15,pricing,Social,Mobile,50.96480452279079,Yes
SESS834,USER154,2024-01-18 09:48:50,pricing,Social,Mobile,149.8927110116429,Y
SESS835,USER119,2024-01-16 16:11:50,signup,Referral,Tablet,117.15832264028123,Y
SESS836,USER3,2024-01-14 00:13:20,home,Email,Desktop,-7.237681590174922,N
SESS837,USER143,2024-01-11 02:23:55,signup,Social,Mobile,110.62583505399702,N
SESS838,USER17,01/30/2024 23:53:48,home,Direct,Desktop,26.742389158406894,Y
SESS839,USER136,2024-01-21 14:58:08,signup,Referral,Tablet,179.79041655131098,Y
SESS840,USER19,2024-01-11 13:23:42,http:/page,Google,Tablet,zero,
SESS841,USER60,01/03/2024 13:54:21,home,Direct,Desktop,59.634740288084316,No
SESS842,USER168,01/18/2024 13:58:46,signup,Social,Mobile,263.7942013051699,Yes
SESS843,,01/15/2024 07:20:44,home,Email,Tablet,227.37429539328195,Yes
SESS844,,01/21/2024 03:49:23,signup,Direct,Tablet,140.2415312075984,No
SESS845,USER55,2024-01-07 22:54:45,http:/page,Direct,Desktop,231.08570321890895,N
SESS846,USER67,2024-01-09 21:46:03,home,Google,Mobile,10.33130920984788,Y
SESS847,USER104,2024-01-15 18:42:42,signup,Direct,Mobile,18.402641160578113,Yes
SESS848,USER168,2024-01-06 06:41:46,blog,,Mobile,197.63678281943314,Y
SESS849,USER147,01/05/2024 10:43:35,pricing,Google,Desktop,49.009321988099956,N
SESS850,USER45,01/25/2024 09:16:12,blog,Referral,Mobile,225.52615230720298,Y
SESS851,USER8,2024-01-11 01:35:23,home,Google,Mobile,290.2713697144586,N
SESS852,,2024-01-18 01:34:14,signup,Google,Tablet,250.38626891852044,No
SESS853,USER172,2024-01-12 09:18:55,blog,Email,Tablet,63.14723655174299,
SESS854,USER200,01/30/2024 19:57:12,home,Google,Desktop,168.89653614665804,
SESS855,USER51,01/17/2024 03:25:43,pricing,Referral,Mobile,23.01999072578279,No
SESS856,USER178,01/17/2024 11:44:43,blog,Email,Mobile,270.3055971810425,Y
SESS857,USER99,2024-13-01 10:00:00,pricing,Referral,Tablet,132.35283818508432,N
SESS858,USER43,01/11/2024 20:29:05,blog,Direct,Mobile,158.39858625126294,Yes
SESS859,USER109,2024-01-13 11:23:32,home,Social,Tablet,154.79946653919717,Yes
SESS860,USER172,2024-01-07 01:36:29,pricing,Google,Tablet,24.64216205413615,Yes
SESS861,USER12,01/09/2024 08:49:33,pricing,Google,Desktop,256.00363018526224,Y
SESS862,USER187,2024-01-12 04:15:39,signup,Email,Tablet,121.28589161854433,No
SESS863,USER112,01/12/2024 19:55:03,home,Social,Mobile,91.17491770085299,Yes
SESS864,USER136,2024-01-04 00:25:33,home,,Mobile,41.260746018436876,Y
SESS865,,01/29/2024 07:06:48,pricing,Email,Mobile,107.47218941480521,Y
SESS866,USER75,01/21/2024 04:46:00,home,Referral,Tablet,232.93133591584547,Yes
SESS867,USER114,2024-01-22 06:08:30,pricing,Google,Desktop,286.0791602063068,Yes
SESS868,USER179,2024-01-04 09:16:32,signup,Social,Tablet,134.4262295146068,Y
SESS869,USER185,01/29/2024 01:15:30,pricing,Referral,Desktop,287.3573731053526,No
SESS870,,2024-01-08 13:26:12,pricing,Direct,Desktop,9.28321058584995,Yes
SESS871,USER102,2024-01-15 07:04:28,signup,Referral,Mobile,57.52814434541433,N
SESS872,USER86,2024-13-01 10:00:00,signup,Google,Mobile,zero,No
SESS873,USER10,01/05/2024 22:02:35,pricing,Referral,Desktop,259.2466817593467,Y
SESS874,USER40,2024-01-10 06:35:31,signup,Direct,Desktop,292.3494454417669,Yes
SESS875,USER90,2024-01-11 17:16:05,home,Google,Tablet,ten,N
SESS876,USER67,2024-01-29 03:19:23,signup,Referral,Mobile,12.3152294359267,Y
SESS877,USER199,2024-01-04 01:32:23,home,Google,Desktop,76.860051532775,Y
SESS878,USER3,01/29/2024 06:45:03,home,Google,Desktop,141.13928183125873,N
SESS879,USER172,01/11/2024 10:55:37,home,Email,Tablet,246.1935912011079,N
SESS880,USER73,01/21/2024 10:35:45,pricing,Direct,Tablet,229.86321684153614,Yes
SESS881,USER82,01/21/2024 17:50:51,home,Email,Desktop,139.61854733118037,Yes
SESS882,USER45,2024-01-02 00:27:55,signup,Google,Tablet,64.68660773071126,Y
SESS883,USER157,2024-01-22 13:39:29,blog,Google,Mobile,266.3899872470191,
SESS884,USER131,2024-01-29 10:40:31,pricing,Google,Tablet,175.6810861724022,No
SESS885,USER153,2024-01-03 22:01:31,pricing,,Desktop,261.1797655401839,Y
SESS886,USER76,2024-01-05 15:15:44,pricing,Social,Desktop,31.072914524944956,No
SESS887,USER197,01/23/2024 21:09:16,pricing,Email,Tablet,253.6893378832837,N
SESS888,USER5,01/27/2024 07:11:40,http:/page,Social,Tablet,209.54439193541927,N
SESS889,USER88,2024-01-07 05:05:09,home,Referral,Tablet,5.212660666535617,Y
SESS890,USER67,2024-01-16 10:58:42,http:/page,Social,Tablet,210.51421450384203,Yes
SESS891,USER186,2024-01-03 05:08:07,blog,Referral,Tablet,158.83234815410324,N
SESS892,USER78,01/13/2024 18:03:03,signup,Direct,Tablet,250.47058305861884,Yes
SESS893,USER141,2024-01-01 11:13:51,pricing,Google,Tablet,233.28525792301645,No
SESS894,USER96,2024-01-04 03:31:49,blog,,Tablet,231.1323328317245,
SESS895,USER115,01/05/2024 01:57:21,signup,Email,Desktop,228.423718298813,Yes
SESS896,USER18,01/16/2024 01:36:36,home,Google,Desktop,235.96555305434745,Y
SESS897,USER71,2024-01-07 01:35:14,pricing,Referral,Tablet,275.0760096916188,N
SESS898,USER178,2024-01-23 19:37:38,blog,Direct,Tablet,66.44064725034893,N
SESS899,USER6,2024-01-15 21:22:44,http:/page,Referral,Tablet,173.25230725659807,No
SESS900,USER179,01/21/2024 16:53:50,pricing,,Desktop,66.0556140566543,Yes
SESS901,USER39,01/04/2024 17:59:08,home,Email,Tablet,153.49553678418624,Y
SESS902,USER5,01/30/2024 15:40:04,blog,Social,Tablet,79.29357608106672,Yes
SESS903,USER114,01/12/2024 23:23:21,blog,,Mobile,102.69086604942378,Y
SESS904,USER159,01/15/2024 00:05:10,http:/page,Social,Tablet,53.90339181659604,N
SESS905,,2024-01-20 19:53:44,pricing,,Desktop,220.41054403496605,Y
SESS906,USER187,2024-01-27 09:01:38,signup,Direct,Desktop,115.25115596689143,No
SESS907,USER185,01/17/2024 00:19:24,blog,Google,Tablet,6.486777760056992,No
SESS908,,2024-13-01 10:00:00,signup,Referral,Desktop,ten,Yes
SESS909,USER89,2024-01-13 20:20:13,pricing,Referral,Desktop,70.15030982766699,Y
SESS910,USER15,2024-01-02 00:30:14,pricing,Social,Mobile,118.60429447478501,Y
SESS911,USER171,01/08/2024 23:20:29,home,Google,Tablet,201.32735508068788,Y
SESS912,USER167,2024-01-20 05:02:07,http:/page,,Mobile,81.70826327917668,No
SESS913,USER105,01/11/2024 00:48:15,pricing,Social,Desktop,3.041500571073305,No
SESS914,USER178,2024-01-18 07:07:20,blog,Email,Desktop,53.592125319838075,Yes
SESS915,USER144,2024-01-22 00:35:17,signup,Google,Desktop,213.50308774633837,Yes
SESS916,USER136,2024-01-27 12:26:44,pricing,Referral,Mobile,177.5080514339734,N
SESS917,USER74,01/03/2024 03:49:20,pricing,Google,Tablet,257.6990095787899,Y
SESS918,USER169,01/20/2024 00:23:04,home,Direct,Tablet,211.9303267981808,Y
SESS919,USER86,01/27/2024 13:51:56,blog,Referral,Desktop,96.42854801454524,Yes
SESS920,USER137,01/12/2024 05:34:19,home,Google,Mobile,110.86393047405821,N
SESS921,USER29,01/22/2024 02:32:00,blog,Email,Mobile,172.9010142825732,N
SESS922,USER93,2024-01-15 00:32:34,signup,Email,Desktop,29.381703305701556,No
SESS923,USER51,01/22/2024 03:41:32,pricing,Google,Tablet,92.2677202840959,N
SESS924,USER200,2024-01-29 21:07:23,pricing,Direct,Tablet,273.1968367660674,Y
SESS925,USER141,2024-01-14 15:50:17,blog,Email,Desktop,134.2543601995784,N
SESS926,USER181,01/18/2024 09:52:24,signup,Email,Desktop,65.31982032767019,N
SESS927,USER51,01/27/2024 01:00:19,signup,Referral,Tablet,9.276615246763715,No
SESS928,USER200,2024-01-24 11:56:55,http:/page,Email,Tablet,34.25240186128604,No
SESS929,USER41,01/17/2024 12:16:53,home,Direct,Desktop,106.7415104234268,Yes
SESS930,USER60,01/29/2024 01:58:39,blog,Referral,Tablet,120.31665588716723,No
SESS931,USER31,2024-01-07 18:39:28,blog,Social,Mobile,135.74771668632252,
SESS932,USER155,2024-01-26 07:26:23,blog,Social,Mobile,97.72470117100883,Yes
SESS933,USER36,2024-01-08 21:43:41,blog,Direct,Desktop,160.06518020797293,Y
SESS934,USER63,2024-01-09 07:42:19,home,Email,Tablet,256.4533535139195,N
SESS935,USER9,2024-01-20 14:24:16,blog,,Desktop,3.420454469705547,N
SESS936,USER178,01/28/2024 05:14:34,http:/page,,Tablet,66.31853314934777,N
SESS937,USER126,2024-01-28 10:41:53,pricing,Google,Mobile,200.0891588913805,Y
SESS938,USER23,2024-01-27 22:55:23,home,Email,Mobile,158.95927847660892,Yes
SESS939,USER50,2024-01-17 07:09:29,home,Referral,Mobile,120.50679430005698,Y
SESS940,USER24,01/05/2024 07:22:00,home,Google,Desktop,48.220223475516185,N
SESS941,USER142,2024-01-23 20:50:53,signup,Email,Mobile,zero,Y
SESS942,USER78,01/21/2024 01:16:46,signup,Direct,Desktop,230.63999941601105,Y
SESS943,USER109,01/03/2024 13:32:30,signup,,Tablet,26.208566906469954,Yes
SESS944,USER74,2024-01-16 13:01:32,signup,Social,Tablet,291.76293670352624,N
SESS945,USER42,01/23/2024 06:40:15,signup,Referral,Desktop,80.85647668977037,N
SESS946,USER18,01/30/2024 05:56:34,blog,Direct,Desktop,261.4202043361932,
SESS947,USER120,2024-01-03 15:31:51,pricing,Social,Desktop,254.13656918355144,No
SESS948,USER143,2024-01-04 12:03:03,home,Social,Desktop,283.69145934963626,Yes
SESS949,USER90,2024-01-04 18:41:09,pricing,Google,Mobile,144.25978944394026,Y
SESS950,USER46,2024-01-23 05:46:48,home,Referral,Tablet,152.5191828824575,N
SESS951,USER88,01/12/2024 22:00:50,http:/page,Social,Desktop,53.006523639933036,No
SESS952,USER177,2024-01-17 01:23:38,pricing,Social,Mobile,260.27913602640865,No
SESS953,USER22,2024-01-26 20:16:26,pricing,Google,Desktop,112.65180061748684,No
SESS954,USER111,2024-01-05 09:30:12,pricing,Referral,Desktop,198.6112309848405,
SESS955,USER91,01/18/2024 03:39:13,pricing,,Mobile,297.8529550178105,N
SESS956,USER4,2024-01-14 04:25:47,home,,Tablet,238.88604440772892,Yes
SESS957,,2024-01-08 03:42:14,blog,Google,Mobile,143.4683866396882,N
SESS958,USER161,01/28/2024 20:05:59,http:/page,Email,Tablet,212.10694557157402,Yes
SESS959,USER195,01/18/2024 15:07:46,pricing,Direct,Tablet,150.13991375388304,
SESS960,USER183,01/12/2024 19:06:54,signup,Google,Mobile,152.4922042176825,No
SESS961,USER120,2024-01-13 03:27:47,home,Referral,Desktop,156.54192895124305,No
SESS962,USER97,01/30/2024 05:17:25,signup,Google,Mobile,71.86926571574712,No
SESS963,USER6,01/14/2024 16:54:43,blog,Email,Tablet,277.4549182705258,No
SESS964,USER72,01/15/2024 21:23:33,http:/page,Direct,Tablet,185.68873225606603,No
SESS965,USER64,01/10/2024 20:28:52,signup,,Mobile,257.92235540308155,Y
SESS966,USER60,01/09/2024 08:12:37,blog,Email,Mobile,197.93593756674673,Yes
SESS967,USER52,01/08/2024 05:59:20,blog,Email,Tablet,80.81110129668521,N
SESS968,USER37,2024-01-23 00:05:07,signup,,Tablet,20.56329767230902,N
SESS969,USER107,2024-01-29 01:31:19,home,Direct,Tablet,211.0196510444657,
SESS970,USER139,2024-01-09 15:48:56,signup,Email,Desktop,76.79137142171946,Y
SESS971,USER67,2024-01-22 21:28:42,home,Google,Mobile,14.666919401351567,Y
SESS972,USER80,2024-01-12 13:03:51,home,Referral,Tablet,82.68822343317183,Yes
SESS973,USER196,2024-01-24 10:13:59,blog,Google,Desktop,245.6676134103349,N
SESS974,USER2,01/02/2024 23:48:22,pricing,Social,Mobile,224.726427981311,Yes
SESS975,USER22,01/27/2024 06:16:12,pricing,Email,Desktop,228.26339250024424,Y
SESS976,USER184,2024-01-30 18:30:26,signup,Google,Tablet,17.99404946995307,
SESS977,,01/11/2024 03:59:14,blog,Email,Desktop,143.9588534172824,No
SESS978,USER17,01/26/2024 02:38:34,http:/page,Social,Mobile,175.1544955246299,
SESS979,USER31,01/21/2024 08:17:28,blog,Google,Mobile,66.10885796628884,No
SESS980,USER116,2024-01-11 09:16:28,pricing,Google,Desktop,148.8864136378026,
SESS981,USER122,2024-01-09 11:52:12,pricing,Direct,Tablet,67.27158066735606,Yes
SESS982,USER74,01/26/2024 07:27:20,signup,Referral,Tablet,ten,Yes
SESS983,USER50,01/14/2024 13:12:57,signup,Direct,Tablet,142.49566648615325,Y
SESS984,USER190,2024-01-04 15:48:03,signup,Direct,Desktop,24.368412658698894,No
SESS985,,2024-01-19 06:14:31,blog,Google,Desktop,220.8784546882356,No
SESS986,USER177,01/07/2024 21:44:06,http:/page,Referral,Mobile,70.48531721176745,
SESS987,USER88,01/18/2024 11:36:38,signup,Google,Mobile,291.0490009074698,Y
SESS988,USER119,2024-01-15 08:39:45,blog,Google,Desktop,124.52562806956064,Y
SESS989,USER172,2024-01-10 05:04:43,pricing,Social,Desktop,84.73306567913781,Y
SESS990,USER165,01/02/2024 14:06:17,signup,Google,Mobile,-2.0422106584470923,N
SESS991,USER126,2024-01-20 10:07:22,pricing,Email,Mobile,63.87997289917017,Yes
SESS992,USER16,2024-01-25 13:03:20,pricing,Email,Mobile,92.92285369635991,Y
SESS993,USER66,2024-01-09 07:48:04,home,Email,Desktop,111.46791183564903,No
SESS994,USER45,2024-01-06 12:59:21,blog,Social,Mobile,127.89561528009224,No
SESS995,USER5,2024-01-26 19:17:54,home,Direct,Mobile,209.5980010110826,N
SESS996,USER161,01/30/2024 02:58:20,http:/page,Email,Mobile,252.0707210881987,N
SESS997,USER175,01/24/2024 05:00:10,signup,Referral,Desktop,99.81432560150654,No
SESS998,USER10,01/21/2024 12:54:50,home,Referral,Desktop,49.497935727882926,
SESS999,USER65,01/23/2024 16:39:13,blog,Social,Mobile,-5.654795908536765,Y
SESS1000,USER13,01/19/2024 01:57:21,home,Google,Desktop,272.0618083426026,Yes
